{"Response":{"Module":{"ModuleCode":"MDVL0006","ModuleIdentifier":"00046DD473F711E89A86FAE8722E8321","ModuleTitle":"Medieval Manuscripts and Documents","ModuleContact":{"Faculty":{"FacultyCode":"SHS","FacultyName":"Faculty of Social and Historical Sciences"},"Department":{"DepartmentCode":"HISTR_SHS","DepartmentName":"History"}},"ModuleValue":"30","ModuleStudyHours":"300","ModuleLearningHours":"40","ModuleSearchKeywords":"PALAEOGRAPHY, DIPLOMATIC, TEXTUAL CRITICISM, MEDIEVAL HISTORY","Email":"history-pg-enquiries@ucl.ac.uk","ModuleSuperGroup":"Medieval Manuscripts and Documents","CEFRLevel":"","ModuleInstance":{"AcademicYearCode":"2019","AcademicYearDescription":"2019/20 academic  year","ModuleInstanceDescription":"<p>\n\tThis course is taught in the History Department, though palaeography courses elsewhere in the university will be available to students and the examination will be designed to give credit to students who have profited from them. The first aim of the course is to teach students how to read manuscript books and documents. It also provides introductory training in the description and dating of manuscript books, in textual criticism, and in the methods and concepts of &#39;diplomatic&#39;. Students capable of more advanced work in any of these areas will be given the opportunity to do it. They will be encouraged to use the collections of medieval manuscripts and documents in London, which has a concentration unrivalled in the English-speaking world. Students will normally have an opportunity to study directly and in detail a manuscript or manuscripts in the British Library. These manuscripts will be tailored to the personal research interests of individual students. The best pieces of work may be published in the <em>Electronic British Library Journal</em>. Technical training will be set in the context of the cultural history of writing in the medieval West.</p>\n","ModuleInstanceRestriction":"","ModuleInstanceSubjectCollection":{"ModuleInstanceSubject":"Medieval History"},"ModuleDeliveryCollection":{"ModuleDelivery":{"ModuleDeliveryIdentifier":"0013349A73F711E89A86FAE8722E8321","LevelOfStudy":"Postgraduate","ModuleDeliveryPeriod":{"PeriodCode":"T1/2","PeriodTitle":"Terms 1 and 2"},"AcademicLevel":{"AcademicLevelCode":"L7","AcademicLevelTitle":"FHEQ Level 7"},"ModuleDeliveryType":"","ModeOfStudy":"Face-to-face","ModuleDeliveryTutor":{"PersonIdentifier":"DLDAV52","Name":"David D'Avray","Email":""},"PreviousYearStudentCount":"12","NumberOfStudents":"12","ModuleDeliveryLocation":{"LocationIdentifier":"","LocationName":""},"ModuleDeliveryAssessment":{"AssessmentGroupCollection":{"@DefaultAssessmentGroup":"NULL","AssessmentGroup":[{"AssessmentGroupCode":"NULL","AssessmentGroupName":"","AssessmentComponentList":{"AssessmentComponent":[{"AssessmentComponentTitle":"Coursework two (1,800 words)","AssessmentComponentWeightPercentage":"35"},{"AssessmentComponentTitle":"Coursework three","AssessmentComponentWeightPercentage":"15"},{"AssessmentComponentTitle":"Coursework one (3,000 words)","AssessmentComponentWeightPercentage":"50"}]}},{"AssessmentGroupCode":"A","AssessmentGroupName":"","AssessmentComponentList":{"AssessmentComponent":[{"AssessmentComponentTitle":"Coursework three","AssessmentComponentWeightPercentage":"15"},{"AssessmentComponentTitle":"Coursework two (1,800 words)","AssessmentComponentWeightPercentage":"35"},{"AssessmentComponentTitle":"Coursework one (3,000 words)","AssessmentComponentWeightPercentage":"50"}]}}]}}}}}}}}