{"Response":{"Module":{"ModuleCode":"CCME0115","ModuleIdentifier":"005F94D273F411E89A86FAE8722E8321","ModuleTitle":"Research and Practice Based Enquiry (RPBE) Leading to a Dissertation","ModuleContact":{"Faculty":{"FacultyCode":"IOE","FacultyName":"Institute of Education"},"Department":{"DepartmentCode":"CULCM_IOE","DepartmentName":"Culture, Communication and Media"}},"ModuleValue":"60","ModuleStudyHours":"600","ModuleLearningHours":"28","ModuleSearchKeywords":"DEVELOPING PEDAGOGY, CPD, EDUCATION PRACTICE, MASTER OF TEACHING","Email":"mteach@ucl.ac.uk","ModuleSuperGroup":"","CEFRLevel":"","ModuleInstance":{"AcademicYearCode":"2019","AcademicYearDescription":"2019/20 academic  year","ModuleInstanceDescription":"<p>\n\tThe Research and Practice-Based Enquiry (RPBE) module begins with participants working together to construct an understanding of the relationship between research and their professional practice. This then moves on to a small-scale, practitioner-based classroom research and that explores in depth a question that arise out of their school or classroom experience. At the heart of this module is a focus on practice and the benefits of using research to explore, reflect on and improve practice. The writing up of the research report (9,000 words) or dissertation (18,000 words) requires the completion of a substantial piece of work which is of value in itself, but also develops key academic skills (evidence-based research, critical literacy and analysis) and can thus be a foundation for a range of further study in education or cognate social sciences. This is a mixed mode module consisting of online tasks and some face-to-face sessions.</p>\n<div>\n\t&nbsp;</div>\n","ModuleInstanceRestriction":"For MTeach students.","ModuleInstanceSubjectCollection":"","ModuleDeliveryCollection":{"ModuleDelivery":{"ModuleDeliveryIdentifier":"006D98C073F411E89A86FAE8722E8321","LevelOfStudy":"Postgraduate","ModuleDeliveryPeriod":{"PeriodCode":"T1/2/3","PeriodTitle":"Academic year (terms 1, 2, and 3)"},"AcademicLevel":{"AcademicLevelCode":"L7","AcademicLevelTitle":"FHEQ Level 7"},"ModuleDeliveryType":"","ModeOfStudy":"Face-to-face","ModuleDeliveryTutor":{"PersonIdentifier":"SWALT21","Name":"Sue Walters","Email":""},"PreviousYearStudentCount":"15","NumberOfStudents":"15","ModuleDeliveryLocation":{"LocationIdentifier":"","LocationName":""},"ModuleDeliveryAssessment":{"AssessmentGroupCollection":{"@DefaultAssessmentGroup":"NULL","AssessmentGroup":[{"AssessmentGroupCode":"NULL","AssessmentGroupName":"","AssessmentComponentList":{"AssessmentComponent":[{"AssessmentComponentTitle":"Coursework two (1,800 words)","AssessmentComponentWeightPercentage":"35"},{"AssessmentComponentTitle":"Coursework three","AssessmentComponentWeightPercentage":"15"},{"AssessmentComponentTitle":"Coursework one (3,000 words)","AssessmentComponentWeightPercentage":"50"}]}},{"AssessmentGroupCode":"A","AssessmentGroupName":"","AssessmentComponentList":{"AssessmentComponent":[{"AssessmentComponentTitle":"Coursework three","AssessmentComponentWeightPercentage":"15"},{"AssessmentComponentTitle":"Coursework two (1,800 words)","AssessmentComponentWeightPercentage":"35"},{"AssessmentComponentTitle":"Coursework one (3,000 words)","AssessmentComponentWeightPercentage":"50"}]}}]}}}}}}}}