{"Response":{"Module":{"ModuleCode":"CCME0122","ModuleIdentifier":"0151498073F411E89A86FAE8722E8321","ModuleTitle":"Creativity: from Theory to Practice in English, Media, Drama","ModuleContact":{"Faculty":{"FacultyCode":"IOE","FacultyName":"Institute of Education"},"Department":{"DepartmentCode":"CULCM_IOE","DepartmentName":"Culture, Communication and Media"}},"ModuleValue":"30","ModuleStudyHours":"300","ModuleLearningHours":"31.5","ModuleSearchKeywords":"CREATIVITY, MEDIA, DRAMA, FILM-MAKING, CREATIVE WRITING","Email":"t.bryer@ucl.ac.uk","ModuleSuperGroup":"","CEFRLevel":"","ModuleInstance":{"AcademicYearCode":"2019","AcademicYearDescription":"2019/20 academic  year","ModuleInstanceDescription":"<p>\n\tTaking an interdisciplinary approach, this innovative module offers a broad-based exploration of creativity in learning/arts-based practice from a national and international perspective. Students will be invited to reflect upon their own conceptions of creativity and creative practice, interrogating specific historical, cultural and ideological factors which have shaped different approaches. In addition to conventional seminar discussions, sessions will include practical workshops, including the opportunity to specialise in one of the following areas of study: film-making; game authoring; drama; creative writing. With an emphasis on playful inquiry, the module aims to help students develop a critical awareness of theories about creative practice, particularly across a range of media platforms, and consider associated pedagogies. For educators it offers ways to think about the creative practice of their students, but also to reflect upon their own creative work in arts-based practice. In the way this module integrates current research interests of the tutor team with interactive and inclusive pedagogical principals, it closely reflects the aims of UCL&rsquo;s Connected Curriculum.</p>\n<p>\n\tAssessment: one summative assessment (consisting of either an oral presentation or a creative product, plus critical/reflective commentary).</p>\n","ModuleInstanceRestriction":"","ModuleInstanceSubjectCollection":{"ModuleInstanceSubject":"Creative Writing"},"ModuleDeliveryCollection":{"ModuleDelivery":{"ModuleDeliveryIdentifier":"015F47C473F411E89A86FAE8722E8321","LevelOfStudy":"Postgraduate","ModuleDeliveryPeriod":{"PeriodCode":"T2","PeriodTitle":"Term 2"},"AcademicLevel":{"AcademicLevelCode":"L7","AcademicLevelTitle":"FHEQ Level 7"},"ModuleDeliveryType":"","ModeOfStudy":"Face-to-face","ModuleDeliveryTutor":{"PersonIdentifier":"JECOL08","Name":"Jane Elizabeth Coles","Email":""},"PreviousYearStudentCount":"40","NumberOfStudents":"40","ModuleDeliveryLocation":{"LocationIdentifier":"","LocationName":""},"ModuleDeliveryAssessment":{"AssessmentGroupCollection":{"@DefaultAssessmentGroup":"NULL","AssessmentGroup":[{"AssessmentGroupCode":"NULL","AssessmentGroupName":"","AssessmentComponentList":{"AssessmentComponent":[{"AssessmentComponentTitle":"Coursework two (1,800 words)","AssessmentComponentWeightPercentage":"35"},{"AssessmentComponentTitle":"Coursework three","AssessmentComponentWeightPercentage":"15"},{"AssessmentComponentTitle":"Coursework one (3,000 words)","AssessmentComponentWeightPercentage":"50"}]}},{"AssessmentGroupCode":"A","AssessmentGroupName":"","AssessmentComponentList":{"AssessmentComponent":[{"AssessmentComponentTitle":"Coursework three","AssessmentComponentWeightPercentage":"15"},{"AssessmentComponentTitle":"Coursework two (1,800 words)","AssessmentComponentWeightPercentage":"35"},{"AssessmentComponentTitle":"Coursework one (3,000 words)","AssessmentComponentWeightPercentage":"50"}]}}]}}}}}}}}