{"Response":{"Module":{"ModuleCode":"CCME0123","ModuleIdentifier":"017307A073F411E89A86FAE8722E8321","ModuleTitle":"Artificial Intelligence and Data Analytics in Education","ModuleContact":{"Faculty":{"FacultyCode":"IOE","FacultyName":"Institute of Education"},"Department":{"DepartmentCode":"CULCM_IOE","DepartmentName":"Culture, Communication and Media"}},"ModuleValue":"30","ModuleStudyHours":"300","ModuleLearningHours":"30","ModuleSearchKeywords":"EDUCATIONAL TECHNOLOGY, ROBOTS, ARTIFICIAL INTELLIGENCE, AI, DATA ANALYTICS","Email":"ioe.ma.edtech@ucl.ac.uk","ModuleSuperGroup":"","CEFRLevel":"","ModuleInstance":{"AcademicYearCode":"2019","AcademicYearDescription":"2019/20 academic  year","ModuleInstanceDescription":"<pre ccp_infra_timestamp=\"1550760434628\" ccp_infra_user_hash=\"1695321609\" ccp_infra_version=\"2\" data-ccp-timestamp=\"1550760434628\">\n</pre>\n<p>\n\t&lt;span style=&quot;color: rgb(0, 0, 0); font-family: Calibri, &quot; segoe=&quot;&quot; ui&quot;,=&quot;&quot; calibri,=&quot;&quot; thonburi,=&quot;&quot; arial,=&quot;&quot; verdana,=&quot;&quot; sans-serif,=&quot;&quot; &quot;mongolian=&quot;&quot; baiti&quot;,=&quot;&quot; &quot;microsoft=&quot;&quot; yi=&quot;&quot; &quot;javanese=&quot;&quot; text&quot;;=&quot;&quot; font-size:=&quot;&quot; 14.6667px;=&quot;&quot; white-space:=&quot;&quot; pre-wrap;&quot;=&quot;&quot;&gt;The application of Artificial Intelligence (AI) in Education is of critical importance to the way that both fields of Education and AI evolve in the future as well as to influencing the direction the present debates in an informed way. This module will provide a wide range of students, including teachers, educators and current or potential start-up employees or aspiring entrepreneurs with an opportunity to reflect on their position to key debated topics related to Artificial Intelligence in Education and Data Analytics, and an introduction to fundamental concepts therein, along with an opportunity for practical application of those concepts to specific educational problems. &nbsp;This module may be of interest also to students studying topics in media and education as it will tackle myths, ethical questions and future perspectives related to Artificial Intelligence in general and in Education in particular.</p>\n","ModuleInstanceRestriction":"Any student wishing to take this module from outside of the programme (MA Education and Technology) must apply to do so by submitting a short statement about why they want to join and how their background relates to the subject.","ModuleInstanceSubjectCollection":{"ModuleInstanceSubject":"Artificial Intelligence"},"ModuleDeliveryCollection":{"ModuleDelivery":[{"ModuleDeliveryIdentifier":"0181207473F411E89A86FAE8722E8321","LevelOfStudy":"Postgraduate","ModuleDeliveryPeriod":{"PeriodCode":"T2","PeriodTitle":"Term 2"},"AcademicLevel":{"AcademicLevelCode":"L7","AcademicLevelTitle":"FHEQ Level 7"},"ModuleDeliveryType":"","ModeOfStudy":"Face-to-face","ModuleDeliveryTutor":{"PersonIdentifier":"KPORA73","Name":"Kaska Katarzyna Porayska-Pomsta","Email":""},"PreviousYearStudentCount":"40","NumberOfStudents":"40","ModuleDeliveryLocation":{"LocationIdentifier":"","LocationName":""},"ModuleDeliveryAssessment":{"AssessmentGroupCollection":{"@DefaultAssessmentGroup":"NULL","AssessmentGroup":[{"AssessmentGroupCode":"NULL","AssessmentGroupName":"","AssessmentComponentList":{"AssessmentComponent":[{"AssessmentComponentTitle":"Coursework two (1,800 words)","AssessmentComponentWeightPercentage":"35"},{"AssessmentComponentTitle":"Coursework three","AssessmentComponentWeightPercentage":"15"},{"AssessmentComponentTitle":"Coursework one (3,000 words)","AssessmentComponentWeightPercentage":"50"}]}},{"AssessmentGroupCode":"A","AssessmentGroupName":"","AssessmentComponentList":{"AssessmentComponent":[{"AssessmentComponentTitle":"Coursework three","AssessmentComponentWeightPercentage":"15"},{"AssessmentComponentTitle":"Coursework two (1,800 words)","AssessmentComponentWeightPercentage":"35"},{"AssessmentComponentTitle":"Coursework one (3,000 words)","AssessmentComponentWeightPercentage":"50"}]}}]}}},{"ModuleDeliveryIdentifier":"630E894E0C8E46F3A2F113153252983D","LevelOfStudy":"Postgraduate","ModuleDeliveryPeriod":{"PeriodCode":"T3","PeriodTitle":"Term 3"},"AcademicLevel":{"AcademicLevelCode":"L7","AcademicLevelTitle":"FHEQ Level 7"},"ModuleDeliveryType":"","ModeOfStudy":"Face-to-face","ModuleDeliveryTutor":{"PersonIdentifier":"KPORA73","Name":"Kaska Katarzyna Porayska-Pomsta","Email":""},"PreviousYearStudentCount":"40","NumberOfStudents":"40","ModuleDeliveryLocation":{"LocationIdentifier":"","LocationName":""},"ModuleDeliveryAssessment":{"AssessmentGroupCollection":{"@DefaultAssessmentGroup":"NULL","AssessmentGroup":[{"AssessmentGroupCode":"NULL","AssessmentGroupName":"","AssessmentComponentList":{"AssessmentComponent":[{"AssessmentComponentTitle":"Coursework two (1,800 words)","AssessmentComponentWeightPercentage":"35"},{"AssessmentComponentTitle":"Coursework three","AssessmentComponentWeightPercentage":"15"},{"AssessmentComponentTitle":"Coursework one (3,000 words)","AssessmentComponentWeightPercentage":"50"}]}},{"AssessmentGroupCode":"A","AssessmentGroupName":"","AssessmentComponentList":{"AssessmentComponent":[{"AssessmentComponentTitle":"Coursework three","AssessmentComponentWeightPercentage":"15"},{"AssessmentComponentTitle":"Coursework two (1,800 words)","AssessmentComponentWeightPercentage":"35"},{"AssessmentComponentTitle":"Coursework one (3,000 words)","AssessmentComponentWeightPercentage":"50"}]}}]}}}]}}}}}