{"Response":{"Module":{"ModuleCode":"EDPS0210","ModuleIdentifier":"01847DCC73F511E89A86FAE8722E8321","ModuleTitle":"Foundations of Professionalism in Education","ModuleContact":{"Faculty":{"FacultyCode":"IOE","FacultyName":"Institute of Education"},"Department":{"DepartmentCode":"EDPAS_IOE","DepartmentName":"Education, Practice and Society"}},"ModuleValue":"30","ModuleStudyHours":"300","ModuleLearningHours":"36","ModuleSearchKeywords":"","Email":"e.mcmorrow@ucl.ac.uk","ModuleSuperGroup":"","CEFRLevel":"","ModuleInstance":{"AcademicYearCode":"2019","AcademicYearDescription":"2019/20 academic  year","ModuleInstanceDescription":"<p>\n\tThe course focuses on a range of key issues and debates in modern professional life. It is designed with two principal aims in mind. Firstly, the exploration the evolution and nature of the challenges and tensions faced in the early twenty-first century.&nbsp; Secondly, both the course activities &ndash; and the written assessment -&nbsp; provide a crucial element of your induction into the kinds of discursive, analytical and writing skills that are essential for EdD students.&nbsp; A further vital ingredient of your time on &#39;FoP&#39; is&nbsp; the opportunity offered by the course to participate in a professional learning community; sharing the insights and experiences of your peers, who come from a great diversity of backgrounds.&nbsp; This will add enormously to the richness of your experience at the UCL Institute of Education.</p>\n<p>\n\tThe course provides a context in which to interrogate theoretical perspectives and relevant literature on the nature and meaning of professionalism in educational settings.&nbsp; Areas explored include: the meaning of professionalism and the concept of a profession, the social and political contexts in which professionals work; the nature of professional learning and the future of professionalism in education.&nbsp; Throughout the course, and in the required assessed work, participants will be strongly encouraged to relate these to their own professional sphere and draw on our &lsquo;reader&rsquo;, &ldquo;Exploring Professionalism&rdquo;, (which we strongly recommend you purchase).</p>\n<p>\n\t<strong>Aims</strong></p>\n<ul>\n\t<li>\n\t\tto examine the origins, nature and changing dynamics of professionalism in modern societies and in education in particular;</li>\n\t<li>\n\t\tto explore various theoretical models of professionalism and their applicability to real professional settings;</li>\n\t<li>\n\t\tto encourage collective and creative thinking by group members about the meaning of professionalism and the character of professional life;</li>\n\t<li>\n\t\tto enable participants to reflect upon their conceptions of professionalism and upon ways of enhancing their own professional practice.</li>\n</ul>\n<p>\n\t<strong>Expected Outcomes</strong></p>\n<p>\n\tAt the end of the course, participants will be able to:</p>\n<ul>\n\t<li>\n\t\tsubject the concept of &lsquo;professionalism&rsquo; in education to critical scrutiny;</li>\n\t<li>\n\t\tdraw upon appropriate theoretical insights and epistemological positions to explore key aspects of professionalism;</li>\n\t<li>\n\t\tarticulate the senses in which they are themselves &lsquo;professional&rsquo;;</li>\n\t<li>\n\t\tincorporate advanced reflective qualities into their own professional work and academic writing.</li>\n</ul>\n<p>\n\t&nbsp;</p>\n<p>\n\t&nbsp;</p>\n","ModuleInstanceRestriction":"Only EdD students are allowed to take this module","ModuleInstanceSubjectCollection":"","ModuleDeliveryCollection":{"ModuleDelivery":{"ModuleDeliveryIdentifier":"0192748673F511E89A86FAE8722E8321","LevelOfStudy":"Postgraduate","ModuleDeliveryPeriod":{"PeriodCode":"T1","PeriodTitle":"Term 1"},"AcademicLevel":{"AcademicLevelCode":"L8","AcademicLevelTitle":"FHEQ Level 8"},"ModuleDeliveryType":"","ModeOfStudy":"Face-to-face","ModuleDeliveryTutor":{"PersonIdentifier":"AJINC51","Name":"Amanda Jane Ince","Email":""},"PreviousYearStudentCount":"40","NumberOfStudents":"40","ModuleDeliveryLocation":{"LocationIdentifier":"","LocationName":""},"ModuleDeliveryAssessment":{"AssessmentGroupCollection":{"@DefaultAssessmentGroup":"NULL","AssessmentGroup":[{"AssessmentGroupCode":"NULL","AssessmentGroupName":"","AssessmentComponentList":{"AssessmentComponent":[{"AssessmentComponentTitle":"Coursework two (1,800 words)","AssessmentComponentWeightPercentage":"35"},{"AssessmentComponentTitle":"Coursework three","AssessmentComponentWeightPercentage":"15"},{"AssessmentComponentTitle":"Coursework one (3,000 words)","AssessmentComponentWeightPercentage":"50"}]}},{"AssessmentGroupCode":"A","AssessmentGroupName":"","AssessmentComponentList":{"AssessmentComponent":[{"AssessmentComponentTitle":"Coursework three","AssessmentComponentWeightPercentage":"15"},{"AssessmentComponentTitle":"Coursework two (1,800 words)","AssessmentComponentWeightPercentage":"35"},{"AssessmentComponentTitle":"Coursework one (3,000 words)","AssessmentComponentWeightPercentage":"50"}]}}]}}}}}}}}