{"Response":{"Module":{"ModuleCode":"CCME0124","ModuleIdentifier":"0194E6C273F411E89A86FAE8722E8321","ModuleTitle":"Dissertation on Art and Design Education","ModuleContact":{"Faculty":{"FacultyCode":"IOE","FacultyName":"Institute of Education"},"Department":{"DepartmentCode":"CULCM_IOE","DepartmentName":"Culture, Communication and Media"}},"ModuleValue":"60","ModuleStudyHours":"600","ModuleLearningHours":"60","ModuleSearchKeywords":"A SUBSTANTIAL PIECE OF INDEPENDENT RESEARCH WITHIN THE FIELD OF ART AND DESIGN EDUCATION","Email":"","ModuleSuperGroup":"","CEFRLevel":"","ModuleInstance":{"AcademicYearCode":"2019","AcademicYearDescription":"2019/20 academic  year","ModuleInstanceDescription":"<p>\n\tThe Dissertation module spans two terms; spring and summer. It has been designed to,</p>\n<p>\n\t&bull; provide a supportive, academic framework within which you can develop a substantial piece of independent research within the field of art and design education</p>\n<p>\n\t&bull; encourage you to explore a key issue in depth and in such a way that the completed Dissertation of 20,000 words or 10,000 words plus a visual presentation/exhibition contributes to professional practice in the field of art and design education.</p>\n","ModuleInstanceRestriction":"This Dissertation module is restricted to students following the MA Art & Design in Education programme.","ModuleInstanceSubjectCollection":"","ModuleDeliveryCollection":{"ModuleDelivery":{"ModuleDeliveryIdentifier":"01B81ED073F411E89A86FAE8722E8321","LevelOfStudy":"Postgraduate","ModuleDeliveryPeriod":{"PeriodCode":"T2/3","PeriodTitle":"Terms 2 and 3"},"AcademicLevel":{"AcademicLevelCode":"L7","AcademicLevelTitle":"FHEQ Level 7"},"ModuleDeliveryType":"","ModeOfStudy":"Face-to-face","ModuleDeliveryTutor":{"PersonIdentifier":"CEROB72","Name":"Claire Elizabeth Robins","Email":""},"PreviousYearStudentCount":"25","NumberOfStudents":"25","ModuleDeliveryLocation":{"LocationIdentifier":"","LocationName":""},"ModuleDeliveryAssessment":{"AssessmentGroupCollection":{"@DefaultAssessmentGroup":"NULL","AssessmentGroup":[{"AssessmentGroupCode":"NULL","AssessmentGroupName":"","AssessmentComponentList":{"AssessmentComponent":[{"AssessmentComponentTitle":"Coursework two (1,800 words)","AssessmentComponentWeightPercentage":"35"},{"AssessmentComponentTitle":"Coursework three","AssessmentComponentWeightPercentage":"15"},{"AssessmentComponentTitle":"Coursework one (3,000 words)","AssessmentComponentWeightPercentage":"50"}]}},{"AssessmentGroupCode":"A","AssessmentGroupName":"","AssessmentComponentList":{"AssessmentComponent":[{"AssessmentComponentTitle":"Coursework three","AssessmentComponentWeightPercentage":"15"},{"AssessmentComponentTitle":"Coursework two (1,800 words)","AssessmentComponentWeightPercentage":"35"},{"AssessmentComponentTitle":"Coursework one (3,000 words)","AssessmentComponentWeightPercentage":"50"}]}}]}}}}}}}}