{"Response":{"Module":{"ModuleCode":"EDPS0211","ModuleIdentifier":"01A618E273F511E89A86FAE8722E8321","ModuleTitle":"Methods of Enquiry I","ModuleContact":{"Faculty":{"FacultyCode":"IOE","FacultyName":"Institute of Education"},"Department":{"DepartmentCode":"EDPAS_IOE","DepartmentName":"Education, Practice and Society"}},"ModuleValue":"30","ModuleStudyHours":"300","ModuleLearningHours":"36","ModuleSearchKeywords":"","Email":"e.mcmorrow@ucl.ac.uk","ModuleSuperGroup":"","CEFRLevel":"","ModuleInstance":{"AcademicYearCode":"2019","AcademicYearDescription":"2019/20 academic  year","ModuleInstanceDescription":"<p>\n\tThere are many contrasting ways of conceptualising research.&nbsp; In Methods of Enquiry 1 we start to explore what educational research could look like.&nbsp; To do this we will explore different methodological paradigms associated with a range of research designs and practices. We acknowledge the messiness of the research process and the complexity of transforming your initial ideas into a coherent research proposal. Our aim is to enable you to make an informed choice about research methodology rather than suggest any one as superior to another. We will consider the complicated inter-relationship between existing literature, conceptual frameworks, data collection and analysis through practical examples.&nbsp; We will also consider the ethical issues of educational research, highlighting the importance of your awareness of your own institutional positioning and the ways in which this might frame or limit your research practice.</p>\n<p>\n\t<strong>Aims</strong></p>\n<ul>\n\t<li>\n\t\tto consider philosophical and sociological conceptions of knowledge;</li>\n\t<li>\n\t\tto explore the politics and purposes of different types of research in relation to professional practice;</li>\n\t<li>\n\t\tto develop understanding of a range of methodological approaches to producing research data;</li>\n\t<li>\n\t\tto understand how different research methods relate to philosophical and sociological conceptions of knowledge; and</li>\n\t<li>\n\t\tto reflect on ethical, professional and political issues related to the production and dissemination of insider research.</li>\n</ul>\n<p>\n\t<strong>Expected Outcomes</strong></p>\n<p>\n\tAt the end of the course, participants will be able to:</p>\n<ul>\n\t<li>\n\t\tevaluate educational research in terms of research methods and methodologies</li>\n\t<li>\n\t\tmake informed choices between methods and methodologies relevant to educational research;</li>\n\t<li>\n\t\tformulate researchable problems related to an aspect of professional practice;</li>\n\t<li>\n\t\tdevelop and write a research proposal, providing justifications for methodological, political and ethical decisions within the research design.</li>\n</ul>\n<p>\n\t<strong>Key Research Skills</strong></p>\n<p>\n\tThe course will seek to develop participants&rsquo; abilities to:</p>\n<ul>\n\t<li>\n\t\tengage critically with a range of forms of research and academic and professional writing;</li>\n\t<li>\n\t\tdevelop clear and coherent arguments informed by the issues raised in the course;</li>\n\t<li>\n\t\tidentify research of relevance to their interests;</li>\n\t<li>\n\t\treflect analytically on their own professional experience in the light of relevant recent research;</li>\n\t<li>\n\t\twork effectively with others in the development of ideas and research strategies;</li>\n\t<li>\n\t\tidentify relevant audiences for their work and present and disseminate research effectively; and</li>\n\t<li>\n\t\tattend to political, ethical and legal issues in the design, conduct and dissemination of research.</li>\n</ul>\n<p>\n\t&nbsp;</p>\n<p>\n\t&nbsp;</p>\n","ModuleInstanceRestriction":"Only EdD students are allowed to take this module","ModuleInstanceSubjectCollection":"","ModuleDeliveryCollection":{"ModuleDelivery":{"ModuleDeliveryIdentifier":"01B4457A73F511E89A86FAE8722E8321","LevelOfStudy":"Postgraduate","ModuleDeliveryPeriod":{"PeriodCode":"T2","PeriodTitle":"Term 2"},"AcademicLevel":{"AcademicLevelCode":"L8","AcademicLevelTitle":"FHEQ Level 8"},"ModuleDeliveryType":"","ModeOfStudy":"Face-to-face","ModuleDeliveryTutor":{"PersonIdentifier":"HJSMI16","Name":"Holly Jane Smith","Email":""},"PreviousYearStudentCount":"40","NumberOfStudents":"40","ModuleDeliveryLocation":{"LocationIdentifier":"","LocationName":""},"ModuleDeliveryAssessment":{"AssessmentGroupCollection":{"@DefaultAssessmentGroup":"NULL","AssessmentGroup":[{"AssessmentGroupCode":"NULL","AssessmentGroupName":"","AssessmentComponentList":{"AssessmentComponent":[{"AssessmentComponentTitle":"Coursework two (1,800 words)","AssessmentComponentWeightPercentage":"35"},{"AssessmentComponentTitle":"Coursework three","AssessmentComponentWeightPercentage":"15"},{"AssessmentComponentTitle":"Coursework one (3,000 words)","AssessmentComponentWeightPercentage":"50"}]}},{"AssessmentGroupCode":"A","AssessmentGroupName":"","AssessmentComponentList":{"AssessmentComponent":[{"AssessmentComponentTitle":"Coursework three","AssessmentComponentWeightPercentage":"15"},{"AssessmentComponentTitle":"Coursework two (1,800 words)","AssessmentComponentWeightPercentage":"35"},{"AssessmentComponentTitle":"Coursework one (3,000 words)","AssessmentComponentWeightPercentage":"50"}]}}]}}}}}}}}