{"Response":{"Module":{"ModuleCode":"EDPS0212","ModuleIdentifier":"01C7E75673F511E89A86FAE8722E8321","ModuleTitle":"Thesis (45,000 Words)","ModuleContact":{"Faculty":{"FacultyCode":"IOE","FacultyName":"Institute of Education"},"Department":{"DepartmentCode":"EDPAS_IOE","DepartmentName":"Education, Practice and Society"}},"ModuleValue":"0","ModuleStudyHours":"0","ModuleLearningHours":"18","ModuleSearchKeywords":"","Email":"e.mcmorrow@ucl.ac.uk","ModuleSuperGroup":"","CEFRLevel":"","ModuleInstance":{"AcademicYearCode":"2019","AcademicYearDescription":"2019/20 academic  year","ModuleInstanceDescription":"<p>\n\tThe thesis workshops provide an opportunity for all students in the thesis stage of their EdD to explore key issues and concerns about the research process in a supportive peer community.&nbsp; The great majority of the topics listed&nbsp;will be looked at in connection with analysing specific sections of previous thesis candidates&rsquo; work<em>.&nbsp;</em>&nbsp;On occasion, contributions from recently successful candidates, talking about their own EdD journeys are presented.</p>\n<p>\n\t<em>Additionally</em>, the workshops will:</p>\n<ol>\n\t<li>\n\t\tProvide regular opportunities for participants to informally present their &lsquo;work in progress&rsquo;, and to benefit from constructive criticism by peers and a tutor who is a very experienced supervisor. This particular activity can be viewed as an important component in developing your confidence in talking about your research and, in the traditional phrasing &lsquo;defending your thesis&rsquo;; in other words, you will essentially be preparing for the challenge of your viva.</li>\n\t<li>\n\t\tOn demand, address issues around such important practical elements of the thesis stage as the contribution of the Independent Reader.</li>\n</ol>\n<p>\n\t&nbsp;</p>\n","ModuleInstanceRestriction":"Only EdD students who have passed their Institution Focused Study and their Review Before Thesis are allowed to take this module","ModuleInstanceSubjectCollection":"","ModuleDeliveryCollection":{"ModuleDelivery":{"ModuleDeliveryIdentifier":"01D6286673F511E89A86FAE8722E8321","LevelOfStudy":"Postgraduate","ModuleDeliveryPeriod":{"PeriodCode":"T2/3","PeriodTitle":"Terms 2 and 3"},"AcademicLevel":{"AcademicLevelCode":"L8","AcademicLevelTitle":"FHEQ Level 8"},"ModuleDeliveryType":"","ModeOfStudy":"Face-to-face","ModuleDeliveryTutor":{"PersonIdentifier":"BCUNN91","Name":"Bryan Cunningham","Email":""},"PreviousYearStudentCount":"40","NumberOfStudents":"40","ModuleDeliveryLocation":{"LocationIdentifier":"","LocationName":""},"ModuleDeliveryAssessment":{"AssessmentGroupCollection":{"@DefaultAssessmentGroup":"NULL","AssessmentGroup":[{"AssessmentGroupCode":"NULL","AssessmentGroupName":"","AssessmentComponentList":{"AssessmentComponent":[{"AssessmentComponentTitle":"Coursework two (1,800 words)","AssessmentComponentWeightPercentage":"35"},{"AssessmentComponentTitle":"Coursework three","AssessmentComponentWeightPercentage":"15"},{"AssessmentComponentTitle":"Coursework one (3,000 words)","AssessmentComponentWeightPercentage":"50"}]}},{"AssessmentGroupCode":"A","AssessmentGroupName":"","AssessmentComponentList":{"AssessmentComponent":[{"AssessmentComponentTitle":"Coursework three","AssessmentComponentWeightPercentage":"15"},{"AssessmentComponentTitle":"Coursework two (1,800 words)","AssessmentComponentWeightPercentage":"35"},{"AssessmentComponentTitle":"Coursework one (3,000 words)","AssessmentComponentWeightPercentage":"50"}]}}]}}}}}}}}