{"Response":{"Module":{"ModuleCode":"CCME0125","ModuleIdentifier":"01E7ECD273F411E89A86FAE8722E8321","ModuleTitle":"Research and Practice Based Enquiry (RPBE) Leading to a Report","ModuleContact":{"Faculty":{"FacultyCode":"IOE","FacultyName":"Institute of Education"},"Department":{"DepartmentCode":"CULCM_IOE","DepartmentName":"Culture, Communication and Media"}},"ModuleValue":"30","ModuleStudyHours":"300","ModuleLearningHours":"15","ModuleSearchKeywords":"PRACTICE, BASED, ENQUIRY, REPORT, MTEACH, RESEARCH, PGT","Email":"mteach@ucl.ac.uk","ModuleSuperGroup":"","CEFRLevel":"","ModuleInstance":{"AcademicYearCode":"2019","AcademicYearDescription":"2019/20 academic  year","ModuleInstanceDescription":"<p>\n\tThe Research and Practice-Based Enquiry (RPBE) module begins with an inductive approach to looking at research. Participants work together to construct an understanding of the relationship between research and their professional practice. This includes an exploration of what the relationship currently is, what it might be and how practitioner research might play a part in developing or influencing professional practice. (Key questions posed are &lsquo;What is the value of research in education?&rsquo; and &lsquo;What is good education research?&rsquo;). These questions and issues are considered in relation to specific contexts and practices and a research proposal for a practitioner enquiry, that will be undertaken in the spring and/or summer term, is developed. The module begins in the autumn term with an initial face-to-face discussion based on a starter task. The research-based learning is then extended by asking participants to engage with relevant issues and concepts through two online discussions, &lsquo;What is the value of research in education?&rsquo; and &lsquo;What does good educational research look like?&rsquo; The taught sessions at the beginning of the module consist partly of tutors presenting material to stimulate discussion, reflection and analysis, and partly of participants sharing their reflections on using and undertaking research in their own practice. After the start of your engagement with the module you will be allocated a supervisor who will agree the focus of your practice-based enquiry with you and provide support and guidance. Your practice-based enquiry will be a highly focused, small-scale research project. At the beginning of the second term of the module, you will present your emerging practice-based research ideas and research proposals to your peers and tutors in a face-to-face session and receive feedback to help you develop your proposal. Once undertaken your practice-based enquiry will be written up as a report or dissertation. The report is 9,000 words in length and has a credit value of 30 credits. The longer dissertation, the result of a larger project, is 18,000 words or 60 credits. The report will communicate to its readers the enquiry you have undertaken, the choices and decisions made regarding the design and the conducting of your enquiry, it will present the enquiry context, findings and conclusions and will include some reflection on the professional learning you have achieved through conducting your enquiry. The dissertation will have a more developed engagement with academic and research literature as well as a more extended discussion of findings and implications. If you choose to do a report you will have the opportunity to choose another specialised option from a wide range open to you and this is one of the reasons for choosing to do a report. We encourage participants to do a report unless they have a particular interest in engaging deeply with a range of academic and research literature in their topic area and in working with and reflecting on their data and findings in some depth. This is a mixed mode module consisting of online tasks and some face-to-face sessions.</p>\n<div>\n\t&nbsp;</div>\n","ModuleInstanceRestriction":"For MTeach students.","ModuleInstanceSubjectCollection":"","ModuleDeliveryCollection":{"ModuleDelivery":[{"ModuleDeliveryIdentifier":"C5D9EA10306D11E99D82FEC905C02198","LevelOfStudy":"Postgraduate","ModuleDeliveryPeriod":{"PeriodCode":"T1/2/3","PeriodTitle":"Academic year (terms 1, 2, and 3)"},"AcademicLevel":{"AcademicLevelCode":"L7","AcademicLevelTitle":"FHEQ Level 7"},"ModuleDeliveryType":"","ModeOfStudy":"Face-to-face","ModuleDeliveryTutor":{"PersonIdentifier":"SWALT21","Name":"Sue Walters","Email":""},"PreviousYearStudentCount":"","NumberOfStudents":"10","ModuleDeliveryLocation":{"LocationIdentifier":"","LocationName":""},"ModuleDeliveryAssessment":{"AssessmentGroupCollection":{"@DefaultAssessmentGroup":"NULL","AssessmentGroup":[{"AssessmentGroupCode":"NULL","AssessmentGroupName":"","AssessmentComponentList":{"AssessmentComponent":[{"AssessmentComponentTitle":"Coursework two (1,800 words)","AssessmentComponentWeightPercentage":"35"},{"AssessmentComponentTitle":"Coursework three","AssessmentComponentWeightPercentage":"15"},{"AssessmentComponentTitle":"Coursework one (3,000 words)","AssessmentComponentWeightPercentage":"50"}]}},{"AssessmentGroupCode":"A","AssessmentGroupName":"","AssessmentComponentList":{"AssessmentComponent":[{"AssessmentComponentTitle":"Coursework three","AssessmentComponentWeightPercentage":"15"},{"AssessmentComponentTitle":"Coursework two (1,800 words)","AssessmentComponentWeightPercentage":"35"},{"AssessmentComponentTitle":"Coursework one (3,000 words)","AssessmentComponentWeightPercentage":"50"}]}}]}}},{"ModuleDeliveryIdentifier":"01F5EC7E73F411E89A86FAE8722E8321","LevelOfStudy":"Postgraduate","ModuleDeliveryPeriod":{"PeriodCode":"T1/2","PeriodTitle":"Terms 1 and 2"},"AcademicLevel":{"AcademicLevelCode":"L7","AcademicLevelTitle":"FHEQ Level 7"},"ModuleDeliveryType":"","ModeOfStudy":"Face-to-face","ModuleDeliveryTutor":{"PersonIdentifier":"SWALT21","Name":"Sue Walters","Email":""},"PreviousYearStudentCount":"","NumberOfStudents":"","ModuleDeliveryLocation":{"LocationIdentifier":"","LocationName":""},"ModuleDeliveryAssessment":{"AssessmentGroupCollection":{"@DefaultAssessmentGroup":"NULL","AssessmentGroup":[{"AssessmentGroupCode":"NULL","AssessmentGroupName":"","AssessmentComponentList":{"AssessmentComponent":[{"AssessmentComponentTitle":"Coursework two (1,800 words)","AssessmentComponentWeightPercentage":"35"},{"AssessmentComponentTitle":"Coursework three","AssessmentComponentWeightPercentage":"15"},{"AssessmentComponentTitle":"Coursework one (3,000 words)","AssessmentComponentWeightPercentage":"50"}]}},{"AssessmentGroupCode":"A","AssessmentGroupName":"","AssessmentComponentList":{"AssessmentComponent":[{"AssessmentComponentTitle":"Coursework three","AssessmentComponentWeightPercentage":"15"},{"AssessmentComponentTitle":"Coursework two (1,800 words)","AssessmentComponentWeightPercentage":"35"},{"AssessmentComponentTitle":"Coursework one (3,000 words)","AssessmentComponentWeightPercentage":"50"}]}}]}}}]}}}}}