{"Response":{"Module":{"ModuleCode":"EDPS0213","ModuleIdentifier":"01E9A0C673F511E89A86FAE8722E8321","ModuleTitle":"Rights and Education","ModuleContact":{"Faculty":{"FacultyCode":"IOE","FacultyName":"Institute of Education"},"Department":{"DepartmentCode":"EDPAS_IOE","DepartmentName":"Education, Practice and Society"}},"ModuleValue":"30","ModuleStudyHours":"300","ModuleLearningHours":"","ModuleSearchKeywords":"MMASJE_02BH30BM1","Email":"","ModuleSuperGroup":"Rights and Education","CEFRLevel":"","ModuleInstance":{"AcademicYearCode":"2019","AcademicYearDescription":"2019/20 academic  year","ModuleInstanceDescription":"This module aims to introduce participants to a range of human rights issues in education.  The course begins by exploring the origins of international human rights, and developing a critical analytical understanding of theories and perspectives on contemporary human rights discourse and politics.  This is followed by a consideration of the right to education and approaches to equity in the context of globalisation.  The second part of the module focuses on a critical examination of educational policy contexts with regard to rights, equity and discrimination, focusing on class, gender, race, disability and sexuality.","ModuleInstanceRestriction":"","ModuleInstanceSubjectCollection":"","ModuleDeliveryCollection":{"ModuleDelivery":{"ModuleDeliveryIdentifier":"01F7E1D673F511E89A86FAE8722E8321","LevelOfStudy":"Postgraduate","ModuleDeliveryPeriod":{"PeriodCode":"T1/2","PeriodTitle":"Terms 1 and 2"},"AcademicLevel":{"AcademicLevelCode":"L6","AcademicLevelTitle":"FHEQ Level 6"},"ModuleDeliveryType":"","ModeOfStudy":"Face-to-face","ModuleDeliveryTutor":{"PersonIdentifier":"JSVOR34","Name":"John Simon Vorhaus","Email":""},"PreviousYearStudentCount":"","NumberOfStudents":"0","ModuleDeliveryLocation":{"LocationIdentifier":"","LocationName":""},"ModuleDeliveryAssessment":{"AssessmentGroupCollection":{"@DefaultAssessmentGroup":"NULL","AssessmentGroup":[{"AssessmentGroupCode":"NULL","AssessmentGroupName":"","AssessmentComponentList":{"AssessmentComponent":[{"AssessmentComponentTitle":"Coursework two (1,800 words)","AssessmentComponentWeightPercentage":"35"},{"AssessmentComponentTitle":"Coursework three","AssessmentComponentWeightPercentage":"15"},{"AssessmentComponentTitle":"Coursework one (3,000 words)","AssessmentComponentWeightPercentage":"50"}]}},{"AssessmentGroupCode":"A","AssessmentGroupName":"","AssessmentComponentList":{"AssessmentComponent":[{"AssessmentComponentTitle":"Coursework three","AssessmentComponentWeightPercentage":"15"},{"AssessmentComponentTitle":"Coursework two (1,800 words)","AssessmentComponentWeightPercentage":"35"},{"AssessmentComponentTitle":"Coursework one (3,000 words)","AssessmentComponentWeightPercentage":"50"}]}}]}}}}}}}}