{"Response":{"Module":{"ModuleCode":"POLS0060","ModuleIdentifier":"01EEA2F860A44116A217537D97828FBF","ModuleTitle":"Lies, Damned Lies, and Bullshit? Evidence and Inference for Citizens and Social Scientists","ModuleContact":{"Faculty":{"FacultyCode":"SHS","FacultyName":"Faculty of Social and Historical Sciences"},"Department":{"DepartmentCode":"POLSC_SHS","DepartmentName":"Political Science"}},"ModuleValue":"15","ModuleStudyHours":"150","ModuleLearningHours":"20","ModuleSearchKeywords":"BIG DATA, FAKE NEWS,","Email":"","ModuleSuperGroup":"","CEFRLevel":"","ModuleInstance":{"AcademicYearCode":"2019","AcademicYearDescription":"2019/20 academic  year","ModuleInstanceDescription":"<p>\n\tIn the age of information overload, big data, social media and contestation over &lsquo;fake news&rsquo; based on &lsquo;evidence&rsquo; and &lsquo;facts&rsquo;, it is more important than ever to equip students of politics with the necessary skills to read, interpret and critically assess conclusions, political claims and government findings based on strong methodological foundations. &ldquo;Lies, Damned Lies, and Bullshit&quot; aims to turn students into competent producers, and critical consumers, of &lsquo;facts&rsquo; or scientifically based information. We will review the process by which facts are developed using a &lsquo;scientific method&rsquo;, which will include ontology (what is reality), epistemology (nature, sources and justification of reality or facts), methodology (how do we prove/disprove claims about reality) and methods (what methods are available to social scientists). The second part of this course will give particular attention to quantitative methods in terms of i) the quality of political, economic and financial data; ii) introduction to causality, correlation, necessity and sufficiency in social sciences, and iii) the ethics of scientific research, academic debate and public critique. The main aim is to turn students into data aware consumers of social science research, before moving to more detailed methodological training in year 2 methods course.</p>\n","ModuleInstanceRestriction":"Only open to first year BSc Politics and International Relations students in the Department of Political Science.","ModuleInstanceSubjectCollection":{"ModuleInstanceSubject":"Politics"},"ModuleDeliveryCollection":""}}}}