{"Response":{"Module":{"ModuleCode":"CEGE0003","ModuleIdentifier":"0230176E73F411E89A86FAE8722E8321","ModuleTitle":"Civil Engineering Design","ModuleContact":{"Faculty":{"FacultyCode":"ENG","FacultyName":"Faculty of Engineering Sciences"},"Department":{"DepartmentCode":"CIVLG_ENG","DepartmentName":"Civil, Environmental and Geomatic Engineering"}},"ModuleValue":"15","ModuleStudyHours":"150","ModuleLearningHours":"42","ModuleSearchKeywords":"CIVIL ENGINEERING DESIGN, SUSTAINABLE DESIGN","Email":"james.ford@ucl.ac.uk","ModuleSuperGroup":"","CEFRLevel":"","ModuleInstance":{"AcademicYearCode":"2019","AcademicYearDescription":"2019/20 academic  year","ModuleInstanceDescription":"<p>\n\tCivil Engineering Design introduces students to design as practiced by professional engineers to enable them to build a solid foundation of knowledge for the future development of their design capabilities.</p>\n<p>\n\tStudents are guided through the design of a series of contextually relevant real or near-real projects from different areas of engineering (e.g. structural, geotechnical, transport) that must consider their place in the world and impacts on society (sustainability, Health and Safety, feasibility). They identify problem types, quantify the problem, and deploy an appropriate strategy to design a solution. Students deal with issues important to engineering designers and which support the development of their own design skills, e.g. decision making, organising a design team, having an idea, testing a concept, material selection, engineering judgement, etc.</p>\n<p>\n\tThe design process is made explicit, and used as a framework on which students can build their knowledge and create links to learning from elsewhere (personal experience, challenges or scenarios, other taught courses, and professional life).¿</p>\n<p>\n\tOn completion of Civil Engineering Design 1, students should have knowledge and understanding of:</p>\n<p>\n\t1.&nbsp;&nbsp;&nbsp;&nbsp;&nbsp;&nbsp;&nbsp;&nbsp;Engineering, Design, Projects, Society and the relationship between them.</p>\n<p>\n\t2.&nbsp;&nbsp;&nbsp;&nbsp;&nbsp;&nbsp;&nbsp;&nbsp;Design as a non-deterministic, iterative, convergent sub-process sitting within a greater project process.</p>\n<p>\n\t3.&nbsp;&nbsp;&nbsp;&nbsp;&nbsp;&nbsp;&nbsp;&nbsp;Different design strategies&nbsp;and be able to identify their own tendencies or preferences for these strategic approaches.</p>\n<p>\n\t4.&nbsp;&nbsp;&nbsp;&nbsp;&nbsp;&nbsp;&nbsp;&nbsp;The importance of properly understanding the downstream part of the project process (construction, operation and decommissioning) if they are to be effective designers.</p>\n<p>\n\t5.&nbsp;&nbsp;&nbsp;&nbsp;&nbsp;&nbsp;&nbsp;&nbsp;The importance of them properly understanding the upstream part of the project process (need, identification and brief preparation) if they are to be effective designers.</p>\n<p>\n\t6.&nbsp;&nbsp;&nbsp;&nbsp;&nbsp;&nbsp;&nbsp;&nbsp;The role of contextual factors in shaping the outcome of a design process.</p>\n<p>\n\t7.&nbsp;&nbsp;&nbsp;&nbsp;&nbsp;&nbsp;&nbsp;&nbsp;The range of tools (thinking, computation, visualisation, communication, etc.) used by designers, and that developing design mastery requires them to have an understanding of these tools.</p>\n<p>\n\t8.&nbsp;&nbsp;&nbsp;&nbsp;&nbsp;&nbsp;&nbsp;&nbsp;The role of modelling in the design process.</p>\n<p>\n\t9.&nbsp;&nbsp;&nbsp;&nbsp;&nbsp;&nbsp;&nbsp;&nbsp;The role of regulations, design codes and best practice guidance in modern engineering design.</p>\n<p>\n\t10.&nbsp; &nbsp; &nbsp; That design is carried out as part of a team, and the different roles of those involved in different types of design projects.</p>\n<p>\n\t11.&nbsp; &nbsp; &nbsp; Identifying and quantifying engineering problems, and deploying a strategy to design an appropriate solution.¿</p>\n<p>\n\tThe module will include lectures, workshops and a field trip to enhance student learning / understanding. There are no prerequisites and the module is comulsory for all Enginnering (Civil) undergraduate students.</p>\n","ModuleInstanceRestriction":"","ModuleInstanceSubjectCollection":"","ModuleDeliveryCollection":{"ModuleDelivery":{"ModuleDeliveryIdentifier":"023E101C73F411E89A86FAE8722E8321","LevelOfStudy":"Undergraduate","ModuleDeliveryPeriod":{"PeriodCode":"T1/2","PeriodTitle":"Terms 1 and 2"},"AcademicLevel":{"AcademicLevelCode":"L4","AcademicLevelTitle":"FHEQ Level 4"},"ModuleDeliveryType":"","ModeOfStudy":"Face-to-face","ModuleDeliveryTutor":{"PersonIdentifier":"JRFOR76","Name":"James Richard Ford","Email":""},"PreviousYearStudentCount":"100","NumberOfStudents":"100","ModuleDeliveryLocation":{"LocationIdentifier":"","LocationName":""},"ModuleDeliveryAssessment":{"AssessmentGroupCollection":{"@DefaultAssessmentGroup":"NULL","AssessmentGroup":[{"AssessmentGroupCode":"NULL","AssessmentGroupName":"","AssessmentComponentList":{"AssessmentComponent":[{"AssessmentComponentTitle":"Coursework two (1,800 words)","AssessmentComponentWeightPercentage":"35"},{"AssessmentComponentTitle":"Coursework three","AssessmentComponentWeightPercentage":"15"},{"AssessmentComponentTitle":"Coursework one (3,000 words)","AssessmentComponentWeightPercentage":"50"}]}},{"AssessmentGroupCode":"A","AssessmentGroupName":"","AssessmentComponentList":{"AssessmentComponent":[{"AssessmentComponentTitle":"Coursework three","AssessmentComponentWeightPercentage":"15"},{"AssessmentComponentTitle":"Coursework two (1,800 words)","AssessmentComponentWeightPercentage":"35"},{"AssessmentComponentTitle":"Coursework one (3,000 words)","AssessmentComponentWeightPercentage":"50"}]}}]}}}}}}}}