{"Response":{"Module":{"ModuleCode":"HIST0541","ModuleIdentifier":"0323A86473F611E89A86FAE8722E8321","ModuleTitle":"India and the Global Economy, 1500-Present A","ModuleContact":{"Faculty":{"FacultyCode":"SHS","FacultyName":"Faculty of Social and Historical Sciences"},"Department":{"DepartmentCode":"HISTR_SHS","DepartmentName":"History"}},"ModuleValue":"15","ModuleStudyHours":"150","ModuleLearningHours":"20","ModuleSearchKeywords":"HISTORY, INDIA, GLOBAL ECONOMY","Email":"","ModuleSuperGroup":"India and the Global Economy, 1500-Present","CEFRLevel":"","ModuleInstance":{"AcademicYearCode":"2019","AcademicYearDescription":"2019/20 academic  year","ModuleInstanceDescription":"<p>\n\tThis module is for term 2 affiliate students only (students beginning in January). If India&rsquo;s share of world income was 27 per cent in 1700, why was it only 5 per cent in 1950? If colonial rule shackled the Indian economy and frustrated its development, how has India emerged as a global economic superpower today? In this course, we will examine the history of the Indian subcontinent through the early modern and modern eras, focussing on India&rsquo;s changing role and position in the global economy. The starting-point for the course is the establishment of the Mughal Empire in the sixteenth century. The Mughals transformed India&rsquo;s domestic and external economy, as evident from India&rsquo;s centrality in trade and economic connections with the Islamic empires of Eurasia and with states and markets of the Indian Ocean world, from East Africa to China. At this time, following the discovery of the sea route from Europe to Asia via the Cape of Good Hope, Europeans &ndash; first the Portuguese and, after 1600, the Dutch and the English &ndash; also established economic relations with India. Following the establishment of the East India Company as a territorial power on the subcontinent after c. 1750, and the increasing integration of South Asia into the economy of the British Empire, India&rsquo;s role and place in the global economy was transformed, and Indian nationalists decried the deindustrialisation and drain of wealth that was reducing India and her people to poverty. After Independence, Indian planners sought to reduce poverty through industrialisation and a series of five-year plans that came at considerable cost and with mixed success, arguably necessitating the liberalisation of the economy from the 1980s that has once again altered India&rsquo;s role and place in the global economy.</p>\n","ModuleInstanceRestriction":"","ModuleInstanceSubjectCollection":"","ModuleDeliveryCollection":{"ModuleDelivery":{"ModuleDeliveryIdentifier":"0332CB1473F611E89A86FAE8722E8321","LevelOfStudy":"Undergraduate","ModuleDeliveryPeriod":{"PeriodCode":"T2","PeriodTitle":"Term 2"},"AcademicLevel":{"AcademicLevelCode":"L5","AcademicLevelTitle":"FHEQ Level 5"},"ModuleDeliveryType":"","ModeOfStudy":"Face-to-face","ModuleDeliveryTutor":{"PersonIdentifier":"JLALL68","Name":"Jagjeet Lally","Email":""},"PreviousYearStudentCount":"5","NumberOfStudents":"5","ModuleDeliveryLocation":{"LocationIdentifier":"","LocationName":""},"ModuleDeliveryAssessment":{"AssessmentGroupCollection":{"@DefaultAssessmentGroup":"NULL","AssessmentGroup":[{"AssessmentGroupCode":"NULL","AssessmentGroupName":"","AssessmentComponentList":{"AssessmentComponent":[{"AssessmentComponentTitle":"Coursework two (1,800 words)","AssessmentComponentWeightPercentage":"35"},{"AssessmentComponentTitle":"Coursework three","AssessmentComponentWeightPercentage":"15"},{"AssessmentComponentTitle":"Coursework one (3,000 words)","AssessmentComponentWeightPercentage":"50"}]}},{"AssessmentGroupCode":"A","AssessmentGroupName":"","AssessmentComponentList":{"AssessmentComponent":[{"AssessmentComponentTitle":"Coursework three","AssessmentComponentWeightPercentage":"15"},{"AssessmentComponentTitle":"Coursework two (1,800 words)","AssessmentComponentWeightPercentage":"35"},{"AssessmentComponentTitle":"Coursework one (3,000 words)","AssessmentComponentWeightPercentage":"50"}]}}]}}}}}}}}