{"Response":{"Module":{"ModuleCode":"ELCS0003","ModuleIdentifier":"0352E09473F511E89A86FAE8722E8321","ModuleTitle":"Topics in European History","ModuleContact":{"Faculty":{"FacultyCode":"ART","FacultyName":"Faculty of Arts and Humanities"},"Department":{"DepartmentCode":"SELCS_ART","DepartmentName":"School of European Languages, Culture and Society"}},"ModuleValue":"15","ModuleStudyHours":"150","ModuleLearningHours":"20","ModuleSearchKeywords":"","Email":"","ModuleSuperGroup":"","CEFRLevel":"","ModuleInstance":{"AcademicYearCode":"2019","AcademicYearDescription":"2019/20 academic  year","ModuleInstanceDescription":"","ModuleInstanceRestriction":"","ModuleInstanceSubjectCollection":"","ModuleDeliveryCollection":{"ModuleDelivery":{"ModuleDeliveryIdentifier":"0361CC4E73F511E89A86FAE8722E8321","LevelOfStudy":"Undergraduate","ModuleDeliveryPeriod":{"PeriodCode":"T2","PeriodTitle":"Term 2"},"AcademicLevel":{"AcademicLevelCode":"L4","AcademicLevelTitle":"FHEQ Level 4"},"ModuleDeliveryType":"","ModeOfStudy":"Face-to-face","ModuleDeliveryTutor":{"PersonIdentifier":"CFERR53","Name":"Carlotta Ferrara Degli Uberti","Email":""},"PreviousYearStudentCount":"45","NumberOfStudents":"45","ModuleDeliveryLocation":{"LocationIdentifier":"","LocationName":""},"ModuleDeliveryAssessment":{"AssessmentGroupCollection":{"@DefaultAssessmentGroup":"NULL","AssessmentGroup":[{"AssessmentGroupCode":"NULL","AssessmentGroupName":"","AssessmentComponentList":{"AssessmentComponent":[{"AssessmentComponentTitle":"Coursework two (1,800 words)","AssessmentComponentWeightPercentage":"35"},{"AssessmentComponentTitle":"Coursework three","AssessmentComponentWeightPercentage":"15"},{"AssessmentComponentTitle":"Coursework one (3,000 words)","AssessmentComponentWeightPercentage":"50"}]}},{"AssessmentGroupCode":"A","AssessmentGroupName":"","AssessmentComponentList":{"AssessmentComponent":[{"AssessmentComponentTitle":"Coursework three","AssessmentComponentWeightPercentage":"15"},{"AssessmentComponentTitle":"Coursework two (1,800 words)","AssessmentComponentWeightPercentage":"35"},{"AssessmentComponentTitle":"Coursework one (3,000 words)","AssessmentComponentWeightPercentage":"50"}]}}]}}}}}}}}