{"Response":{"Module":{"ModuleCode":"CEGE0012","ModuleIdentifier":"0366A7BA73F411E89A86FAE8722E8321","ModuleTitle":"Scenarios in Civil Engineering","ModuleContact":{"Faculty":{"FacultyCode":"ENG","FacultyName":"Faculty of Engineering Sciences"},"Department":{"DepartmentCode":"CIVLG_ENG","DepartmentName":"Civil, Environmental and Geomatic Engineering"}},"ModuleValue":"15","ModuleStudyHours":"150","ModuleLearningHours":"32","ModuleSearchKeywords":"PROBLEM SOLVING, INTER-DISCIPLINARY, CIVIL AND ENVIRONMENTAL ENGINEERING","Email":"","ModuleSuperGroup":"","CEFRLevel":"","ModuleInstance":{"AcademicYearCode":"2019","AcademicYearDescription":"2019/20 academic  year","ModuleInstanceDescription":"<p>\n\tModule made up of three week-long group projects. Students are required to work in groups to propose realistic engineering solutions to a complex inter-disciplinary engineering problems. Each scenario focusses on a different civil or environmental engineering problem to improve problem-solving abilities and allow relevant information from different disciplines to be connected meaningfully and creatively. A scenario will typically contain a few hours of introductory lecture time, possibly some tutorial time to introduce tools or skills not previously covered in the curriculum (e.g. use a specific software package); crit-sessions, intermediate feedback sessions, some supervised or unsupervised studio time and will usually conclude with some form of final presentation and feedback.</p>\n","ModuleInstanceRestriction":"","ModuleInstanceSubjectCollection":"","ModuleDeliveryCollection":{"ModuleDelivery":{"ModuleDeliveryIdentifier":"0374BCF673F411E89A86FAE8722E8321","LevelOfStudy":"Undergraduate","ModuleDeliveryPeriod":{"PeriodCode":"T1/2","PeriodTitle":"Terms 1 and 2"},"AcademicLevel":{"AcademicLevelCode":"L5","AcademicLevelTitle":"FHEQ Level 5"},"ModuleDeliveryType":"","ModeOfStudy":"Face-to-face","ModuleDeliveryTutor":{"PersonIdentifier":"BABAU30","Name":"Beatrice Anne Baudet","Email":""},"PreviousYearStudentCount":"100","NumberOfStudents":"100","ModuleDeliveryLocation":{"LocationIdentifier":"","LocationName":""},"ModuleDeliveryAssessment":{"AssessmentGroupCollection":{"@DefaultAssessmentGroup":"NULL","AssessmentGroup":[{"AssessmentGroupCode":"NULL","AssessmentGroupName":"","AssessmentComponentList":{"AssessmentComponent":[{"AssessmentComponentTitle":"Coursework two (1,800 words)","AssessmentComponentWeightPercentage":"35"},{"AssessmentComponentTitle":"Coursework three","AssessmentComponentWeightPercentage":"15"},{"AssessmentComponentTitle":"Coursework one (3,000 words)","AssessmentComponentWeightPercentage":"50"}]}},{"AssessmentGroupCode":"A","AssessmentGroupName":"","AssessmentComponentList":{"AssessmentComponent":[{"AssessmentComponentTitle":"Coursework three","AssessmentComponentWeightPercentage":"15"},{"AssessmentComponentTitle":"Coursework two (1,800 words)","AssessmentComponentWeightPercentage":"35"},{"AssessmentComponentTitle":"Coursework one (3,000 words)","AssessmentComponentWeightPercentage":"50"}]}}]}}}}}}}}