{"Response":{"Module":{"ModuleCode":"HIST0543","ModuleIdentifier":"036D3B3C73F611E89A86FAE8722E8321","ModuleTitle":"Superpower: A Global History of the United States, 1898-1989 Affiliate","ModuleContact":{"Faculty":{"FacultyCode":"SHS","FacultyName":"Faculty of Social and Historical Sciences"},"Department":{"DepartmentCode":"HISTR_SHS","DepartmentName":"History"}},"ModuleValue":"15","ModuleStudyHours":"150","ModuleLearningHours":"20","ModuleSearchKeywords":"MODERN HISTORY, AMERICA, SUPERPOWER, US DIPLOMACY, INTERNATIONAL RELATIONS","Email":"history-ug-enquiries@ucl.ac.uk","ModuleSuperGroup":"","CEFRLevel":"","ModuleInstance":{"AcademicYearCode":"2019","AcademicYearDescription":"2019/20 academic  year","ModuleInstanceDescription":"<p>\n\tThis module is for affiliate students attending for one term only. Please see the 30-credit full-year version, HIST0079, for the full module description.<br />\n\t<br />\n\tPlease be aware that you will only be covering half of the module content described in the full module description (content covered in Term 1 or Term 2, depending on your time with us).<br />\n\t<br />\n\tIf you require any further information, please contact the History Administrative Office: history-ug-enquiries@ucl.ac.uk.</p>\n","ModuleInstanceRestriction":"Only affiliates who are studying with us for one term are permitted to take this module. Full-year students (UCL and Affiliate) must take the 30-credit version: HIST0079.\n","ModuleInstanceSubjectCollection":{"ModuleInstanceSubject":["History","Modern History","American History"]},"ModuleDeliveryCollection":{"ModuleDelivery":[{"ModuleDeliveryIdentifier":"0380812E73F611E89A86FAE8722E8321","LevelOfStudy":"Undergraduate","ModuleDeliveryPeriod":{"PeriodCode":"T2","PeriodTitle":"Term 2"},"AcademicLevel":{"AcademicLevelCode":"L5","AcademicLevelTitle":"FHEQ Level 5"},"ModuleDeliveryType":"","ModeOfStudy":"Face-to-face","ModuleDeliveryTutor":{"PersonIdentifier":"AGOOD83","Name":"Alex Goodall","Email":""},"PreviousYearStudentCount":"5","NumberOfStudents":"5","ModuleDeliveryLocation":{"LocationIdentifier":"","LocationName":""},"ModuleDeliveryAssessment":{"AssessmentGroupCollection":{"@DefaultAssessmentGroup":"NULL","AssessmentGroup":[{"AssessmentGroupCode":"NULL","AssessmentGroupName":"","AssessmentComponentList":{"AssessmentComponent":[{"AssessmentComponentTitle":"Coursework two (1,800 words)","AssessmentComponentWeightPercentage":"35"},{"AssessmentComponentTitle":"Coursework three","AssessmentComponentWeightPercentage":"15"},{"AssessmentComponentTitle":"Coursework one (3,000 words)","AssessmentComponentWeightPercentage":"50"}]}},{"AssessmentGroupCode":"A","AssessmentGroupName":"","AssessmentComponentList":{"AssessmentComponent":[{"AssessmentComponentTitle":"Coursework three","AssessmentComponentWeightPercentage":"15"},{"AssessmentComponentTitle":"Coursework two (1,800 words)","AssessmentComponentWeightPercentage":"35"},{"AssessmentComponentTitle":"Coursework one (3,000 words)","AssessmentComponentWeightPercentage":"50"}]}}]}}},{"ModuleDeliveryIdentifier":"BE3FFA1D1B5344218348846E504C2BD4","LevelOfStudy":"Undergraduate","ModuleDeliveryPeriod":{"PeriodCode":"T1","PeriodTitle":"Term 1"},"AcademicLevel":{"AcademicLevelCode":"L5","AcademicLevelTitle":"FHEQ Level 5"},"ModuleDeliveryType":"","ModeOfStudy":"Face-to-face","ModuleDeliveryTutor":{"PersonIdentifier":"AGOOD83","Name":"Alex Goodall","Email":""},"PreviousYearStudentCount":"5","NumberOfStudents":"5","ModuleDeliveryLocation":{"LocationIdentifier":"","LocationName":""},"ModuleDeliveryAssessment":{"AssessmentGroupCollection":{"@DefaultAssessmentGroup":"NULL","AssessmentGroup":[{"AssessmentGroupCode":"NULL","AssessmentGroupName":"","AssessmentComponentList":{"AssessmentComponent":[{"AssessmentComponentTitle":"Coursework two (1,800 words)","AssessmentComponentWeightPercentage":"35"},{"AssessmentComponentTitle":"Coursework three","AssessmentComponentWeightPercentage":"15"},{"AssessmentComponentTitle":"Coursework one (3,000 words)","AssessmentComponentWeightPercentage":"50"}]}},{"AssessmentGroupCode":"A","AssessmentGroupName":"","AssessmentComponentList":{"AssessmentComponent":[{"AssessmentComponentTitle":"Coursework three","AssessmentComponentWeightPercentage":"15"},{"AssessmentComponentTitle":"Coursework two (1,800 words)","AssessmentComponentWeightPercentage":"35"},{"AssessmentComponentTitle":"Coursework one (3,000 words)","AssessmentComponentWeightPercentage":"50"}]}}]}}}]}}}}}