{"Response":{"Module":{"ModuleCode":"CEGE0013","ModuleIdentifier":"0388673873F411E89A86FAE8722E8321","ModuleTitle":"Soil Mechanics and Engineering Geology","ModuleContact":{"Faculty":{"FacultyCode":"ENG","FacultyName":"Faculty of Engineering Sciences"},"Department":{"DepartmentCode":"CIVLG_ENG","DepartmentName":"Civil, Environmental and Geomatic Engineering"}},"ModuleValue":"15","ModuleStudyHours":"150","ModuleLearningHours":"60","ModuleSearchKeywords":"GEOLOGY, SITE INVESTIGATION, FOUNDATION DESIGN, CRITICAL STATE SOIL MECHANICS","Email":"","ModuleSuperGroup":"","CEFRLevel":"","ModuleInstance":{"AcademicYearCode":"2019","AcademicYearDescription":"2019/20 academic  year","ModuleInstanceDescription":"<p>\n\tIn any Geotechnical Design project, it is necessary to understand not only the soil properties but also the geological origin and history of the soil and the rock mass. Building on the principles of soil mechanics taught in Year 1, this course is aimed at extending the students&rsquo; geology and soil testing knowledge and introduce site investigation concepts, where soil properties can be derived. Within Geology, a fundamental understanding of plate tectonics, rock formation, weathering and deposition will be covered, allowing the students to understand the origin of soil and how these will influence certain properties that are impossible to described with classical soil mechanics. The knowledge provided by Site investigation will demonstrate how to take the basic geology of a site and obtain a detailed understanding of the engineering properties of the soils and how to communicate the relevant information obtained. In soil mechanics, the consolidation theory will be introduced, together with the basic principles of Critical State Soil Mechanics. Methodologies for the design of shallow and deep foundations using Serviceability and Ultimate Limit State will be introduced, together with methodologies for the analysis of slope stability; giving the students a broad overview of Geotechnical Engineering.</p>\n","ModuleInstanceRestriction":"","ModuleInstanceSubjectCollection":"","ModuleDeliveryCollection":{"ModuleDelivery":{"ModuleDeliveryIdentifier":"0396474A73F411E89A86FAE8722E8321","LevelOfStudy":"Undergraduate","ModuleDeliveryPeriod":{"PeriodCode":"T1/2","PeriodTitle":"Terms 1 and 2"},"AcademicLevel":{"AcademicLevelCode":"L5","AcademicLevelTitle":"FHEQ Level 5"},"ModuleDeliveryType":"","ModeOfStudy":"Face-to-face","ModuleDeliveryTutor":{"PersonIdentifier":"PMVFE79","Name":"Pedro Miguel Vaz Ferreira","Email":""},"PreviousYearStudentCount":"100","NumberOfStudents":"100","ModuleDeliveryLocation":{"LocationIdentifier":"","LocationName":""},"ModuleDeliveryAssessment":{"AssessmentGroupCollection":{"@DefaultAssessmentGroup":"NULL","AssessmentGroup":[{"AssessmentGroupCode":"NULL","AssessmentGroupName":"","AssessmentComponentList":{"AssessmentComponent":[{"AssessmentComponentTitle":"Coursework two (1,800 words)","AssessmentComponentWeightPercentage":"35"},{"AssessmentComponentTitle":"Coursework three","AssessmentComponentWeightPercentage":"15"},{"AssessmentComponentTitle":"Coursework one (3,000 words)","AssessmentComponentWeightPercentage":"50"}]}},{"AssessmentGroupCode":"A","AssessmentGroupName":"","AssessmentComponentList":{"AssessmentComponent":[{"AssessmentComponentTitle":"Coursework three","AssessmentComponentWeightPercentage":"15"},{"AssessmentComponentTitle":"Coursework two (1,800 words)","AssessmentComponentWeightPercentage":"35"},{"AssessmentComponentTitle":"Coursework one (3,000 words)","AssessmentComponentWeightPercentage":"50"}]}}]}}}}}}}}