{"Response":{"Module":{"ModuleCode":"CEGE0014","ModuleIdentifier":"03A94EA873F411E89A86FAE8722E8321","ModuleTitle":"Surveying and Field Studies","ModuleContact":{"Faculty":{"FacultyCode":"ENG","FacultyName":"Faculty of Engineering Sciences"},"Department":{"DepartmentCode":"CIVLG_ENG","DepartmentName":"Civil, Environmental and Geomatic Engineering"}},"ModuleValue":"15","ModuleStudyHours":"150","ModuleLearningHours":"84.5","ModuleSearchKeywords":"SURVEYING, STREAM GAUGING, PROJECT MANAGEMENT, GEOMATICS, DAM","Email":"p.pyari@ucl.ac.uk","ModuleSuperGroup":"","CEFRLevel":"","ModuleInstance":{"AcademicYearCode":"2019","AcademicYearDescription":"2019/20 academic  year","ModuleInstanceDescription":"<p>\n\tThis module runs in June and comprises 1 week of mandatory preparatory lectures and surveying practicals at UCL, held during Term 3 - and a 2 week residential field course in Wales that takes place at the end of Term 3 and into the summer vacation. Over the three week period&nbsp;you will be taught the principles and practice of surveying, and undertake a series of engineering tasks in and around the campus of the University of Wales (Lampeter) and a local dam at Llyn Brianne. The field course is subsidised by the department but does require an additional fee, paid at the start of Term 2. Preparatory teaching is delivered in the form of lectures, practical classes working with surveying equipment, and supervised computation classes. During the field course there are morning and evening briefings with staff, and close group supervision&nbsp;as your work through&nbsp;the fieldwork tasks.</p>\n<p>\n\tThe aims of this module are to provide you with first-hand experience of a range of activities, equipment and software commonplace in geomatic and civil engineering. You will undertake tasks in control survey provision,&nbsp;detail mapping, setting out for construction, and deformation monitoring of a local dam. Furthermore, you will engage in activities to test water quality, measure discharge in a local river using standard stream gauging techniques, develop your ability to solve mathematical problems in coordinate geometry, and will be introduced to the fundamental concepts of Global Navigation Satellite Systems (GNSS) and laser scanning. You will develop your awareness of health, safety and wellness issues at work, and gain experience in producing and implementing risk assessments, accident records etc. Alongside these practical skills, on completion of the module, you will have a greater appreciation of the issues associated with project management and team work. You will gain experience in working on projects under time pressure, and also in producing a range of deliverables applicable to engineering projects. Throughout the field course you will be expected to present your work to a high standard and will improve your proficiency in report writing, critical analysis and cartography.</p>\n<p>\n\t&nbsp;</p>\n","ModuleInstanceRestriction":"","ModuleInstanceSubjectCollection":{"ModuleInstanceSubject":["Engineering Surveying","Surveying"]},"ModuleDeliveryCollection":{"ModuleDelivery":{"ModuleDeliveryIdentifier":"03B7295673F411E89A86FAE8722E8321","LevelOfStudy":"Undergraduate","ModuleDeliveryPeriod":{"PeriodCode":"T3","PeriodTitle":"Term 3"},"AcademicLevel":{"AcademicLevelCode":"L5","AcademicLevelTitle":"FHEQ Level 5"},"ModuleDeliveryType":"","ModeOfStudy":"Face-to-face","ModuleDeliveryTutor":{"PersonIdentifier":"AJELI24","Name":"Elizabeth Anne Jones","Email":""},"PreviousYearStudentCount":"100","NumberOfStudents":"100","ModuleDeliveryLocation":{"LocationIdentifier":"","LocationName":""},"ModuleDeliveryAssessment":{"AssessmentGroupCollection":{"@DefaultAssessmentGroup":"NULL","AssessmentGroup":[{"AssessmentGroupCode":"NULL","AssessmentGroupName":"","AssessmentComponentList":{"AssessmentComponent":[{"AssessmentComponentTitle":"Coursework two (1,800 words)","AssessmentComponentWeightPercentage":"35"},{"AssessmentComponentTitle":"Coursework three","AssessmentComponentWeightPercentage":"15"},{"AssessmentComponentTitle":"Coursework one (3,000 words)","AssessmentComponentWeightPercentage":"50"}]}},{"AssessmentGroupCode":"A","AssessmentGroupName":"","AssessmentComponentList":{"AssessmentComponent":[{"AssessmentComponentTitle":"Coursework three","AssessmentComponentWeightPercentage":"15"},{"AssessmentComponentTitle":"Coursework two (1,800 words)","AssessmentComponentWeightPercentage":"35"},{"AssessmentComponentTitle":"Coursework one (3,000 words)","AssessmentComponentWeightPercentage":"50"}]}}]}}}}}}}}