{"Response":{"Module":{"ModuleCode":"HIST0549","ModuleIdentifier":"044A2C9A73F611E89A86FAE8722E8321","ModuleTitle":"Temple Life in Assyria and Babylonia","ModuleContact":{"Faculty":{"FacultyCode":"SHS","FacultyName":"Faculty of Social and Historical Sciences"},"Department":{"DepartmentCode":"HISTR_SHS","DepartmentName":"History"}},"ModuleValue":"30","ModuleStudyHours":"300","ModuleLearningHours":"40","ModuleSearchKeywords":"ANCIENT HISTORY","Email":"history-ug-enquiries@ucl.ac.uk","ModuleSuperGroup":"","CEFRLevel":"","ModuleInstance":{"AcademicYearCode":"2019","AcademicYearDescription":"2019/20 academic  year","ModuleInstanceDescription":"<p>\n\tTemples were at the economic, social and intellectual heart of urban life in Assyria and Babylonia in the first millennium BC. Although they were in many ways highly conservative institutions, we shall see that they were also the drivers of fundamental intellectual innovation, through observation, calculation and prediction of natural phenomena, whose impact is still felt in mathematics and science today. This module will draw on a wealth of architectural, material and textual evidence to investigate the people, gods and animals whose lives and livelihoods depended on these enduring institutions. We will explore the following major questions. How were the gods conceptualised and to what ends? Who served as priests and what constituted priesthood? What was the theology behind their activities? How did temple communities support themselves economically? How did they manage relationships with the palace, and what happened when things went wrong? How did temples engage with wider urban society, through public ritual, charity and personal devotion? How did they negotiate the major historical changes of the first millennium BC, and with increasing religious plurality?</p>\n<p>\n\tThis module represents the examination component of a student&#39;s Special Subject option. Students should also select the dissertation component, HIST0098, unless they have received approval from the Director of Teaching that they may take a free-standing dissertation.</p>\n","ModuleInstanceRestriction":"Only final year students may select this module. Affiliate students cannot select this module. \n","ModuleInstanceSubjectCollection":{"ModuleInstanceSubject":"Ancient History"},"ModuleDeliveryCollection":{"ModuleDelivery":{"ModuleDeliveryIdentifier":"0459199473F611E89A86FAE8722E8321","LevelOfStudy":"Undergraduate","ModuleDeliveryPeriod":{"PeriodCode":"T1/2","PeriodTitle":"Terms 1 and 2"},"AcademicLevel":{"AcademicLevelCode":"L6","AcademicLevelTitle":"FHEQ Level 6"},"ModuleDeliveryType":"","ModeOfStudy":"Face-to-face","ModuleDeliveryTutor":{"PersonIdentifier":"EROBS66","Name":"Eleanor Robson","Email":""},"PreviousYearStudentCount":"10","NumberOfStudents":"10","ModuleDeliveryLocation":{"LocationIdentifier":"","LocationName":""},"ModuleDeliveryAssessment":{"AssessmentGroupCollection":{"@DefaultAssessmentGroup":"NULL","AssessmentGroup":[{"AssessmentGroupCode":"NULL","AssessmentGroupName":"","AssessmentComponentList":{"AssessmentComponent":[{"AssessmentComponentTitle":"Coursework two (1,800 words)","AssessmentComponentWeightPercentage":"35"},{"AssessmentComponentTitle":"Coursework three","AssessmentComponentWeightPercentage":"15"},{"AssessmentComponentTitle":"Coursework one (3,000 words)","AssessmentComponentWeightPercentage":"50"}]}},{"AssessmentGroupCode":"A","AssessmentGroupName":"","AssessmentComponentList":{"AssessmentComponent":[{"AssessmentComponentTitle":"Coursework three","AssessmentComponentWeightPercentage":"15"},{"AssessmentComponentTitle":"Coursework two (1,800 words)","AssessmentComponentWeightPercentage":"35"},{"AssessmentComponentTitle":"Coursework one (3,000 words)","AssessmentComponentWeightPercentage":"50"}]}}]}}}}}}}}