{"Response":{"Module":{"ModuleCode":"HIST0554","ModuleIdentifier":"04F7D24673F611E89A86FAE8722E8321","ModuleTitle":"Progressivism and Progressive Thought in America c.1890-1914","ModuleContact":{"Faculty":{"FacultyCode":"SHS","FacultyName":"Faculty of Social and Historical Sciences"},"Department":{"DepartmentCode":"HISTR_SHS","DepartmentName":"History"}},"ModuleValue":"30","ModuleStudyHours":"300","ModuleLearningHours":"40","ModuleSearchKeywords":"UNITED STATES, PROGRESSIVISM, MODERN HISTORY","Email":"history-ug-enquiries@ucl.ac.uk","ModuleSuperGroup":"Progressivism and Progressive Thought in America c","CEFRLevel":"","ModuleInstance":{"AcademicYearCode":"2019","AcademicYearDescription":"2019/20 academic  year","ModuleInstanceDescription":"<p>\n\tIn the United States, progressivism was the long-running wave of reform that reached its crest just before the First World War. The movement generated enormous controversy and much new thinking on a whole range of subjects. Some of the most important issues of the time included: the role of government in social and economic affairs; the curtailment of irresponsible and anti-social practices by business corporations; muckraking journalism and the exposure of political corruption; urban reform; the conservation of natural resources; women&#39;s rights; the role of minority groups in American life, and issues relating to poverty, vice and crime. There were also recognizable &lsquo;progressive&rsquo; attitudes towards foreign policy, education, religion, and sexual relationships.</p>\n<p>\n\tThis module represents the examination component of a student&#39;s Special Subject option. Students should also select the dissertation component, HIST0749, unless they have received approval from the Director of Teaching that they may take a free-standing dissertation.</p>\n","ModuleInstanceRestriction":"Only final year students may select this module. Affiliate students cannot select this module. \n","ModuleInstanceSubjectCollection":{"ModuleInstanceSubject":["Modern History","American History"]},"ModuleDeliveryCollection":{"ModuleDelivery":{"ModuleDeliveryIdentifier":"050645D873F611E89A86FAE8722E8321","LevelOfStudy":"Undergraduate","ModuleDeliveryPeriod":{"PeriodCode":"T1/2","PeriodTitle":"Terms 1 and 2"},"AcademicLevel":{"AcademicLevelCode":"L6","AcademicLevelTitle":"FHEQ Level 6"},"ModuleDeliveryType":"","ModeOfStudy":"Face-to-face","ModuleDeliveryTutor":{"PersonIdentifier":"MBSTO52","Name":"Melvyn Stokes","Email":""},"PreviousYearStudentCount":"","NumberOfStudents":"0","ModuleDeliveryLocation":{"LocationIdentifier":"","LocationName":""},"ModuleDeliveryAssessment":{"AssessmentGroupCollection":{"@DefaultAssessmentGroup":"NULL","AssessmentGroup":[{"AssessmentGroupCode":"NULL","AssessmentGroupName":"","AssessmentComponentList":{"AssessmentComponent":[{"AssessmentComponentTitle":"Coursework two (1,800 words)","AssessmentComponentWeightPercentage":"35"},{"AssessmentComponentTitle":"Coursework three","AssessmentComponentWeightPercentage":"15"},{"AssessmentComponentTitle":"Coursework one (3,000 words)","AssessmentComponentWeightPercentage":"50"}]}},{"AssessmentGroupCode":"A","AssessmentGroupName":"","AssessmentComponentList":{"AssessmentComponent":[{"AssessmentComponentTitle":"Coursework three","AssessmentComponentWeightPercentage":"15"},{"AssessmentComponentTitle":"Coursework two (1,800 words)","AssessmentComponentWeightPercentage":"35"},{"AssessmentComponentTitle":"Coursework one (3,000 words)","AssessmentComponentWeightPercentage":"50"}]}}]}}}}}}}}