{"Response":{"Module":{"ModuleCode":"CEGE0021","ModuleIdentifier":"0514C46673F411E89A86FAE8722E8321","ModuleTitle":"Civil Engineering in Practice","ModuleContact":{"Faculty":{"FacultyCode":"ENG","FacultyName":"Faculty of Engineering Sciences"},"Department":{"DepartmentCode":"CIVLG_ENG","DepartmentName":"Civil, Environmental and Geomatic Engineering"}},"ModuleValue":"30","ModuleStudyHours":"300","ModuleLearningHours":"90","ModuleSearchKeywords":"","Email":"","ModuleSuperGroup":"","CEFRLevel":"","ModuleInstance":{"AcademicYearCode":"2019","AcademicYearDescription":"2019/20 academic  year","ModuleInstanceDescription":"<p>\n\tBrief Description</p>\n<ul>\n\t<li>\n\t\tStructural Design</li>\n\t<li>\n\t\tSustainable Infrastructure</li>\n\t<li>\n\t\tScenario</li>\n\t<li>\n\t\tProject Management</li>\n\t<li>\n\t\tConstructionarium Field Course</li>\n</ul>\n<p>\n\tAims:</p>\n<ul>\n\t<li>\n\t\tThe aims of this module are to develop students&rsquo; aptitude and understanding in the practical application of engineering knowledge gained in years 1 and 2.</li>\n\t<li>\n\t\tThe design sessions are aimed at developing students understanding of structural mechanics and engineering materials through project work.</li>\n\t<li>\n\t\tThe scenario aims to build on experience gained in previous scenarios in years 1 and 2 in order to extend students ability to apply engineering theory to the design of an engineering project and solve a practical problem.</li>\n\t<li>\n\t\tThe Constructionarium project is aimed giving the students experience of site working and the considerations relating to health and safety, design, the construction process and legal, financial implications of their decisions.</li>\n</ul>\n<p>\n\tLearning Outcomes:</p>\n<ul>\n\t<li>\n\t\tTo provide students with first-hand experience of the processes involved in the execution of civil engineering projects;</li>\n\t<li>\n\t\tTo develop in students an understanding of structural mechanics and engineering materials through project work;</li>\n\t<li>\n\t\tTo introduce/extend certain expertise in construction (steel, masonry, timber, precast concrete, detailing, manufacture and assembly, etc.);</li>\n\t<li>\n\t\tTo reinforce students&rsquo; understanding of the designer&rsquo;s roles and responsibilities under the CDM regulations;</li>\n\t<li>\n\t\tTo develop an appreciation of certain aspects of the legal, financial and organizational framework relevant to the design, procurement and execution phases of civil engineering projects.</li>\n\t<li>\n\t\tUnderstand that engineers work in complex social, political, cultural and ecological contexts.</li>\n\t<li>\n\t\tIdentify the influence of social and political values on engineering projects and decisions.</li>\n\t<li>\n\t\tAllow students to understand the environmental and sustainability issues relating to construction in the functional flood plain.</li>\n\t<li>\n\t\tGain experience of producing a multi-discipline design drawing on knowledge and experience in the fields of structures, architecture, geotechnics, water, environmental, financial, social and political.</li>\n</ul>\n","ModuleInstanceRestriction":"","ModuleInstanceSubjectCollection":"","ModuleDeliveryCollection":{"ModuleDelivery":{"ModuleDeliveryIdentifier":"05225EAA73F411E89A86FAE8722E8321","LevelOfStudy":"Undergraduate","ModuleDeliveryPeriod":{"PeriodCode":"T1/2","PeriodTitle":"Terms 1 and 2"},"AcademicLevel":{"AcademicLevelCode":"L6","AcademicLevelTitle":"FHEQ Level 6"},"ModuleDeliveryType":"","ModeOfStudy":"Face-to-face","ModuleDeliveryTutor":{"PersonIdentifier":"JRFOR76","Name":"James Richard Ford","Email":""},"PreviousYearStudentCount":"80","NumberOfStudents":"80","ModuleDeliveryLocation":{"LocationIdentifier":"","LocationName":""},"ModuleDeliveryAssessment":{"AssessmentGroupCollection":{"@DefaultAssessmentGroup":"NULL","AssessmentGroup":[{"AssessmentGroupCode":"NULL","AssessmentGroupName":"","AssessmentComponentList":{"AssessmentComponent":[{"AssessmentComponentTitle":"Coursework two (1,800 words)","AssessmentComponentWeightPercentage":"35"},{"AssessmentComponentTitle":"Coursework three","AssessmentComponentWeightPercentage":"15"},{"AssessmentComponentTitle":"Coursework one (3,000 words)","AssessmentComponentWeightPercentage":"50"}]}},{"AssessmentGroupCode":"A","AssessmentGroupName":"","AssessmentComponentList":{"AssessmentComponent":[{"AssessmentComponentTitle":"Coursework three","AssessmentComponentWeightPercentage":"15"},{"AssessmentComponentTitle":"Coursework two (1,800 words)","AssessmentComponentWeightPercentage":"35"},{"AssessmentComponentTitle":"Coursework one (3,000 words)","AssessmentComponentWeightPercentage":"50"}]}}]}}}}}}}}