{"Response":{"Module":{"ModuleCode":"HIST0555","ModuleIdentifier":"051A0EEC73F611E89A86FAE8722E8321","ModuleTitle":"Apartheid's Collapse and the new South Africa","ModuleContact":{"Faculty":{"FacultyCode":"SHS","FacultyName":"Faculty of Social and Historical Sciences"},"Department":{"DepartmentCode":"HISTR_SHS","DepartmentName":"History"}},"ModuleValue":"30","ModuleStudyHours":"300","ModuleLearningHours":"40","ModuleSearchKeywords":"AFRICAN HISTORY, SOUTH AFRICA, MODERN HISTORY, WORLD HISTORY","Email":"history-ug-enquiries@ucl.ac.uk","ModuleSuperGroup":"","CEFRLevel":"","ModuleInstance":{"AcademicYearCode":"2019","AcademicYearDescription":"2019/20 academic  year","ModuleInstanceDescription":"<p>\n\tIn this module we will follow the life histories of African migrants &ndash; amongst them female textile hands, male miners and steelworkers; prosperous bus owners and traders, poor hawkers; cannabis smugglers, cattle rustlers, and carjackers &ndash; who flooded into (and circulated between) South Africa&rsquo;s cities in the final decades of apartheid. Drawing of a rich diet of sources, including government and NGO reports, memoirs and interviews, students can pick up a number of interrelated historical debates concerning the relationship between labour migration, industrial modernity and apartheid. One major issue is the question of historical geography. Following the precepts of modernist planning, South Africa&rsquo;s industrial cities were spatially segregated during the era of High Apartheid, with African migrant workers forced to the margins, denied permanent urban residence. We will consider how new flows of African migration ripped open these boundaries of spatial segregation, disembowelling South Africa&rsquo;s cities into the sprawling conurbations of today.</p>\n<p>\n\tA second set of questions concerns popular movements. In the 1970s, radical historians hailed African migrants as an emerging, industrial, working class, and celebrated trade unions&rsquo; challenge to apartheid capitalism. We will see how popular politics was reconfigured by South Africa&rsquo;s industrial decline in the 1980s, and the proliferation of kin-based, informal livelihoods and life-ways. Third, we will consider changing definitions of citizenship. As older patterns of segregation collapsed amidst township revolts, the white minority government attempted &ndash; but ultimately failed &ndash; to stabilise, settle and incorporate these new streams of migrant workers into a reformed apartheid order. To what extent have successive post-apartheid governments, in an age of jobless economic growth, managed to settle the mobile poors who live in shack settlements, quite literally on the peripheries of South African society? Finally, there are comparative questions, with Johannesburg and Durban often compared to Mumbai, Rio and Lagos. What might deeper histories of rural-urban migration add to contemporary debates about de-industrialisation, globalisation and the growing &ldquo;Megacities&rdquo; of the Global South?</p>\n<p>\n\tThis module represents the examination component of a student&#39;s Special Subject option. Students should also select the dissertation component, HIST0129, unless they have received approval from the Director of Teaching that they may take a free-standing dissertation.</p>\n","ModuleInstanceRestriction":"Only final year students may select this module. Affiliate students cannot select this module. \n","ModuleInstanceSubjectCollection":{"ModuleInstanceSubject":["Modern History","African History","World History"]},"ModuleDeliveryCollection":{"ModuleDelivery":{"ModuleDeliveryIdentifier":"0528724873F611E89A86FAE8722E8321","LevelOfStudy":"Undergraduate","ModuleDeliveryPeriod":{"PeriodCode":"T1/2","PeriodTitle":"Terms 1 and 2"},"AcademicLevel":{"AcademicLevelCode":"L6","AcademicLevelTitle":"FHEQ Level 6"},"ModuleDeliveryType":"","ModeOfStudy":"Face-to-face","ModuleDeliveryTutor":{"PersonIdentifier":"TGIBB51","Name":"Tim Gibbs","Email":""},"PreviousYearStudentCount":"10","NumberOfStudents":"10","ModuleDeliveryLocation":{"LocationIdentifier":"","LocationName":""},"ModuleDeliveryAssessment":{"AssessmentGroupCollection":{"@DefaultAssessmentGroup":"NULL","AssessmentGroup":[{"AssessmentGroupCode":"NULL","AssessmentGroupName":"","AssessmentComponentList":{"AssessmentComponent":[{"AssessmentComponentTitle":"Coursework two (1,800 words)","AssessmentComponentWeightPercentage":"35"},{"AssessmentComponentTitle":"Coursework three","AssessmentComponentWeightPercentage":"15"},{"AssessmentComponentTitle":"Coursework one (3,000 words)","AssessmentComponentWeightPercentage":"50"}]}},{"AssessmentGroupCode":"A","AssessmentGroupName":"","AssessmentComponentList":{"AssessmentComponent":[{"AssessmentComponentTitle":"Coursework three","AssessmentComponentWeightPercentage":"15"},{"AssessmentComponentTitle":"Coursework two (1,800 words)","AssessmentComponentWeightPercentage":"35"},{"AssessmentComponentTitle":"Coursework one (3,000 words)","AssessmentComponentWeightPercentage":"50"}]}}]}}}}}}}}