{"Response":{"Module":{"ModuleCode":"SECU0009","ModuleIdentifier":"053B366A73F811E89A86FAE8722E8321","ModuleTitle":"Understanding the Crime Event","ModuleContact":{"Faculty":{"FacultyCode":"ENG","FacultyName":"Faculty of Engineering Sciences"},"Department":{"DepartmentCode":"SECUR_ENG","DepartmentName":"Security and Crime Science"}},"ModuleValue":"15","ModuleStudyHours":"150","ModuleLearningHours":"0","ModuleSearchKeywords":"UNDERSTANDING CRIME EVENT PATTERN PREVENTION","Email":"","ModuleSuperGroup":"","CEFRLevel":"","ModuleInstance":{"AcademicYearCode":"2019","AcademicYearDescription":"2019/20 academic  year","ModuleInstanceDescription":"<p>\n\tThe module will help students understand the patterned nature of crime &ndash; why certain crimes occur when and where they do. It will also lead them through the process of using in-depth knowledge of crime events to design effective crime&nbsp;prevention&nbsp;policies and practices. The module will present theoretical perspectives that will underpin later modules dealing with&nbsp;crime analysis and prevention.</p>\n","ModuleInstanceRestriction":"","ModuleInstanceSubjectCollection":"","ModuleDeliveryCollection":{"ModuleDelivery":{"ModuleDeliveryIdentifier":"054A32DC73F811E89A86FAE8722E8321","LevelOfStudy":"Undergraduate","ModuleDeliveryPeriod":{"PeriodCode":"T2","PeriodTitle":"Term 2"},"AcademicLevel":{"AcademicLevelCode":"L4","AcademicLevelTitle":"FHEQ Level 4"},"ModuleDeliveryType":"","ModeOfStudy":"Face-to-face","ModuleDeliveryTutor":{"PersonIdentifier":"GKLAY15","Name":"Gloria Kay Laycock","Email":""},"PreviousYearStudentCount":"70","NumberOfStudents":"70","ModuleDeliveryLocation":{"LocationIdentifier":"","LocationName":""},"ModuleDeliveryAssessment":{"AssessmentGroupCollection":{"@DefaultAssessmentGroup":"NULL","AssessmentGroup":[{"AssessmentGroupCode":"NULL","AssessmentGroupName":"","AssessmentComponentList":{"AssessmentComponent":[{"AssessmentComponentTitle":"Coursework two (1,800 words)","AssessmentComponentWeightPercentage":"35"},{"AssessmentComponentTitle":"Coursework three","AssessmentComponentWeightPercentage":"15"},{"AssessmentComponentTitle":"Coursework one (3,000 words)","AssessmentComponentWeightPercentage":"50"}]}},{"AssessmentGroupCode":"A","AssessmentGroupName":"","AssessmentComponentList":{"AssessmentComponent":[{"AssessmentComponentTitle":"Coursework three","AssessmentComponentWeightPercentage":"15"},{"AssessmentComponentTitle":"Coursework two (1,800 words)","AssessmentComponentWeightPercentage":"35"},{"AssessmentComponentTitle":"Coursework one (3,000 words)","AssessmentComponentWeightPercentage":"50"}]}}]}}}}}}}}