{"Response":{"Module":{"ModuleCode":"HIST0556","ModuleIdentifier":"053C266273F611E89A86FAE8722E8321","ModuleTitle":"Race and Resistance in Black Atlantic Thought","ModuleContact":{"Faculty":{"FacultyCode":"SHS","FacultyName":"Faculty of Social and Historical Sciences"},"Department":{"DepartmentCode":"HISTR_SHS","DepartmentName":"History"}},"ModuleValue":"30","ModuleStudyHours":"300","ModuleLearningHours":"40","ModuleSearchKeywords":"","Email":"","ModuleSuperGroup":"Race and Resistance in Black Atlantic Thought","CEFRLevel":"","ModuleInstance":{"AcademicYearCode":"2019","AcademicYearDescription":"2019/20 academic  year","ModuleInstanceDescription":"This course examines the currents of thought developed by Black intellectuals and activists in the twentieth century `Black Atlantic¿. Ranging from the Pan-Africanist movement of the early twentieth century to the anti-systemic critique offered by Rastafarianism in the 1960s and 1970s, the course explores key issues that animated thinking about the condition of the Black diaspora in the modern world. These include themes of individual and collective identity; colonialism and anti-colonialism; capitalism and socialism; racism and discrimination; and the relationship with Africa and the wider `Third World¿. The course pays attention to the transnational dynamics stimulating the development of political thought and activism in the Black diaspora, as well as the differences and tensions that fragmented unitary visions of global Black solidarity. Primary sources for the course include key texts and speeches of the authors, audio-visual sources (including recorded speeches, archival news footage, documentary and music) and where relevant State Department and Foreign and Colonial Office documents.","ModuleInstanceRestriction":"","ModuleInstanceSubjectCollection":"","ModuleDeliveryCollection":{"ModuleDelivery":{"ModuleDeliveryIdentifier":"054BD7A673F611E89A86FAE8722E8321","LevelOfStudy":"Undergraduate","ModuleDeliveryPeriod":{"PeriodCode":"T1/2","PeriodTitle":"Terms 1 and 2"},"AcademicLevel":{"AcademicLevelCode":"L6","AcademicLevelTitle":"FHEQ Level 6"},"ModuleDeliveryType":"","ModeOfStudy":"Face-to-face","ModuleDeliveryTutor":{"PersonIdentifier":"KEQUI89","Name":"Katherine Elizabeth Quinn","Email":""},"PreviousYearStudentCount":"20","NumberOfStudents":"20","ModuleDeliveryLocation":{"LocationIdentifier":"","LocationName":""},"ModuleDeliveryAssessment":{"AssessmentGroupCollection":{"@DefaultAssessmentGroup":"NULL","AssessmentGroup":[{"AssessmentGroupCode":"NULL","AssessmentGroupName":"","AssessmentComponentList":{"AssessmentComponent":[{"AssessmentComponentTitle":"Coursework two (1,800 words)","AssessmentComponentWeightPercentage":"35"},{"AssessmentComponentTitle":"Coursework three","AssessmentComponentWeightPercentage":"15"},{"AssessmentComponentTitle":"Coursework one (3,000 words)","AssessmentComponentWeightPercentage":"50"}]}},{"AssessmentGroupCode":"A","AssessmentGroupName":"","AssessmentComponentList":{"AssessmentComponent":[{"AssessmentComponentTitle":"Coursework three","AssessmentComponentWeightPercentage":"15"},{"AssessmentComponentTitle":"Coursework two (1,800 words)","AssessmentComponentWeightPercentage":"35"},{"AssessmentComponentTitle":"Coursework one (3,000 words)","AssessmentComponentWeightPercentage":"50"}]}}]}}}}}}}}