{"Response":{"Module":{"ModuleCode":"HIST0557","ModuleIdentifier":"05601B9473F611E89A86FAE8722E8321","ModuleTitle":"The City of London in the Age of Global Capital 1870-1914","ModuleContact":{"Faculty":{"FacultyCode":"SHS","FacultyName":"Faculty of Social and Historical Sciences"},"Department":{"DepartmentCode":"HISTR_SHS","DepartmentName":"History"}},"ModuleValue":"30","ModuleStudyHours":"300","ModuleLearningHours":"40","ModuleSearchKeywords":"BRITISH HISTORY, LONDON HISTORY, MODERN HISTORY","Email":"history-ug-enquiries@ucl.ac.uk","ModuleSuperGroup":"","CEFRLevel":"","ModuleInstance":{"AcademicYearCode":"2019","AcademicYearDescription":"2019/20 academic  year","ModuleInstanceDescription":"<p>\n\tThe period from the 1870s to the World War I was marked by the dominance of the City of London as the leading international financial centre. The financial success of the City was closely linked to the performance of its key institutions, mainly the London Stock Exchange and the Bank of England. These organisations, together with several others, constituted the pillars of the City&rsquo;s governance, and ensured an effective running of its banking system, its various exchanges, and its money market. As the capital flows surged across the world, the London Stock Exchange became the hub for domestic, international and colonial stocks, bonds and currencies. The rise in financial activity was slowed down by several episodes of domestic and global financial crises, which gave way to further regulation, and adaptation of the City to the changing market conditions.</p>\n<p>\n\tThis module aims to establish and analyse the success record of the City by using some of the key contemporary sources drawn from various print and digital collections. It contemplates the histories of financial capitalism, imperialism and globalisation during 1870-1914. In terms of methodology, students are expected to engage in both quantitative and qualitative literature of financial history. The module is structured thematically. Each theme covers the entire period, and is discussed with reference to the key historiography and a relevant source. Besides these core themes, the first four weeks will introduce key concepts, debates, sources and methods in financial history of the City, as well as its physical geography and technology during 1870-1914.</p>\n<p>\n\tThis module represents the examination component of a student&#39;s Special Subject option. Students should also select the dissertation component, HIST0132, unless they have received approval from the Director of Teaching that they may take a free-standing dissertation.</p>\n","ModuleInstanceRestriction":"Only final year students may select this module. Affiliate students cannot select this module. \n","ModuleInstanceSubjectCollection":{"ModuleInstanceSubject":["Modern History","British and English History"]},"ModuleDeliveryCollection":{"ModuleDelivery":{"ModuleDeliveryIdentifier":"056F3CAA73F611E89A86FAE8722E8321","LevelOfStudy":"Undergraduate","ModuleDeliveryPeriod":{"PeriodCode":"T1/2","PeriodTitle":"Terms 1 and 2"},"AcademicLevel":{"AcademicLevelCode":"L6","AcademicLevelTitle":"FHEQ Level 6"},"ModuleDeliveryType":"","ModeOfStudy":"Face-to-face","ModuleDeliveryTutor":{"PersonIdentifier":"ACTUN18","Name":"Ali Coskun Tuncer","Email":""},"PreviousYearStudentCount":"10","NumberOfStudents":"10","ModuleDeliveryLocation":{"LocationIdentifier":"","LocationName":""},"ModuleDeliveryAssessment":{"AssessmentGroupCollection":{"@DefaultAssessmentGroup":"NULL","AssessmentGroup":[{"AssessmentGroupCode":"NULL","AssessmentGroupName":"","AssessmentComponentList":{"AssessmentComponent":[{"AssessmentComponentTitle":"Coursework two (1,800 words)","AssessmentComponentWeightPercentage":"35"},{"AssessmentComponentTitle":"Coursework three","AssessmentComponentWeightPercentage":"15"},{"AssessmentComponentTitle":"Coursework one (3,000 words)","AssessmentComponentWeightPercentage":"50"}]}},{"AssessmentGroupCode":"A","AssessmentGroupName":"","AssessmentComponentList":{"AssessmentComponent":[{"AssessmentComponentTitle":"Coursework three","AssessmentComponentWeightPercentage":"15"},{"AssessmentComponentTitle":"Coursework two (1,800 words)","AssessmentComponentWeightPercentage":"35"},{"AssessmentComponentTitle":"Coursework one (3,000 words)","AssessmentComponentWeightPercentage":"50"}]}}]}}}}}}}}