{"Response":{"Module":{"ModuleCode":"SECU0013","ModuleIdentifier":"05A4775673F811E89A86FAE8722E8321","ModuleTitle":"Probability, Statistics and Modelling II","ModuleContact":{"Faculty":{"FacultyCode":"ENG","FacultyName":"Faculty of Engineering Sciences"},"Department":{"DepartmentCode":"SECUR_ENG","DepartmentName":"Security and Crime Science"}},"ModuleValue":"15","ModuleStudyHours":"150","ModuleLearningHours":"0","ModuleSearchKeywords":"PROBABILITY STATISTICS MODELLING EMPIRICAL RESEARCH","Email":"","ModuleSuperGroup":"","CEFRLevel":"","ModuleInstance":{"AcademicYearCode":"2019","AcademicYearDescription":"2019/20 academic  year","ModuleInstanceDescription":"<p>\n\tThis module will advance the material taught in the course &lsquo;Probability, Statistics and Modelling I&rsquo;, which introduced students to the mathematical treatment of chance and the basic principles of statistics. It will build on the techniques and tests introduced in the previous module, towards the development of a comprehensive statistical toolbox. In the first instance, this will involve filling in &lsquo;gaps&rsquo; from the first module, including the methods and tests that can be used when standard approaches are invalid. The following sessions will seek to place the material in a real-world context, with a focus on the use of statistical evidence in empirical research. Students will learn how to criticize the use of statistics, and will be introduced to common pitfalls and misunderstandings, with particular focus on issues of reproducibility and responsible reporting. The module will then focus on the development of modelling approaches, with a series of sessions introducing various forms of regression. These are powerful approaches which play a key role in statistical analysis and can reflect real-world mechanisms. Finally, the module will introduce agent-based modelling. This is a computational method which involves the simulation of artificial societies, in which &lsquo;agents&rsquo; act according to defined behavioural rules. The method is particularly well-suited to theory testing in complex systems, and is therefore highly relevant to the study of crime. Its key principles will be outlined and examples demonstrated.</p>\n","ModuleInstanceRestriction":"","ModuleInstanceSubjectCollection":"","ModuleDeliveryCollection":{"ModuleDelivery":{"ModuleDeliveryIdentifier":"05B3479A73F811E89A86FAE8722E8321","LevelOfStudy":"Undergraduate","ModuleDeliveryPeriod":{"PeriodCode":"T2","PeriodTitle":"Term 2"},"AcademicLevel":{"AcademicLevelCode":"L5","AcademicLevelTitle":"FHEQ Level 5"},"ModuleDeliveryType":"","ModeOfStudy":"Face-to-face","ModuleDeliveryTutor":{"PersonIdentifier":"TPDAV87","Name":"Toby Peter Davies","Email":""},"PreviousYearStudentCount":"22","NumberOfStudents":"22","ModuleDeliveryLocation":{"LocationIdentifier":"","LocationName":""},"ModuleDeliveryAssessment":{"AssessmentGroupCollection":{"@DefaultAssessmentGroup":"NULL","AssessmentGroup":[{"AssessmentGroupCode":"NULL","AssessmentGroupName":"","AssessmentComponentList":{"AssessmentComponent":[{"AssessmentComponentTitle":"Coursework two (1,800 words)","AssessmentComponentWeightPercentage":"35"},{"AssessmentComponentTitle":"Coursework three","AssessmentComponentWeightPercentage":"15"},{"AssessmentComponentTitle":"Coursework one (3,000 words)","AssessmentComponentWeightPercentage":"50"}]}},{"AssessmentGroupCode":"A","AssessmentGroupName":"","AssessmentComponentList":{"AssessmentComponent":[{"AssessmentComponentTitle":"Coursework three","AssessmentComponentWeightPercentage":"15"},{"AssessmentComponentTitle":"Coursework two (1,800 words)","AssessmentComponentWeightPercentage":"35"},{"AssessmentComponentTitle":"Coursework one (3,000 words)","AssessmentComponentWeightPercentage":"50"}]}}]}}}}}}}}