{"Response":{"Module":{"ModuleCode":"SECU0017","ModuleIdentifier":"062F4B9C73F811E89A86FAE8722E8321","ModuleTitle":"Project in Investigative Decision Making","ModuleContact":{"Faculty":{"FacultyCode":"ENG","FacultyName":"Faculty of Engineering Sciences"},"Department":{"DepartmentCode":"SECUR_ENG","DepartmentName":"Security and Crime Science"}},"ModuleValue":"15","ModuleStudyHours":"150","ModuleLearningHours":"0","ModuleSearchKeywords":"INVESTIGATIVE DECISION MAKING PROJECT RESEARCH FORENSIC PSYCHOLOGY","Email":"","ModuleSuperGroup":"","CEFRLevel":"","ModuleInstance":{"AcademicYearCode":"2019","AcademicYearDescription":"2019/20 academic  year","ModuleInstanceDescription":"<p>\n\tDuring this course students will carry out supervised projects in the broad domain investigative decision making. The module aims to equip students with the knowledge and skills needed to carry out effective projects studying factors affecting decision making during the broad investigative process that occurs after a crime event. Building on their theoretical understanding of research methods, forensic psychology, judgement and decision making processes and investigative techniques, students will learn how to integrate the knowledge in these areas to achieve research and development goals. Students will design and carry out empirical investigations that are aimed at improving our understanding of decision making processes in the context of criminal investigations. After identifying a research question from a brief, students will design and develop a method to address this question. They will collect data and use a variety of methods to process, display and analyse the results. Students will learn how to interpret their results and how to communicate research findings in an effective manner. Finally, the study of decision making processes at various stages of the investigation will encourage students to consider innovative strategies for ensuring fairness and transparency in the investigation of a criminal event. This course will provide a foundation for carrying out a dissertation in the field of security and crime prevention. N.B. the module SECU0002 Forensic Psychology is a pre-requisite for this module.</p>\n","ModuleInstanceRestriction":"","ModuleInstanceSubjectCollection":"","ModuleDeliveryCollection":{"ModuleDelivery":{"ModuleDeliveryIdentifier":"063E58DA73F811E89A86FAE8722E8321","LevelOfStudy":"Undergraduate","ModuleDeliveryPeriod":{"PeriodCode":"T2","PeriodTitle":"Term 2"},"AcademicLevel":{"AcademicLevelCode":"L6","AcademicLevelTitle":"FHEQ Level 6"},"ModuleDeliveryType":"","ModeOfStudy":"Face-to-face","ModuleDeliveryTutor":{"PersonIdentifier":"JFREN48","Name":"James Christopher French","Email":""},"PreviousYearStudentCount":"5","NumberOfStudents":"5","ModuleDeliveryLocation":{"LocationIdentifier":"","LocationName":""},"ModuleDeliveryAssessment":{"AssessmentGroupCollection":{"@DefaultAssessmentGroup":"NULL","AssessmentGroup":[{"AssessmentGroupCode":"NULL","AssessmentGroupName":"","AssessmentComponentList":{"AssessmentComponent":[{"AssessmentComponentTitle":"Coursework two (1,800 words)","AssessmentComponentWeightPercentage":"35"},{"AssessmentComponentTitle":"Coursework three","AssessmentComponentWeightPercentage":"15"},{"AssessmentComponentTitle":"Coursework one (3,000 words)","AssessmentComponentWeightPercentage":"50"}]}},{"AssessmentGroupCode":"A","AssessmentGroupName":"","AssessmentComponentList":{"AssessmentComponent":[{"AssessmentComponentTitle":"Coursework three","AssessmentComponentWeightPercentage":"15"},{"AssessmentComponentTitle":"Coursework two (1,800 words)","AssessmentComponentWeightPercentage":"35"},{"AssessmentComponentTitle":"Coursework one (3,000 words)","AssessmentComponentWeightPercentage":"50"}]}}]}}}}}}}}