{"Response":{"Module":{"ModuleCode":"CEGE0026","ModuleIdentifier":"06446F6C73F411E89A86FAE8722E8321","ModuleTitle":"Fluids and Soils III","ModuleContact":{"Faculty":{"FacultyCode":"ENG","FacultyName":"Faculty of Engineering Sciences"},"Department":{"DepartmentCode":"CIVLG_ENG","DepartmentName":"Civil, Environmental and Geomatic Engineering"}},"ModuleValue":"15","ModuleStudyHours":"150","ModuleLearningHours":"52","ModuleSearchKeywords":"FLUIDS, SOILS","Email":"","ModuleSuperGroup":"","CEFRLevel":"","ModuleInstance":{"AcademicYearCode":"2019","AcademicYearDescription":"2019/20 academic  year","ModuleInstanceDescription":"<p>\n\tPart 1 &ndash; Applied Fluid Mechanics III By the end of this course, students should be able to: &bull; Identify appropriate non-dimensional parameters describing complex fluid phenomena, &bull;&nbsp;Predict velocity profiles for basic flows, shallow water wave behaviour&nbsp;&bull; Apply general equations of motion (RANS) to incompressible fluids &bull; Use of non-dimensional parameters to produce non-dimensional form of the general equations of motion &bull; Calculate mean flow rates and water levels in gradually-varied open channel flow &bull; Predict velocities and velocity profiles in a turbulent boundary layer &bull; Look at different flow regimes based on the Froude number and specific energy equation &bull; Use the general equation of motion to find&nbsp;a water surface slope equation &bull;&nbsp;Derive the boundary layer equations Part 2 &ndash; Applied Soil Mechanics III By the end of the course the students should be able to: &bull; Formulate and solve geotechnical problems using limit analysis approaches. &bull; Understand and design&nbsp;earth retaining systems,&nbsp;know the difference between various&nbsp;types of&nbsp;retaining walls &bull; Understand and interpret some advanced soil tests in order to define characteristic design parameters.</p>\n","ModuleInstanceRestriction":"","ModuleInstanceSubjectCollection":"","ModuleDeliveryCollection":{"ModuleDelivery":{"ModuleDeliveryIdentifier":"065251B873F411E89A86FAE8722E8321","LevelOfStudy":"Undergraduate","ModuleDeliveryPeriod":{"PeriodCode":"T1","PeriodTitle":"Term 1"},"AcademicLevel":{"AcademicLevelCode":"L6","AcademicLevelTitle":"FHEQ Level 6"},"ModuleDeliveryType":"","ModeOfStudy":"Face-to-face","ModuleDeliveryTutor":{"PersonIdentifier":"TOROB55","Name":"Tristan Oliver Robinson","Email":""},"PreviousYearStudentCount":"100","NumberOfStudents":"100","ModuleDeliveryLocation":{"LocationIdentifier":"","LocationName":""},"ModuleDeliveryAssessment":{"AssessmentGroupCollection":{"@DefaultAssessmentGroup":"NULL","AssessmentGroup":[{"AssessmentGroupCode":"NULL","AssessmentGroupName":"","AssessmentComponentList":{"AssessmentComponent":[{"AssessmentComponentTitle":"Coursework two (1,800 words)","AssessmentComponentWeightPercentage":"35"},{"AssessmentComponentTitle":"Coursework three","AssessmentComponentWeightPercentage":"15"},{"AssessmentComponentTitle":"Coursework one (3,000 words)","AssessmentComponentWeightPercentage":"50"}]}},{"AssessmentGroupCode":"A","AssessmentGroupName":"","AssessmentComponentList":{"AssessmentComponent":[{"AssessmentComponentTitle":"Coursework three","AssessmentComponentWeightPercentage":"15"},{"AssessmentComponentTitle":"Coursework two (1,800 words)","AssessmentComponentWeightPercentage":"35"},{"AssessmentComponentTitle":"Coursework one (3,000 words)","AssessmentComponentWeightPercentage":"50"}]}}]}}}}}}}}