{"Response":{"Module":{"ModuleCode":"HIST0564","ModuleIdentifier":"065742AC73F611E89A86FAE8722E8321","ModuleTitle":"The Roman Empire from Augustus to Theodosius I A","ModuleContact":{"Faculty":{"FacultyCode":"SHS","FacultyName":"Faculty of Social and Historical Sciences"},"Department":{"DepartmentCode":"HISTR_SHS","DepartmentName":"History"}},"ModuleValue":"15","ModuleStudyHours":"150","ModuleLearningHours":"20","ModuleSearchKeywords":"ROMAN EMPIRE, AUGUSTUS,","Email":"","ModuleSuperGroup":"The Roman Empire from Augustus to Theodosius I","CEFRLevel":"","ModuleInstance":{"AcademicYearCode":"2019","AcademicYearDescription":"2019/20 academic  year","ModuleInstanceDescription":"<p>\n\tFor term 2 affiliate students only (students arriving in January). The world of imperial Rome, which stretched from the Forth and Clyde at one extreme to the Farasan islands of the southern Red Sea at the other, is the common heritage not just of Christendom (Catholic and Orthodox) but also of Islam. An understanding of Roman society thus provides fundamental background to much of medieval and modern history. This survey module serves to explain the main outlines of the social, political, economic, and religious history of the Roman world under the rule of the emperors from the creation of the new r&eacute;gime by Augustus (c. 31 BC) to the establishment of Christianity and the separation of the eastern and western empires at the death of Theodosius (AD 395). The module examines the nature and limitations of the historical tradition and looks beyond it to the other sources of information for Roman life in this period to explore topics including: the system of imperial administration; the development of an imperial economy and the reasons for its failure to develop further; the nature of town-life, the question of &lsquo;Romanization&rsquo;, and the extension of citizen rights; social and religious change, before and after the troubles of the mid-third century AD; the causes and extent of the transformation of the empire in the fourth century, as marked by Christianization, the marginalisation of paganism, and the introduction of settlers and mercenaries from outside the empire&rsquo;s boundaries. In doing so this module also ventures beyond the classroom to exploit the holdings of the British Museum as illustration of the plentiful but scattered evidence about everyday life beyond Rome and below the level of the ruling &eacute;lite. As an epilogue the reasons for the collapse of the western and the survival of the eastern imperial systems are considered.</p>\n","ModuleInstanceRestriction":"","ModuleInstanceSubjectCollection":"","ModuleDeliveryCollection":{"ModuleDelivery":{"ModuleDeliveryIdentifier":"0665A40073F611E89A86FAE8722E8321","LevelOfStudy":"Undergraduate","ModuleDeliveryPeriod":{"PeriodCode":"T2","PeriodTitle":"Term 2"},"AcademicLevel":{"AcademicLevelCode":"L5","AcademicLevelTitle":"FHEQ Level 5"},"ModuleDeliveryType":"","ModeOfStudy":"Face-to-face","ModuleDeliveryTutor":{"PersonIdentifier":"RWSAL86","Name":"Richard William Benet Salway","Email":""},"PreviousYearStudentCount":"5","NumberOfStudents":"5","ModuleDeliveryLocation":{"LocationIdentifier":"","LocationName":""},"ModuleDeliveryAssessment":{"AssessmentGroupCollection":{"@DefaultAssessmentGroup":"NULL","AssessmentGroup":[{"AssessmentGroupCode":"NULL","AssessmentGroupName":"","AssessmentComponentList":{"AssessmentComponent":[{"AssessmentComponentTitle":"Coursework two (1,800 words)","AssessmentComponentWeightPercentage":"35"},{"AssessmentComponentTitle":"Coursework three","AssessmentComponentWeightPercentage":"15"},{"AssessmentComponentTitle":"Coursework one (3,000 words)","AssessmentComponentWeightPercentage":"50"}]}},{"AssessmentGroupCode":"A","AssessmentGroupName":"","AssessmentComponentList":{"AssessmentComponent":[{"AssessmentComponentTitle":"Coursework three","AssessmentComponentWeightPercentage":"15"},{"AssessmentComponentTitle":"Coursework two (1,800 words)","AssessmentComponentWeightPercentage":"35"},{"AssessmentComponentTitle":"Coursework one (3,000 words)","AssessmentComponentWeightPercentage":"50"}]}}]}}}}}}}}