{"Response":{"Module":{"ModuleCode":"DENT0151","ModuleIdentifier":"066486BA79614D6183AF61BBED618F74","ModuleTitle":"Advanced Restorative Dentistry","ModuleContact":{"Faculty":{"FacultyCode":"MDS","FacultyName":"Faculty of Medical Sciences"},"Department":{"DepartmentCode":"EASTD_MDS","DepartmentName":"Eastman Dental Institute"}},"ModuleValue":"30","ModuleStudyHours":"300","ModuleLearningHours":"132","ModuleSearchKeywords":"","Email":"","ModuleSuperGroup":"","CEFRLevel":"","ModuleInstance":{"AcademicYearCode":"2019","AcademicYearDescription":"2019/20 academic  year","ModuleInstanceDescription":"<p>\n\tThis module is compulsory and needs to be taken by all students completing the MSc Sports Dentistry</p>\n<p>\n\t&nbsp;</p>\n","ModuleInstanceRestriction":"This module is only available for students of the Eastman Dental Institute studying the MSc Sports Dentistry","ModuleInstanceSubjectCollection":"","ModuleDeliveryCollection":{"ModuleDelivery":{"ModuleDeliveryIdentifier":"55FD8BC43C2611E98F17FA9D73C80301","LevelOfStudy":"Postgraduate","ModuleDeliveryPeriod":{"PeriodCode":"T1/2/3","PeriodTitle":"Academic year (terms 1, 2, and 3)"},"AcademicLevel":{"AcademicLevelCode":"L7","AcademicLevelTitle":"FHEQ Level 7"},"ModuleDeliveryType":"","ModeOfStudy":"Face-to-face","ModuleDeliveryTutor":{"PersonIdentifier":"PSHAR98","Name":"Pranay Sharma","Email":""},"PreviousYearStudentCount":"","NumberOfStudents":"10","ModuleDeliveryLocation":{"LocationIdentifier":"","LocationName":""},"ModuleDeliveryAssessment":{"AssessmentGroupCollection":{"@DefaultAssessmentGroup":"NULL","AssessmentGroup":[{"AssessmentGroupCode":"NULL","AssessmentGroupName":"","AssessmentComponentList":{"AssessmentComponent":[{"AssessmentComponentTitle":"Coursework two (1,800 words)","AssessmentComponentWeightPercentage":"35"},{"AssessmentComponentTitle":"Coursework three","AssessmentComponentWeightPercentage":"15"},{"AssessmentComponentTitle":"Coursework one (3,000 words)","AssessmentComponentWeightPercentage":"50"}]}},{"AssessmentGroupCode":"A","AssessmentGroupName":"","AssessmentComponentList":{"AssessmentComponent":[{"AssessmentComponentTitle":"Coursework three","AssessmentComponentWeightPercentage":"15"},{"AssessmentComponentTitle":"Coursework two (1,800 words)","AssessmentComponentWeightPercentage":"35"},{"AssessmentComponentTitle":"Coursework one (3,000 words)","AssessmentComponentWeightPercentage":"50"}]}}]}}}}}}}}