{"Response":{"Module":{"ModuleCode":"SECU0020","ModuleIdentifier":"06982BD073F811E89A86FAE8722E8321","ModuleTitle":"Preventing Crimes","ModuleContact":{"Faculty":{"FacultyCode":"ENG","FacultyName":"Faculty of Engineering Sciences"},"Department":{"DepartmentCode":"SECUR_ENG","DepartmentName":"Security and Crime Science"}},"ModuleValue":"15","ModuleStudyHours":"150","ModuleLearningHours":"0","ModuleSearchKeywords":"SITUATIONAL CRIME PREVENTION","Email":"","ModuleSuperGroup":"Preventing Crimes","CEFRLevel":"","ModuleInstance":{"AcademicYearCode":"2019","AcademicYearDescription":"2019/20 academic  year","ModuleInstanceDescription":"<p>\n\tThis module is designed to give students a solid understanding of the crime prevention process. In order to demonstrate such an understanding, students should avoid simply considering a crime type and suggesting a list of possible responses. Instead, they are expected to demonstrate a clear grasp of the actual process of crime prevention, its theory and application. For example, students should consider appropriate frameworks that can inform the design of preventative interventions and highlight issues that may arise in implementing these interventions. It is also useful to consider issues such as the quality of evidence that is available in making decisions regarding prevention. There will be discussion of the strengths and weaknesses of different evaluation designs and further evaluative techniques that are commonly used in evidence production. Finally it is useful to understand the process of synthesising evidence about &#39;what works&#39; in reducing a particular type of crime so that it is possible to give practitioners a detailed account of what they might expect when using a particular preventative strategy. This course focuses exclusively on examples of crime reduction using situational crime prevention techniques. *Please note you cannot take both this module and SECU0036 (Prevention &amp; Disruption).</p>\n","ModuleInstanceRestriction":"","ModuleInstanceSubjectCollection":"","ModuleDeliveryCollection":{"ModuleDelivery":{"ModuleDeliveryIdentifier":"06BDA44673F811E89A86FAE8722E8321","LevelOfStudy":"Postgraduate","ModuleDeliveryPeriod":{"PeriodCode":"T2","PeriodTitle":"Term 2"},"AcademicLevel":{"AcademicLevelCode":"L7","AcademicLevelTitle":"FHEQ Level 7"},"ModuleDeliveryType":"","ModeOfStudy":"Face-to-face","ModuleDeliveryTutor":{"PersonIdentifier":"KBOWE16","Name":"Kate Jane Bowers","Email":""},"PreviousYearStudentCount":"30","NumberOfStudents":"30","ModuleDeliveryLocation":{"LocationIdentifier":"","LocationName":""},"ModuleDeliveryAssessment":{"AssessmentGroupCollection":{"@DefaultAssessmentGroup":"NULL","AssessmentGroup":[{"AssessmentGroupCode":"NULL","AssessmentGroupName":"","AssessmentComponentList":{"AssessmentComponent":[{"AssessmentComponentTitle":"Coursework two (1,800 words)","AssessmentComponentWeightPercentage":"35"},{"AssessmentComponentTitle":"Coursework three","AssessmentComponentWeightPercentage":"15"},{"AssessmentComponentTitle":"Coursework one (3,000 words)","AssessmentComponentWeightPercentage":"50"}]}},{"AssessmentGroupCode":"A","AssessmentGroupName":"","AssessmentComponentList":{"AssessmentComponent":[{"AssessmentComponentTitle":"Coursework three","AssessmentComponentWeightPercentage":"15"},{"AssessmentComponentTitle":"Coursework two (1,800 words)","AssessmentComponentWeightPercentage":"35"},{"AssessmentComponentTitle":"Coursework one (3,000 words)","AssessmentComponentWeightPercentage":"50"}]}}]}}}}}}}}