{"Response":{"Module":{"ModuleCode":"SECU0022","ModuleIdentifier":"070F66FA73F811E89A86FAE8722E8321","ModuleTitle":"Crime Mapping and Spatial Analysis","ModuleContact":{"Faculty":{"FacultyCode":"ENG","FacultyName":"Faculty of Engineering Sciences"},"Department":{"DepartmentCode":"SECUR_ENG","DepartmentName":"Security and Crime Science"}},"ModuleValue":"15","ModuleStudyHours":"150","ModuleLearningHours":"0","ModuleSearchKeywords":"CRIME MAPPING SPATIAL ANALYSIS GEOGRAPHICAL ARCGIS","Email":"","ModuleSuperGroup":"","CEFRLevel":"","ModuleInstance":{"AcademicYearCode":"2019","AcademicYearDescription":"2019/20 academic  year","ModuleInstanceDescription":"<p>\n\tThis module will equip students with the theoretical and practical knowledge of geographical analytical tools applicable to the discipline of crime science.&nbsp; Using the SARA framework, this module will provide students with the opportunity to analyse real and simulated data to explore each part of the problem-solving process.</p>\n<p>\n\tDrawing on two key computer packages (ArcGIS and CrimeStat), this module will be invaluable to anyone intending to use spatial analysis in their dissertation or future applied work of this kind.</p>\n","ModuleInstanceRestriction":"","ModuleInstanceSubjectCollection":"","ModuleDeliveryCollection":{"ModuleDelivery":{"ModuleDeliveryIdentifier":"071E445473F811E89A86FAE8722E8321","LevelOfStudy":"Postgraduate","ModuleDeliveryPeriod":{"PeriodCode":"T2","PeriodTitle":"Term 2"},"AcademicLevel":{"AcademicLevelCode":"L7","AcademicLevelTitle":"FHEQ Level 7"},"ModuleDeliveryType":"","ModeOfStudy":"Face-to-face","ModuleDeliveryTutor":{"PersonIdentifier":"KCHET45","Name":"Kevin Chetty","Email":""},"PreviousYearStudentCount":"32","NumberOfStudents":"32","ModuleDeliveryLocation":{"LocationIdentifier":"","LocationName":""},"ModuleDeliveryAssessment":{"AssessmentGroupCollection":{"@DefaultAssessmentGroup":"NULL","AssessmentGroup":[{"AssessmentGroupCode":"NULL","AssessmentGroupName":"","AssessmentComponentList":{"AssessmentComponent":[{"AssessmentComponentTitle":"Coursework two (1,800 words)","AssessmentComponentWeightPercentage":"35"},{"AssessmentComponentTitle":"Coursework three","AssessmentComponentWeightPercentage":"15"},{"AssessmentComponentTitle":"Coursework one (3,000 words)","AssessmentComponentWeightPercentage":"50"}]}},{"AssessmentGroupCode":"A","AssessmentGroupName":"","AssessmentComponentList":{"AssessmentComponent":[{"AssessmentComponentTitle":"Coursework three","AssessmentComponentWeightPercentage":"15"},{"AssessmentComponentTitle":"Coursework two (1,800 words)","AssessmentComponentWeightPercentage":"35"},{"AssessmentComponentTitle":"Coursework one (3,000 words)","AssessmentComponentWeightPercentage":"50"}]}}]}}}}}}}}