{"Response":{"Module":{"ModuleCode":"SECU0024","ModuleIdentifier":"0756411A73F811E89A86FAE8722E8321","ModuleTitle":"Ethical Policing","ModuleContact":{"Faculty":{"FacultyCode":"ENG","FacultyName":"Faculty of Engineering Sciences"},"Department":{"DepartmentCode":"SECUR_ENG","DepartmentName":"Security and Crime Science"}},"ModuleValue":"15","ModuleStudyHours":"150","ModuleLearningHours":"0","ModuleSearchKeywords":"ETHICAL POLICING","Email":"","ModuleSuperGroup":"","CEFRLevel":"","ModuleInstance":{"AcademicYearCode":"2019","AcademicYearDescription":"2019/20 academic  year","ModuleInstanceDescription":"<p>\n\tThis module will focus on ethical challenges for police officers as they play out for all ranks, but specifically on ethical challenges for future leaders in the service.</p>\n<p>\n\tGrowing demands for transparency and accountability in policing have led to a number of scandals involving police misconduct and corruption.</p>\n<p>\n\tThis module will examine the need for future police leaders to foster an ethical climate in the force and within the leadership team, and to think about the ethical implications of everything they do as police officers.</p>\n<p>\n\tCase studies of successful and pernicious transformations will be discussed in order to learn lessons from the experience of others.</p>\n<p>\n\t<strong>The focus on ethics will be comprise three strands: </strong></p>\n<ul>\n\t<li>\n\t\tEthics in the application of police&nbsp;powers and procedures</li>\n\t<li>\n\t\tEthics in personal conduct (bullying, sexism, racism)</li>\n\t<li>\n\t\tEthics in professional conduct (abuse of process, financial impropriety, misjudgement)</li>\n</ul>\n<p>\n\tEthical decision-making in the professional sphere infused with the principles of procedural justice will discuss specific issues that pose ethical challenges such as use of force, stop and search, race relations, public order policing, balancing policing priorities vs.&nbsp;community needs, overseeing misconduct proceedings, and managing relationships with oversight bodies such as the IPCC and PCCs.</p>\n<p>\n\tImplications of the importance of maintaining high ethical standards for police legitimacy will be discussed.</p>\n","ModuleInstanceRestriction":"","ModuleInstanceSubjectCollection":"","ModuleDeliveryCollection":{"ModuleDelivery":{"ModuleDeliveryIdentifier":"0765592073F811E89A86FAE8722E8321","LevelOfStudy":"Postgraduate","ModuleDeliveryPeriod":{"PeriodCode":"T2","PeriodTitle":"Term 2"},"AcademicLevel":{"AcademicLevelCode":"L7","AcademicLevelTitle":"FHEQ Level 7"},"ModuleDeliveryType":"","ModeOfStudy":"Face-to-face","ModuleDeliveryTutor":{"PersonIdentifier":"JBELU69","Name":"Jyoti Sudhindranath Belur","Email":""},"PreviousYearStudentCount":"10","NumberOfStudents":"10","ModuleDeliveryLocation":{"LocationIdentifier":"","LocationName":""},"ModuleDeliveryAssessment":{"AssessmentGroupCollection":{"@DefaultAssessmentGroup":"NULL","AssessmentGroup":[{"AssessmentGroupCode":"NULL","AssessmentGroupName":"","AssessmentComponentList":{"AssessmentComponent":[{"AssessmentComponentTitle":"Coursework two (1,800 words)","AssessmentComponentWeightPercentage":"35"},{"AssessmentComponentTitle":"Coursework three","AssessmentComponentWeightPercentage":"15"},{"AssessmentComponentTitle":"Coursework one (3,000 words)","AssessmentComponentWeightPercentage":"50"}]}},{"AssessmentGroupCode":"A","AssessmentGroupName":"","AssessmentComponentList":{"AssessmentComponent":[{"AssessmentComponentTitle":"Coursework three","AssessmentComponentWeightPercentage":"15"},{"AssessmentComponentTitle":"Coursework two (1,800 words)","AssessmentComponentWeightPercentage":"35"},{"AssessmentComponentTitle":"Coursework one (3,000 words)","AssessmentComponentWeightPercentage":"50"}]}}]}}}}}}}}