{"Response":{"Module":{"ModuleCode":"SECU0025","ModuleIdentifier":"0779478C73F811E89A86FAE8722E8321","ModuleTitle":"Police and the Public","ModuleContact":{"Faculty":{"FacultyCode":"ENG","FacultyName":"Faculty of Engineering Sciences"},"Department":{"DepartmentCode":"SECUR_ENG","DepartmentName":"Security and Crime Science"}},"ModuleValue":"15","ModuleStudyHours":"150","ModuleLearningHours":"0","ModuleSearchKeywords":"POLICE PUBLIC RELATIONS","Email":"","ModuleSuperGroup":"","CEFRLevel":"","ModuleInstance":{"AcademicYearCode":"2019","AcademicYearDescription":"2019/20 academic  year","ModuleInstanceDescription":"<p>\n\tThis module covers a wider spectrum of topics pertaining to police and relations with the public. In recent years, public confidence in the police has increasingly come to be a benchmark indicator of police performance. Improving relations with the public has become the cornerstone of modern policing in many countries. Specific topics such as: policing diverse communities, gender and policing, public order policing, policing riots, stop and search tactics, and counter terrorism strategies will be discussed in the context of increasing public satisfaction and public confidence in the police. The lectures and seminars will be focused on identifying issues that could potentially alienate the public and discussing appropriate strategies to mitigate emerging conflicts between the police and the public in specific situations. The experience of various police organizations applying these strategies from diverse contexts and countries will be discussed. The module is conceived on the principle that police services to the public can be conceived of being of three types: Universal services (Maintenance of law and order). Targeted Services (Crime prevention (specific)). Specialised services (Particularly sections of society). As a result the specific session titles reflect these three kinds of services that provide opportunities for police-public contact.</p>\n","ModuleInstanceRestriction":"","ModuleInstanceSubjectCollection":"","ModuleDeliveryCollection":{"ModuleDelivery":{"ModuleDeliveryIdentifier":"0788EE2673F811E89A86FAE8722E8321","LevelOfStudy":"Postgraduate","ModuleDeliveryPeriod":{"PeriodCode":"T2","PeriodTitle":"Term 2"},"AcademicLevel":{"AcademicLevelCode":"L7","AcademicLevelTitle":"FHEQ Level 7"},"ModuleDeliveryType":"","ModeOfStudy":"Face-to-face","ModuleDeliveryTutor":{"PersonIdentifier":"JBELU69","Name":"Jyoti Sudhindranath Belur","Email":""},"PreviousYearStudentCount":"10","NumberOfStudents":"10","ModuleDeliveryLocation":{"LocationIdentifier":"","LocationName":""},"ModuleDeliveryAssessment":{"AssessmentGroupCollection":{"@DefaultAssessmentGroup":"NULL","AssessmentGroup":[{"AssessmentGroupCode":"NULL","AssessmentGroupName":"","AssessmentComponentList":{"AssessmentComponent":[{"AssessmentComponentTitle":"Coursework two (1,800 words)","AssessmentComponentWeightPercentage":"35"},{"AssessmentComponentTitle":"Coursework three","AssessmentComponentWeightPercentage":"15"},{"AssessmentComponentTitle":"Coursework one (3,000 words)","AssessmentComponentWeightPercentage":"50"}]}},{"AssessmentGroupCode":"A","AssessmentGroupName":"","AssessmentComponentList":{"AssessmentComponent":[{"AssessmentComponentTitle":"Coursework three","AssessmentComponentWeightPercentage":"15"},{"AssessmentComponentTitle":"Coursework two (1,800 words)","AssessmentComponentWeightPercentage":"35"},{"AssessmentComponentTitle":"Coursework one (3,000 words)","AssessmentComponentWeightPercentage":"50"}]}}]}}}}}}}}