{"Response":{"Module":{"ModuleCode":"CEGE0033","ModuleIdentifier":"078B3A0E73F411E89A86FAE8722E8321","ModuleTitle":"Seismic Risk Assessment","ModuleContact":{"Faculty":{"FacultyCode":"ENG","FacultyName":"Faculty of Engineering Sciences"},"Department":{"DepartmentCode":"CIVLG_ENG","DepartmentName":"Civil, Environmental and Geomatic Engineering"}},"ModuleValue":"15","ModuleStudyHours":"150","ModuleLearningHours":"50","ModuleSearchKeywords":"SEISMIC RISK, CATASTOPHE MODELLING, SEISMIC HAZARD, VULNERABILITY, FRAGILITY, EXPOSURE, LOSS","Email":"t.rossetto@ucl.ac.uk","ModuleSuperGroup":"","CEFRLevel":"","ModuleInstance":{"AcademicYearCode":"2019","AcademicYearDescription":"2019/20 academic  year","ModuleInstanceDescription":"<p>\n\tSeismic risk and the potential earthquake losses are evaluated differently by disparate industries and organisations. This course covers the fundamental components of earthquake risk assessments, i.e.the estimation of probable earthquake ground shaking in a city, ways to assess the likely damage to different building types (vulnerability), and approaches to estimate the human casualties and economic losses arising from the building damage. The course also provides an introduction to GIS and to simplified structural analysis and seismic assessment tools, through a series of computer-based tutorials. A number of guest lectures will also be delivered by professionals from the Catastrophe Modelling, Re-Insurance and Civil Engineering industies.&nbsp;</p>\n<p>\n\tAims:</p>\n<ul>\n\t<li>\n\t\tTo provide an overview of how engineers and different agencies assess seismic risk to life, economy and buildings.</li>\n\t<li>\n\t\tProvide understanding of the technical calculation of seismic risk.</li>\n\t<li>\n\t\tDeliver an understanding of the uncertainties involved in seismic risk estimation.</li>\n</ul>\n<p>\n\tLearning Outcomes:</p>\n<ul>\n\t<li>\n\t\tUnderstand the underlying principles, appreciate the limitations and be able to critically evaluate techniques for the seismic risk assessment of civil engineering structures.</li>\n\t<li>\n\t\tPractical knowledge of probabilistic seismic hazard calculation, building vulnerability assessment and and seismic loss estimation</li>\n\t<li>\n\t\tKnowledge of the possible consequences of a damaging earthquake in different social and economic contexts.</li>\n</ul>\n","ModuleInstanceRestriction":"","ModuleInstanceSubjectCollection":{"ModuleInstanceSubject":"Civil and Environmental Engineering"},"ModuleDeliveryCollection":{"ModuleDelivery":[{"ModuleDeliveryIdentifier":"07C4778873F411E89A86FAE8722E8321","LevelOfStudy":"Undergraduate","ModuleDeliveryPeriod":{"PeriodCode":"T1","PeriodTitle":"Term 1"},"AcademicLevel":{"AcademicLevelCode":"L7","AcademicLevelTitle":"FHEQ Level 7"},"ModuleDeliveryType":"","ModeOfStudy":"Face-to-face","ModuleDeliveryTutor":{"PersonIdentifier":"TROSS20","Name":"Tiziana Rossetto","Email":""},"PreviousYearStudentCount":"5","NumberOfStudents":"5","ModuleDeliveryLocation":{"LocationIdentifier":"","LocationName":""},"ModuleDeliveryAssessment":{"AssessmentGroupCollection":{"@DefaultAssessmentGroup":"NULL","AssessmentGroup":[{"AssessmentGroupCode":"NULL","AssessmentGroupName":"","AssessmentComponentList":{"AssessmentComponent":[{"AssessmentComponentTitle":"Coursework two (1,800 words)","AssessmentComponentWeightPercentage":"35"},{"AssessmentComponentTitle":"Coursework three","AssessmentComponentWeightPercentage":"15"},{"AssessmentComponentTitle":"Coursework one (3,000 words)","AssessmentComponentWeightPercentage":"50"}]}},{"AssessmentGroupCode":"A","AssessmentGroupName":"","AssessmentComponentList":{"AssessmentComponent":[{"AssessmentComponentTitle":"Coursework three","AssessmentComponentWeightPercentage":"15"},{"AssessmentComponentTitle":"Coursework two (1,800 words)","AssessmentComponentWeightPercentage":"35"},{"AssessmentComponentTitle":"Coursework one (3,000 words)","AssessmentComponentWeightPercentage":"50"}]}}]}}},{"ModuleDeliveryIdentifier":"0799332A73F411E89A86FAE8722E8321","LevelOfStudy":"Postgraduate","ModuleDeliveryPeriod":{"PeriodCode":"T1","PeriodTitle":"Term 1"},"AcademicLevel":{"AcademicLevelCode":"L7","AcademicLevelTitle":"FHEQ Level 7"},"ModuleDeliveryType":"","ModeOfStudy":"Face-to-face","ModuleDeliveryTutor":{"PersonIdentifier":"TROSS20","Name":"Tiziana Rossetto","Email":""},"PreviousYearStudentCount":"25","NumberOfStudents":"25","ModuleDeliveryLocation":{"LocationIdentifier":"","LocationName":""},"ModuleDeliveryAssessment":{"AssessmentGroupCollection":{"@DefaultAssessmentGroup":"NULL","AssessmentGroup":[{"AssessmentGroupCode":"NULL","AssessmentGroupName":"","AssessmentComponentList":{"AssessmentComponent":[{"AssessmentComponentTitle":"Coursework two (1,800 words)","AssessmentComponentWeightPercentage":"35"},{"AssessmentComponentTitle":"Coursework three","AssessmentComponentWeightPercentage":"15"},{"AssessmentComponentTitle":"Coursework one (3,000 words)","AssessmentComponentWeightPercentage":"50"}]}},{"AssessmentGroupCode":"A","AssessmentGroupName":"","AssessmentComponentList":{"AssessmentComponent":[{"AssessmentComponentTitle":"Coursework three","AssessmentComponentWeightPercentage":"15"},{"AssessmentComponentTitle":"Coursework two (1,800 words)","AssessmentComponentWeightPercentage":"35"},{"AssessmentComponentTitle":"Coursework one (3,000 words)","AssessmentComponentWeightPercentage":"50"}]}}]}}}]}}}}}