{"Response":{"Module":{"ModuleCode":"MSIN0150","ModuleIdentifier":"07B61A0770894DDAB48A5583140230B5","ModuleTitle":"Machine Learning for Organisation Scientists","ModuleContact":{"Faculty":{"FacultyCode":"ENG","FacultyName":"Faculty of Engineering Sciences"},"Department":{"DepartmentCode":"MANAG_ENG","DepartmentName":"UCL School of Management"}},"ModuleValue":"15","ModuleStudyHours":"150","ModuleLearningHours":"30","ModuleSearchKeywords":"MACHINE LEARNING, BUSINESS ANALYTICS","Email":"andrew.k@ucl.ac.uk","ModuleSuperGroup":"","CEFRLevel":"","ModuleInstance":{"AcademicYearCode":"2019","AcademicYearDescription":"2019/20 academic  year","ModuleInstanceDescription":"<p>\n\tThis seminar is designed for research students and emphasises the application of machine learning methods for research on organisations. We will cover both supervised and unsupervised learning methods, including regularised regression and neural networks. The focus is on understanding and application. Basic knowledge of econometrics, programming and linear algebra is required.</p>\n<p>\n\t<strong>Aims of the module</strong></p>\n<p>\n\tIn general, this module aims to equip organisation scientists with machine learning methods. Specifically, this module is designed to help students achieve the specified learning outcomes.</p>\n<p>\n\t<strong>Upon successful completion of the module, a student should be able to:</strong></p>\n<ul>\n\t<li>\n\t\tUnderstand the theoretical foundations of key machine learning methods</li>\n\t<li>\n\t\tSelect a suitable machine learning method to investigate a specific research question</li>\n\t<li>\n\t\tImplement machine learning methods and apply them to data</li>\n</ul>\n<p>\n\tLearn advanced machine learning methods through self-study</p>\n","ModuleInstanceRestriction":"Module is only available to MRes and PhD doctoral track students.\nIt is recommended that students have prior basic knowledge of econometrics/programming/linear algebra.","ModuleInstanceSubjectCollection":{"ModuleInstanceSubject":"Management Studies"},"ModuleDeliveryCollection":{"ModuleDelivery":{"ModuleDeliveryIdentifier":"5A7CD90836B211E9AF70B578ABF1CE68","LevelOfStudy":"Postgraduate","ModuleDeliveryPeriod":{"PeriodCode":"T3","PeriodTitle":"Term 3"},"AcademicLevel":{"AcademicLevelCode":"L7","AcademicLevelTitle":"FHEQ Level 7"},"ModuleDeliveryType":"","ModeOfStudy":"Face-to-face","ModuleDeliveryTutor":{"PersonIdentifier":"BVANN78","Name":"Bart Steven Vanneste","Email":""},"PreviousYearStudentCount":"","NumberOfStudents":"10","ModuleDeliveryLocation":{"LocationIdentifier":"","LocationName":""},"ModuleDeliveryAssessment":{"AssessmentGroupCollection":{"@DefaultAssessmentGroup":"NULL","AssessmentGroup":[{"AssessmentGroupCode":"NULL","AssessmentGroupName":"","AssessmentComponentList":{"AssessmentComponent":[{"AssessmentComponentTitle":"Coursework two (1,800 words)","AssessmentComponentWeightPercentage":"35"},{"AssessmentComponentTitle":"Coursework three","AssessmentComponentWeightPercentage":"15"},{"AssessmentComponentTitle":"Coursework one (3,000 words)","AssessmentComponentWeightPercentage":"50"}]}},{"AssessmentGroupCode":"A","AssessmentGroupName":"","AssessmentComponentList":{"AssessmentComponent":[{"AssessmentComponentTitle":"Coursework three","AssessmentComponentWeightPercentage":"15"},{"AssessmentComponentTitle":"Coursework two (1,800 words)","AssessmentComponentWeightPercentage":"35"},{"AssessmentComponentTitle":"Coursework one (3,000 words)","AssessmentComponentWeightPercentage":"50"}]}}]}}}}}}}}