{"Response":{"Module":{"ModuleCode":"SECU0027","ModuleIdentifier":"07BFA22C73F811E89A86FAE8722E8321","ModuleTitle":"Designing and Doing Research","ModuleContact":{"Faculty":{"FacultyCode":"ENG","FacultyName":"Faculty of Engineering Sciences"},"Department":{"DepartmentCode":"SECUR_ENG","DepartmentName":"Security and Crime Science"}},"ModuleValue":"15","ModuleStudyHours":"150","ModuleLearningHours":"0","ModuleSearchKeywords":"RESEARCH SCIENTIFIC THEORY DESIGN HYPOTHESIS ENQUIRY","Email":"","ModuleSuperGroup":"","CEFRLevel":"","ModuleInstance":{"AcademicYearCode":"2019","AcademicYearDescription":"2019/20 academic  year","ModuleInstanceDescription":"<p>\n\tThis module will give students an understanding of the general principles of scientific endeavour, whilst familiarising students with the research process. The module will look specifically at the nature of scientific knowledge, and the elements underpinning different approaches to designing and doing research. The key components of research planning will be covered, and students will learn about different methods of data collection. The module is designed to provide an understanding of research design, with a view to providing practical knowledge which can be used in planning a dissertation project.</p>\n<p>\n\tPLEASE READ IF YOU ARE STUDYING ON A MODULAR FLEXIBLE BASIS: We highly recommend that you take this module in the same year (or the year before) that you undertake SECU0045 (the dissertation project). It will aid you in the design of your dissertation. It also complements SECU0028 (Quantitative Methods) well, but as both modules run in Term 1 you need to ensure that you have the time to commit to both.</p>\n","ModuleInstanceRestriction":"","ModuleInstanceSubjectCollection":"","ModuleDeliveryCollection":{"ModuleDelivery":{"ModuleDeliveryIdentifier":"07CE8B3473F811E89A86FAE8722E8321","LevelOfStudy":"Postgraduate","ModuleDeliveryPeriod":{"PeriodCode":"T1","PeriodTitle":"Term 1"},"AcademicLevel":{"AcademicLevelCode":"L7","AcademicLevelTitle":"FHEQ Level 7"},"ModuleDeliveryType":"","ModeOfStudy":"Face-to-face","ModuleDeliveryTutor":{"PersonIdentifier":"HBORR81","Name":"Herve Borrion","Email":""},"PreviousYearStudentCount":"140","NumberOfStudents":"140","ModuleDeliveryLocation":{"LocationIdentifier":"","LocationName":""},"ModuleDeliveryAssessment":{"AssessmentGroupCollection":{"@DefaultAssessmentGroup":"NULL","AssessmentGroup":[{"AssessmentGroupCode":"NULL","AssessmentGroupName":"","AssessmentComponentList":{"AssessmentComponent":[{"AssessmentComponentTitle":"Coursework two (1,800 words)","AssessmentComponentWeightPercentage":"35"},{"AssessmentComponentTitle":"Coursework three","AssessmentComponentWeightPercentage":"15"},{"AssessmentComponentTitle":"Coursework one (3,000 words)","AssessmentComponentWeightPercentage":"50"}]}},{"AssessmentGroupCode":"A","AssessmentGroupName":"","AssessmentComponentList":{"AssessmentComponent":[{"AssessmentComponentTitle":"Coursework three","AssessmentComponentWeightPercentage":"15"},{"AssessmentComponentTitle":"Coursework two (1,800 words)","AssessmentComponentWeightPercentage":"35"},{"AssessmentComponentTitle":"Coursework one (3,000 words)","AssessmentComponentWeightPercentage":"50"}]}}]}}}}}}}}