{"Response":{"Module":{"ModuleCode":"SECU0028","ModuleIdentifier":"07E2CA9A73F811E89A86FAE8722E8321","ModuleTitle":"Quantitative Methods","ModuleContact":{"Faculty":{"FacultyCode":"ENG","FacultyName":"Faculty of Engineering Sciences"},"Department":{"DepartmentCode":"SECUR_ENG","DepartmentName":"Security and Crime Science"}},"ModuleValue":"15","ModuleStudyHours":"150","ModuleLearningHours":"0","ModuleSearchKeywords":"QUANTITATIVE RESEARCH METHODS STATISTICAL ANALYSIS","Email":"","ModuleSuperGroup":"Quantitative Methods","CEFRLevel":"","ModuleInstance":{"AcademicYearCode":"2019","AcademicYearDescription":"2019/20 academic  year","ModuleInstanceDescription":"<p>\n\tThe aim of the Quantitative Methods module is to provide students with an understanding of different types of research design and statistical analysis, with a particular focus on those methods and concepts that are appropriate to the application of Crime Science. Relevant examples will be used to show students how to apply these principles and methods to the real-world problem of crime control. There will also be a focus on how to read and interpret empirical research reports. A number of data analysis techniques will also be covered and students will have the opportunity to practice these using real and simulated data in various software packages such as Statistical Package for the Social Sciences (SPSS), Stata and Microsoft Excel. PLEASE READ IF YOU ARE STUDYING ON A MODULAR FLEXIBLE BASIS: This module should be taken in the same year as, or close to you taking the dissertation module. We recommend that you take this module prior to taking SECUGC26 (Crime Mapping), unless you already have experience of using SPSS through professional work or previous studies.</p>\n","ModuleInstanceRestriction":"","ModuleInstanceSubjectCollection":"","ModuleDeliveryCollection":{"ModuleDelivery":{"ModuleDeliveryIdentifier":"07F1D66673F811E89A86FAE8722E8321","LevelOfStudy":"Postgraduate","ModuleDeliveryPeriod":{"PeriodCode":"T1","PeriodTitle":"Term 1"},"AcademicLevel":{"AcademicLevelCode":"L7","AcademicLevelTitle":"FHEQ Level 7"},"ModuleDeliveryType":"","ModeOfStudy":"Face-to-face","ModuleDeliveryTutor":{"PersonIdentifier":"TPDAV87","Name":"Toby Peter Davies","Email":""},"PreviousYearStudentCount":"140","NumberOfStudents":"140","ModuleDeliveryLocation":{"LocationIdentifier":"","LocationName":""},"ModuleDeliveryAssessment":{"AssessmentGroupCollection":{"@DefaultAssessmentGroup":"NULL","AssessmentGroup":[{"AssessmentGroupCode":"NULL","AssessmentGroupName":"","AssessmentComponentList":{"AssessmentComponent":[{"AssessmentComponentTitle":"Coursework two (1,800 words)","AssessmentComponentWeightPercentage":"35"},{"AssessmentComponentTitle":"Coursework three","AssessmentComponentWeightPercentage":"15"},{"AssessmentComponentTitle":"Coursework one (3,000 words)","AssessmentComponentWeightPercentage":"50"}]}},{"AssessmentGroupCode":"A","AssessmentGroupName":"","AssessmentComponentList":{"AssessmentComponent":[{"AssessmentComponentTitle":"Coursework three","AssessmentComponentWeightPercentage":"15"},{"AssessmentComponentTitle":"Coursework two (1,800 words)","AssessmentComponentWeightPercentage":"35"},{"AssessmentComponentTitle":"Coursework one (3,000 words)","AssessmentComponentWeightPercentage":"50"}]}}]}}}}}}}}