{"Response":{"Module":{"ModuleCode":"SECU0029","ModuleIdentifier":"0805A9B673F811E89A86FAE8722E8321","ModuleTitle":"Hotspot Policing","ModuleContact":{"Faculty":{"FacultyCode":"ENG","FacultyName":"Faculty of Engineering Sciences"},"Department":{"DepartmentCode":"SECUR_ENG","DepartmentName":"Security and Crime Science"}},"ModuleValue":"15","ModuleStudyHours":"150","ModuleLearningHours":"0","ModuleSearchKeywords":"POLICING, HOTSPOTS, CRIME, EVIDENCE-BASED","Email":"","ModuleSuperGroup":"","CEFRLevel":"","ModuleInstance":{"AcademicYearCode":"2019","AcademicYearDescription":"2019/20 academic  year","ModuleInstanceDescription":"<p>\n\tThe hotspots policing module covers the theoretical principles underpinning crime hotspots, examines the evidence-base on hotspot policing, and the practicalities involved in designing and implementing an effective hotspot policing strategy. Students are challenged to critically consider how and why the targeting of police officers to crime hotspots can lead to reductions in crime. During the module, students will also examine the &lsquo;black box&rsquo; of hotspot policing, including reviewing police officers&rsquo; thoughts on doing hotspot policing and examining the logistical and leadership requirements that are necessary to ensure a hotspot policing programme is delivered effectively. Examples of hotspot policing will be drawn from the US, UK, Canada, Australia, New Zealand and Latin America. The hotspot policing module will be delivered as a one-week intensive module that combines lecture time with group seminars and problem classes, a computer lab-based practical, tutoring, reading and field work.</p>\n","ModuleInstanceRestriction":"","ModuleInstanceSubjectCollection":"","ModuleDeliveryCollection":{"ModuleDelivery":{"ModuleDeliveryIdentifier":"081480EE73F811E89A86FAE8722E8321","LevelOfStudy":"Postgraduate","ModuleDeliveryPeriod":{"PeriodCode":"T3","PeriodTitle":"Term 3"},"AcademicLevel":{"AcademicLevelCode":"L7","AcademicLevelTitle":"FHEQ Level 7"},"ModuleDeliveryType":"","ModeOfStudy":"Face-to-face","ModuleDeliveryTutor":{"PersonIdentifier":"SPCHA84","Name":"Spencer Chainey","Email":""},"PreviousYearStudentCount":"10","NumberOfStudents":"10","ModuleDeliveryLocation":{"LocationIdentifier":"","LocationName":""},"ModuleDeliveryAssessment":{"AssessmentGroupCollection":{"@DefaultAssessmentGroup":"NULL","AssessmentGroup":[{"AssessmentGroupCode":"NULL","AssessmentGroupName":"","AssessmentComponentList":{"AssessmentComponent":[{"AssessmentComponentTitle":"Coursework two (1,800 words)","AssessmentComponentWeightPercentage":"35"},{"AssessmentComponentTitle":"Coursework three","AssessmentComponentWeightPercentage":"15"},{"AssessmentComponentTitle":"Coursework one (3,000 words)","AssessmentComponentWeightPercentage":"50"}]}},{"AssessmentGroupCode":"A","AssessmentGroupName":"","AssessmentComponentList":{"AssessmentComponent":[{"AssessmentComponentTitle":"Coursework three","AssessmentComponentWeightPercentage":"15"},{"AssessmentComponentTitle":"Coursework two (1,800 words)","AssessmentComponentWeightPercentage":"35"},{"AssessmentComponentTitle":"Coursework one (3,000 words)","AssessmentComponentWeightPercentage":"50"}]}}]}}}}}}}}