{"Response":{"Module":{"ModuleCode":"SECU0030","ModuleIdentifier":"0828B16873F811E89A86FAE8722E8321","ModuleTitle":"Management Skills for Police Leaders","ModuleContact":{"Faculty":{"FacultyCode":"ENG","FacultyName":"Faculty of Engineering Sciences"},"Department":{"DepartmentCode":"SECUR_ENG","DepartmentName":"Security and Crime Science"}},"ModuleValue":"15","ModuleStudyHours":"150","ModuleLearningHours":"0","ModuleSearchKeywords":"MANAGERS, POLICE, POLICING, POLICE LEADERS, MANAGEMENT SKILLS","Email":"","ModuleSuperGroup":"","CEFRLevel":"","ModuleInstance":{"AcademicYearCode":"2019","AcademicYearDescription":"2019/20 academic  year","ModuleInstanceDescription":"<p>\n\tThis module will focus on essential skills for leaders and managers of police organisations. Drawing on management lessons from the private and public sector organisations, essential leadership skills for police managers will be discussed. Specific topics will include, &middot; types of effective leadership styles, &middot; management skills, &middot; enhancing communication skills (verbal, listening and presentational skills); &middot; media engagement; &middot; motivational strategies, &middot; managing political expectations &middot; succession planning. The module will also focus on lessons police managers can draw from the voluntary sector, which have special salience, given the increasing reliance of the UK police on volunteers, e.g., special constables, citizen patrols, and neighbourhood watch coordinators. Case studies focusing on examples of how &lsquo;turnaround management&rsquo; has transformed police organisations and the role of strategic leadership in engendering reforms and modernisation in police organisations will be used to develop understanding of the mechanism and implementation of change and reform concepts. This module will be run over 5 days in the reading week of term 2.</p>\n","ModuleInstanceRestriction":"","ModuleInstanceSubjectCollection":"","ModuleDeliveryCollection":{"ModuleDelivery":{"ModuleDeliveryIdentifier":"0837946273F811E89A86FAE8722E8321","LevelOfStudy":"Postgraduate","ModuleDeliveryPeriod":{"PeriodCode":"T2","PeriodTitle":"Term 2"},"AcademicLevel":{"AcademicLevelCode":"L7","AcademicLevelTitle":"FHEQ Level 7"},"ModuleDeliveryType":"","ModeOfStudy":"Face-to-face","ModuleDeliveryTutor":{"PersonIdentifier":"JBELU69","Name":"Jyoti Sudhindranath Belur","Email":""},"PreviousYearStudentCount":"10","NumberOfStudents":"10","ModuleDeliveryLocation":{"LocationIdentifier":"","LocationName":""},"ModuleDeliveryAssessment":{"AssessmentGroupCollection":{"@DefaultAssessmentGroup":"NULL","AssessmentGroup":[{"AssessmentGroupCode":"NULL","AssessmentGroupName":"","AssessmentComponentList":{"AssessmentComponent":[{"AssessmentComponentTitle":"Coursework two (1,800 words)","AssessmentComponentWeightPercentage":"35"},{"AssessmentComponentTitle":"Coursework three","AssessmentComponentWeightPercentage":"15"},{"AssessmentComponentTitle":"Coursework one (3,000 words)","AssessmentComponentWeightPercentage":"50"}]}},{"AssessmentGroupCode":"A","AssessmentGroupName":"","AssessmentComponentList":{"AssessmentComponent":[{"AssessmentComponentTitle":"Coursework three","AssessmentComponentWeightPercentage":"15"},{"AssessmentComponentTitle":"Coursework two (1,800 words)","AssessmentComponentWeightPercentage":"35"},{"AssessmentComponentTitle":"Coursework one (3,000 words)","AssessmentComponentWeightPercentage":"50"}]}}]}}}}}}}}