{"Response":{"Module":{"ModuleCode":"SECU0031","ModuleIdentifier":"084C05AA73F811E89A86FAE8722E8321","ModuleTitle":"Foundations of Security and Crime Science","ModuleContact":{"Faculty":{"FacultyCode":"ENG","FacultyName":"Faculty of Engineering Sciences"},"Department":{"DepartmentCode":"SECUR_ENG","DepartmentName":"Security and Crime Science"}},"ModuleValue":"15","ModuleStudyHours":"150","ModuleLearningHours":"0","ModuleSearchKeywords":"SECURITY CRIME SCIENCE","Email":"","ModuleSuperGroup":"","CEFRLevel":"","ModuleInstance":{"AcademicYearCode":"2019","AcademicYearDescription":"2019/20 academic  year","ModuleInstanceDescription":"<p>\n\tIt is compulsory across all of the programmes in the Department of Security and Crime Science, and provides an introduction. Foundations of Security &amp; Crime Science is a core module undertaken by all masters students in the Department of Security and Crime Science. The purpose of this module is to set out the foundational concepts, theories and approaches that underpin the masters programmes offered in the Department. In this way the module provides an overarching framework for the modules that follow. It outlines the distinctive nature of the crime science approach to understanding, preventing, detecting and investigating crime and security problems. It presents the key theories that explain the temporal and spatial patterning of crime and terrorism events, and introduces students to associated strategies for disrupting these patterns. The need for a multidisciplinary approach &ndash; especially the integration of the social, life and physical sciences - to address crime and security problems is emphasised, with the contributions of the forensic sciences and security technology highlighted. NOTE TO MODULAR/FLEXIBLE STUDENTS You must take this module first before you take any other modules</p>\n","ModuleInstanceRestriction":"","ModuleInstanceSubjectCollection":"","ModuleDeliveryCollection":{"ModuleDelivery":{"ModuleDeliveryIdentifier":"085AEF7073F811E89A86FAE8722E8321","LevelOfStudy":"Postgraduate","ModuleDeliveryPeriod":{"PeriodCode":"T1","PeriodTitle":"Term 1"},"AcademicLevel":{"AcademicLevelCode":"L7","AcademicLevelTitle":"FHEQ Level 7"},"ModuleDeliveryType":"","ModeOfStudy":"Face-to-face","ModuleDeliveryTutor":{"PersonIdentifier":"RKWOR37","Name":"Richard Keith Wortley","Email":""},"PreviousYearStudentCount":"140","NumberOfStudents":"140","ModuleDeliveryLocation":{"LocationIdentifier":"","LocationName":""},"ModuleDeliveryAssessment":{"AssessmentGroupCollection":{"@DefaultAssessmentGroup":"NULL","AssessmentGroup":[{"AssessmentGroupCode":"NULL","AssessmentGroupName":"","AssessmentComponentList":{"AssessmentComponent":[{"AssessmentComponentTitle":"Coursework two (1,800 words)","AssessmentComponentWeightPercentage":"35"},{"AssessmentComponentTitle":"Coursework three","AssessmentComponentWeightPercentage":"15"},{"AssessmentComponentTitle":"Coursework one (3,000 words)","AssessmentComponentWeightPercentage":"50"}]}},{"AssessmentGroupCode":"A","AssessmentGroupName":"","AssessmentComponentList":{"AssessmentComponent":[{"AssessmentComponentTitle":"Coursework three","AssessmentComponentWeightPercentage":"15"},{"AssessmentComponentTitle":"Coursework two (1,800 words)","AssessmentComponentWeightPercentage":"35"},{"AssessmentComponentTitle":"Coursework one (3,000 words)","AssessmentComponentWeightPercentage":"50"}]}}]}}}}}}}}