{"Response":{"Module":{"ModuleCode":"SECU0032","ModuleIdentifier":"086EFD6273F811E89A86FAE8722E8321","ModuleTitle":"Perspectives on Organised Crime","ModuleContact":{"Faculty":{"FacultyCode":"ENG","FacultyName":"Faculty of Engineering Sciences"},"Department":{"DepartmentCode":"SECUR_ENG","DepartmentName":"Security and Crime Science"}},"ModuleValue":"15","ModuleStudyHours":"150","ModuleLearningHours":"0","ModuleSearchKeywords":"ORGANISED CRIME","Email":"","ModuleSuperGroup":"","CEFRLevel":"","ModuleInstance":{"AcademicYearCode":"2019","AcademicYearDescription":"2019/20 academic  year","ModuleInstanceDescription":"<p>\n\tThis module is designed to give students a robust and far-reaching introduction to the phenomenon of organised crime. It will address important definitional issues and key theoretical constructs in the study of organised crime, including co-offending and offender networking. It will provide a brief history of organised crime that considers prominent organised crime groups worldwide and different manifestations of organised crime over time. The module will address cross-cutting issues in organised crime, including corruption, the cyber-dimension to organised crime and money laundering and financial crime. Major crime problems often associated with organised crime will be examined in-depth, including trafficking in drugs, arms and human beings. The module will consider organised crime from both a transnational and local perspective and will employ examples from diverse countries worldwide. Throughout the module, we will draw on literature from a wide range of disciplines and sources. Students will be encouraged to reflect critically on what it means to take a scientific approach to the study and analysis of organised&nbsp;crime.</p>\n","ModuleInstanceRestriction":"","ModuleInstanceSubjectCollection":"","ModuleDeliveryCollection":{"ModuleDelivery":{"ModuleDeliveryIdentifier":"08942F9273F811E89A86FAE8722E8321","LevelOfStudy":"Postgraduate","ModuleDeliveryPeriod":{"PeriodCode":"T1","PeriodTitle":"Term 1"},"AcademicLevel":{"AcademicLevelCode":"L7","AcademicLevelTitle":"FHEQ Level 7"},"ModuleDeliveryType":"","ModeOfStudy":"Face-to-face","ModuleDeliveryTutor":{"PersonIdentifier":"EPCOC60","Name":"Eleanor Polly Cockbain","Email":""},"PreviousYearStudentCount":"90","NumberOfStudents":"90","ModuleDeliveryLocation":{"LocationIdentifier":"","LocationName":""},"ModuleDeliveryAssessment":{"AssessmentGroupCollection":{"@DefaultAssessmentGroup":"NULL","AssessmentGroup":[{"AssessmentGroupCode":"NULL","AssessmentGroupName":"","AssessmentComponentList":{"AssessmentComponent":[{"AssessmentComponentTitle":"Coursework two (1,800 words)","AssessmentComponentWeightPercentage":"35"},{"AssessmentComponentTitle":"Coursework three","AssessmentComponentWeightPercentage":"15"},{"AssessmentComponentTitle":"Coursework one (3,000 words)","AssessmentComponentWeightPercentage":"50"}]}},{"AssessmentGroupCode":"A","AssessmentGroupName":"","AssessmentComponentList":{"AssessmentComponent":[{"AssessmentComponentTitle":"Coursework three","AssessmentComponentWeightPercentage":"15"},{"AssessmentComponentTitle":"Coursework two (1,800 words)","AssessmentComponentWeightPercentage":"35"},{"AssessmentComponentTitle":"Coursework one (3,000 words)","AssessmentComponentWeightPercentage":"50"}]}}]}}}}}}}}