{"Response":{"Module":{"ModuleCode":"SECU0035","ModuleIdentifier":"08F0791E73F811E89A86FAE8722E8321","ModuleTitle":"Perspectives on Terrorism","ModuleContact":{"Faculty":{"FacultyCode":"ENG","FacultyName":"Faculty of Engineering Sciences"},"Department":{"DepartmentCode":"SECUR_ENG","DepartmentName":"Security and Crime Science"}},"ModuleValue":"15","ModuleStudyHours":"150","ModuleLearningHours":"0","ModuleSearchKeywords":"COUNTERING TERRORISM","Email":"","ModuleSuperGroup":"","CEFRLevel":"","ModuleInstance":{"AcademicYearCode":"2019","AcademicYearDescription":"2019/20 academic  year","ModuleInstanceDescription":"<p>\n\tThis module provides students with an overview of key issues on terrorism, including empirical trends, historical manifestations, current groups and tactics, main types of terrorist movements, and prominent theories which explain terrorism with reference to individual, situational, social ecological and systemic factors.&nbsp;</p>\n<p>\n\tWhile much of the course material and required readings draw from an array of disciplines traditionally concerned with the topic, such as political science, international relations, criminology, sociology and psychology, one of the objectives of the module is to introduce students to a more distinctive security and crime science perspective on the subject.</p>\n<p>\n\tTherefore, throughout the module, students are encouraged to:&nbsp;</p>\n<ul>\n\t<li>\n\t\tadopt a critical yet open mindset (students shouldn&#39;t take readings at face-value, but be willing to learn from different points of views and disciplines);&nbsp;</li>\n\t<li>\n\t\treflect on the conceptual and methodological issues involved in studying a pressing social problem such as terrorism as a concrete scientific subject;&nbsp;</li>\n\t<li>\n\t\tconsider the challenges involved in developing a scientific knowledge-base on terrorism for the purpose of application to real-life problems;</li>\n\t<li>\n\t\tthink about what this particular approach to the study of terrorism implies for the design (and evaluation) of preventive and disruptive social and scientific technologies to combat terrorism.</li>\n</ul>\n<p>\n\tAs an indication, some of the lectures delivered in this module address the following questions:</p>\n<ul>\n\t<li>\n\t\tWhat does it mean to study terrorism as a scientific problem?</li>\n\t<li>\n\t\tHow do we get around the problem of lack of consensual definitions?</li>\n\t<li>\n\t\tWhy does knowing past forms of terrorism matter?</li>\n\t<li>\n\t\tWhere to find terrorism data for research?</li>\n\t<li>\n\t\tHow have researchers tried to explain why groups and individuals engage in terrorism and what are the implications of these accounts for counter-terrorism?</li>\n\t<li>\n\t\tWhat is radicalisation and how can we explain it?</li>\n\t<li>\n\t\tWhat are the main terrorist groups active today and what tactics do they use?</li>\n\t<li>\n\t\tWhat is the role of the media and the internet in terrorism?</li>\n\t<li>\n\t\tWhy do individuals leave terrorist groups and disengage from terrorism?</li>\n</ul>\n<p>\n\tSpecific lectures focus on Islamic-inspired and right-wing-inspired terrorism, as well as on terrorism conducted by lone actors, though these topics may vary year-on-year to adapt to the evolving nature of the problem.</p>\n<p>\n\t&nbsp;</p>\n","ModuleInstanceRestriction":"","ModuleInstanceSubjectCollection":"","ModuleDeliveryCollection":{"ModuleDelivery":{"ModuleDeliveryIdentifier":"08FFA29073F811E89A86FAE8722E8321","LevelOfStudy":"Postgraduate","ModuleDeliveryPeriod":{"PeriodCode":"T2","PeriodTitle":"Term 2"},"AcademicLevel":{"AcademicLevelCode":"L7","AcademicLevelTitle":"FHEQ Level 7"},"ModuleDeliveryType":"","ModeOfStudy":"Face-to-face","ModuleDeliveryTutor":{"PersonIdentifier":"NBOUH66","Name":"Noemie Bouhana","Email":""},"PreviousYearStudentCount":"100","NumberOfStudents":"100","ModuleDeliveryLocation":{"LocationIdentifier":"","LocationName":""},"ModuleDeliveryAssessment":{"AssessmentGroupCollection":{"@DefaultAssessmentGroup":"NULL","AssessmentGroup":[{"AssessmentGroupCode":"NULL","AssessmentGroupName":"","AssessmentComponentList":{"AssessmentComponent":[{"AssessmentComponentTitle":"Coursework two (1,800 words)","AssessmentComponentWeightPercentage":"35"},{"AssessmentComponentTitle":"Coursework three","AssessmentComponentWeightPercentage":"15"},{"AssessmentComponentTitle":"Coursework one (3,000 words)","AssessmentComponentWeightPercentage":"50"}]}},{"AssessmentGroupCode":"A","AssessmentGroupName":"","AssessmentComponentList":{"AssessmentComponent":[{"AssessmentComponentTitle":"Coursework three","AssessmentComponentWeightPercentage":"15"},{"AssessmentComponentTitle":"Coursework two (1,800 words)","AssessmentComponentWeightPercentage":"35"},{"AssessmentComponentTitle":"Coursework one (3,000 words)","AssessmentComponentWeightPercentage":"50"}]}}]}}}}}}}}