{"Response":{"Module":{"ModuleCode":"CEGE0040","ModuleIdentifier":"09547CCE73F411E89A86FAE8722E8321","ModuleTitle":"Structural Dynamics","ModuleContact":{"Faculty":{"FacultyCode":"ENG","FacultyName":"Faculty of Engineering Sciences"},"Department":{"DepartmentCode":"CIVLG_ENG","DepartmentName":"Civil, Environmental and Geomatic Engineering"}},"ModuleValue":"15","ModuleStudyHours":"150","ModuleLearningHours":"42","ModuleSearchKeywords":"1-DOF, 2-DOF, N-DOF PROBLEMS, FREE AND FORCED VIBRATIONS, DAMPING, NATURAL FREQUENCIES AND MODE SHAP","Email":"g.heijden@ucl.ac.uk","ModuleSuperGroup":"","CEFRLevel":"","ModuleInstance":{"AcademicYearCode":"2019","AcademicYearDescription":"2019/20 academic  year","ModuleInstanceDescription":"<p>\n\tThis course teaches the fundamentals of structural dynamics for civil engineers. It assumes no prior knowledge of the subject but requires a confident background in structural mechanics (statics) and maths. It starts with describing and predicting the dynamic behaviour of single degree of freedom systems with or without damping. Free and forced vibration will be covered. The case of earthquake loading will also be treated: linear and nonlinear time history analysis will be introduced and treated as well as the concept of response spectrum. Single degree of freedom concepts will then be generalised to multi-degree-of-freedom system using matrix and eigenvalues methods. General notions on damping devices and base isolation will be introduced. Aims &amp; Learning Outcomes: By the end of the course you should be able to: Modelling and predicting the linear response of single degree of freedom systems to free and forced vibration. Free and forced response of multiple degree-of-freedom systems. Use and understanding the concept of modes, mode shapes, modal superposition, Rayleigh quotient. Earthquake excitation of SDoF systems. Linear and nonlinear response. Integration schemes. FE modelling</p>\n","ModuleInstanceRestriction":"","ModuleInstanceSubjectCollection":"","ModuleDeliveryCollection":{"ModuleDelivery":[{"ModuleDeliveryIdentifier":"096298EA73F411E89A86FAE8722E8321","LevelOfStudy":"Postgraduate","ModuleDeliveryPeriod":{"PeriodCode":"T1","PeriodTitle":"Term 1"},"AcademicLevel":{"AcademicLevelCode":"L7","AcademicLevelTitle":"FHEQ Level 7"},"ModuleDeliveryType":"","ModeOfStudy":"Face-to-face","ModuleDeliveryTutor":{"PersonIdentifier":"GVANH52","Name":"Gert Van Der Heijden","Email":""},"PreviousYearStudentCount":"32","NumberOfStudents":"32","ModuleDeliveryLocation":{"LocationIdentifier":"","LocationName":""},"ModuleDeliveryAssessment":{"AssessmentGroupCollection":{"@DefaultAssessmentGroup":"NULL","AssessmentGroup":[{"AssessmentGroupCode":"NULL","AssessmentGroupName":"","AssessmentComponentList":{"AssessmentComponent":[{"AssessmentComponentTitle":"Coursework two (1,800 words)","AssessmentComponentWeightPercentage":"35"},{"AssessmentComponentTitle":"Coursework three","AssessmentComponentWeightPercentage":"15"},{"AssessmentComponentTitle":"Coursework one (3,000 words)","AssessmentComponentWeightPercentage":"50"}]}},{"AssessmentGroupCode":"A","AssessmentGroupName":"","AssessmentComponentList":{"AssessmentComponent":[{"AssessmentComponentTitle":"Coursework three","AssessmentComponentWeightPercentage":"15"},{"AssessmentComponentTitle":"Coursework two (1,800 words)","AssessmentComponentWeightPercentage":"35"},{"AssessmentComponentTitle":"Coursework one (3,000 words)","AssessmentComponentWeightPercentage":"50"}]}}]}}},{"ModuleDeliveryIdentifier":"0977664E73F411E89A86FAE8722E8321","LevelOfStudy":"Undergraduate","ModuleDeliveryPeriod":{"PeriodCode":"T1","PeriodTitle":"Term 1"},"AcademicLevel":{"AcademicLevelCode":"L7","AcademicLevelTitle":"FHEQ Level 7"},"ModuleDeliveryType":"","ModeOfStudy":"Face-to-face","ModuleDeliveryTutor":{"PersonIdentifier":"GVANH52","Name":"Gert Van Der Heijden","Email":""},"PreviousYearStudentCount":"5","NumberOfStudents":"5","ModuleDeliveryLocation":{"LocationIdentifier":"","LocationName":""},"ModuleDeliveryAssessment":{"AssessmentGroupCollection":{"@DefaultAssessmentGroup":"NULL","AssessmentGroup":[{"AssessmentGroupCode":"NULL","AssessmentGroupName":"","AssessmentComponentList":{"AssessmentComponent":[{"AssessmentComponentTitle":"Coursework two (1,800 words)","AssessmentComponentWeightPercentage":"35"},{"AssessmentComponentTitle":"Coursework three","AssessmentComponentWeightPercentage":"15"},{"AssessmentComponentTitle":"Coursework one (3,000 words)","AssessmentComponentWeightPercentage":"50"}]}},{"AssessmentGroupCode":"A","AssessmentGroupName":"","AssessmentComponentList":{"AssessmentComponent":[{"AssessmentComponentTitle":"Coursework three","AssessmentComponentWeightPercentage":"15"},{"AssessmentComponentTitle":"Coursework two (1,800 words)","AssessmentComponentWeightPercentage":"35"},{"AssessmentComponentTitle":"Coursework one (3,000 words)","AssessmentComponentWeightPercentage":"50"}]}}]}}}]}}}}}