{"Response":{"Module":{"ModuleCode":"BREI0013","ModuleIdentifier":"095DD26F7F02477BAAC1AEDE187177C2","ModuleTitle":"Health Services: Long-term Care","ModuleContact":{"Faculty":{"FacultyCode":"BEN","FacultyName":"Faculty of the Built Environment"},"Department":{"DepartmentCode":"BSREI_BEN","DepartmentName":"Real Estate Institute"}},"ModuleValue":"15","ModuleStudyHours":"150","ModuleLearningHours":"0","ModuleSearchKeywords":"HEALTHCARE FACILITIES, LONG-TERM CARE, TANGIBLE AND INTANGIBLE VALUES, PHYSICAL REHABILITATION","Email":"e.chrysikou@ucl.ac.uk","ModuleSuperGroup":"","CEFRLevel":"","ModuleInstance":{"AcademicYearCode":"2019","AcademicYearDescription":"2019/20 academic  year","ModuleInstanceDescription":"<p>\n\tFacilities for long-term care constitute one of the fastest growing sectors of healthcare real estate, undergoing organizational change, expansion and increased involvement of both private players/initiatives and interaction with social care. The module explores care provision (mental health, physical rehabilitation, interface of rehabilitation and housing, geriatrics, end of life care, substance abuse, correction facilities, social housing, assisted housing/living, care/nursing homes, senior-citizen housing, dementia friendly communities) with an emphasis in tangible and intangible values and appraisals.</p>\n","ModuleInstanceRestriction":"","ModuleInstanceSubjectCollection":"","ModuleDeliveryCollection":{"ModuleDelivery":{"ModuleDeliveryIdentifier":"25433D6206BA4B7B9D0A7028BDEB99A7","LevelOfStudy":"Postgraduate","ModuleDeliveryPeriod":{"PeriodCode":"T2","PeriodTitle":"Term 2"},"AcademicLevel":{"AcademicLevelCode":"L7","AcademicLevelTitle":"FHEQ Level 7"},"ModuleDeliveryType":"","ModeOfStudy":"Face-to-face","ModuleDeliveryTutor":{"PersonIdentifier":"ECHRY74","Name":"Evangelia Chrysikou","Email":""},"PreviousYearStudentCount":"20","NumberOfStudents":"20","ModuleDeliveryLocation":{"LocationIdentifier":"","LocationName":""},"ModuleDeliveryAssessment":{"AssessmentGroupCollection":{"@DefaultAssessmentGroup":"NULL","AssessmentGroup":[{"AssessmentGroupCode":"NULL","AssessmentGroupName":"","AssessmentComponentList":{"AssessmentComponent":[{"AssessmentComponentTitle":"Coursework two (1,800 words)","AssessmentComponentWeightPercentage":"35"},{"AssessmentComponentTitle":"Coursework three","AssessmentComponentWeightPercentage":"15"},{"AssessmentComponentTitle":"Coursework one (3,000 words)","AssessmentComponentWeightPercentage":"50"}]}},{"AssessmentGroupCode":"A","AssessmentGroupName":"","AssessmentComponentList":{"AssessmentComponent":[{"AssessmentComponentTitle":"Coursework three","AssessmentComponentWeightPercentage":"15"},{"AssessmentComponentTitle":"Coursework two (1,800 words)","AssessmentComponentWeightPercentage":"35"},{"AssessmentComponentTitle":"Coursework one (3,000 words)","AssessmentComponentWeightPercentage":"50"}]}}]}}}}}}}}