{"Response":{"Module":{"ModuleCode":"DEVP0046","ModuleIdentifier":"0980791AE81D47799679BBC70850AD11","ModuleTitle":"Urban Health and Development Planning Strategies 2","ModuleContact":{"Faculty":{"FacultyCode":"BEN","FacultyName":"Faculty of the Built Environment"},"Department":{"DepartmentCode":"DEVPU_BEN","DepartmentName":"Development Planning Unit"}},"ModuleValue":"15","ModuleStudyHours":"150","ModuleLearningHours":"32","ModuleSearchKeywords":"URBAN HEALTH. GLOBAL SOUTH","Email":"dpu@ucl.ac.uk","ModuleSuperGroup":"","CEFRLevel":"","ModuleInstance":{"AcademicYearCode":"2019","AcademicYearDescription":"2019/20 academic  year","ModuleInstanceDescription":"<p>\n\t<strong>Urban Health and Development Planning Strategies (</strong><strong>DEVP0046&nbsp;</strong><strong>PART II)</strong></p>\n<p>\n\t&nbsp;</p>\n<p>\n\tThis module develops analytical skills in order to critically evaluate and constructively develop strategies of intervention in the field of urban health. This module is based on three levels of analysis: policy level, spatial intervention level and community based initiatives level. The module will be based on comparative case study analysis, highlighting the necessity to develop interdisciplinary skills in the field of urban health with reference to the following issues: International humanitarian aid and health; The welfare state and the neoliberal shift; The right to health and the commodification of health; Spatial intervention in informal spaces; Community based health initiatives. On completion of the module, participants will have:</p>\n<ul>\n\t<li>\n\t\tAn in-depth knowledge aimed at evaluating programmes, projects and initiatives of intervention in both formal and informal urban contexts</li>\n\t<li>\n\t\tAn ability to evaluate development planning policy and approaches concerning the impact on people&rsquo;s health and wellbeing</li>\n\t<li>\n\t\tKnowledge on the interface between specific urban elements (such as housing, transportation, food supply, crime, infrastructure and environmental hazards) and their effect on the health of individuals and communities in cities</li>\n</ul>\n","ModuleInstanceRestriction":"Pre-requisite: Students must have taken DEVP0045 Urban Health Strategies Part I, before being permitted registration onto DEVP0046 Urban Health Strategies Part II.","ModuleInstanceSubjectCollection":"","ModuleDeliveryCollection":{"ModuleDelivery":{"ModuleDeliveryIdentifier":"2F6D1FA511894E379EC2575070184427","LevelOfStudy":"Postgraduate","ModuleDeliveryPeriod":{"PeriodCode":"T2","PeriodTitle":"Term 2"},"AcademicLevel":{"AcademicLevelCode":"L7","AcademicLevelTitle":"FHEQ Level 7"},"ModuleDeliveryType":"","ModeOfStudy":"Face-to-face","ModuleDeliveryTutor":{"PersonIdentifier":"DRMBR55","Name":"Donald Ross Mowat Brown","Email":""},"PreviousYearStudentCount":"","NumberOfStudents":"30","ModuleDeliveryLocation":{"LocationIdentifier":"","LocationName":""},"ModuleDeliveryAssessment":{"AssessmentGroupCollection":{"@DefaultAssessmentGroup":"NULL","AssessmentGroup":[{"AssessmentGroupCode":"NULL","AssessmentGroupName":"","AssessmentComponentList":{"AssessmentComponent":[{"AssessmentComponentTitle":"Coursework two (1,800 words)","AssessmentComponentWeightPercentage":"35"},{"AssessmentComponentTitle":"Coursework three","AssessmentComponentWeightPercentage":"15"},{"AssessmentComponentTitle":"Coursework one (3,000 words)","AssessmentComponentWeightPercentage":"50"}]}},{"AssessmentGroupCode":"A","AssessmentGroupName":"","AssessmentComponentList":{"AssessmentComponent":[{"AssessmentComponentTitle":"Coursework three","AssessmentComponentWeightPercentage":"15"},{"AssessmentComponentTitle":"Coursework two (1,800 words)","AssessmentComponentWeightPercentage":"35"},{"AssessmentComponentTitle":"Coursework one (3,000 words)","AssessmentComponentWeightPercentage":"50"}]}}]}}}}}}}}