{"Response":{"Module":{"ModuleCode":"SECU0040","ModuleIdentifier":"09A16F0873F811E89A86FAE8722E8321","ModuleTitle":"Understanding and Interpreting Forensic Evidence","ModuleContact":{"Faculty":{"FacultyCode":"ENG","FacultyName":"Faculty of Engineering Sciences"},"Department":{"DepartmentCode":"SECUR_ENG","DepartmentName":"Security and Crime Science"}},"ModuleValue":"15","ModuleStudyHours":"150","ModuleLearningHours":"0","ModuleSearchKeywords":"FORENSIC EVIDENCE INTERPRETATION BAYESIAN THEORY","Email":"","ModuleSuperGroup":"","CEFRLevel":"","ModuleInstance":{"AcademicYearCode":"2019","AcademicYearDescription":"2019/20 academic  year","ModuleInstanceDescription":"<p>\n\tThis module will introduce students to the concepts, principles, issues and approaches which are central to understanding and interpreting different forms of forensic evidence. Learning outcomes for this module are listed below. On completing this module, you will - Understand the central principles and theories that underpin the interpretation of forensic evidence. - Understand the role of different types of evidence in forensic investigations. - Understand the process of interpreting evidence in the context of a case, and be aware of the factors that may influence the accurate interpretation of evidence. - Be able to comment on contemporary issues and debates regarding the interpretation of forensic evidence. - Understand Bayesian approaches to interpretation evidence and be proficient in utilising these in relation to forensic evidence. The coverage of this module is intentionally broad. Following a general introduction to interpreting evidence, the course will introduce the scientific, legal and psychological contexts for reasoning about different forms of forensic evidence. Part of the course is devoted to covering specific interpretation problems related to digital forensics (cell site analysis) and to exploring the use of Bayesian Networks (BNs), and Bayesian approaches in general, in the interpretation of evidence.</p>\n","ModuleInstanceRestriction":"","ModuleInstanceSubjectCollection":"","ModuleDeliveryCollection":{"ModuleDelivery":{"ModuleDeliveryIdentifier":"09B02FAC73F811E89A86FAE8722E8321","LevelOfStudy":"Postgraduate","ModuleDeliveryPeriod":{"PeriodCode":"T2","PeriodTitle":"Term 2"},"AcademicLevel":{"AcademicLevelCode":"L7","AcademicLevelTitle":"FHEQ Level 7"},"ModuleDeliveryType":"","ModeOfStudy":"Face-to-face","ModuleDeliveryTutor":{"PersonIdentifier":"JFREN48","Name":"James Christopher French","Email":""},"PreviousYearStudentCount":"30","NumberOfStudents":"30","ModuleDeliveryLocation":{"LocationIdentifier":"","LocationName":""},"ModuleDeliveryAssessment":{"AssessmentGroupCollection":{"@DefaultAssessmentGroup":"NULL","AssessmentGroup":[{"AssessmentGroupCode":"NULL","AssessmentGroupName":"","AssessmentComponentList":{"AssessmentComponent":[{"AssessmentComponentTitle":"Coursework two (1,800 words)","AssessmentComponentWeightPercentage":"35"},{"AssessmentComponentTitle":"Coursework three","AssessmentComponentWeightPercentage":"15"},{"AssessmentComponentTitle":"Coursework one (3,000 words)","AssessmentComponentWeightPercentage":"50"}]}},{"AssessmentGroupCode":"A","AssessmentGroupName":"","AssessmentComponentList":{"AssessmentComponent":[{"AssessmentComponentTitle":"Coursework three","AssessmentComponentWeightPercentage":"15"},{"AssessmentComponentTitle":"Coursework two (1,800 words)","AssessmentComponentWeightPercentage":"35"},{"AssessmentComponentTitle":"Coursework one (3,000 words)","AssessmentComponentWeightPercentage":"50"}]}}]}}}}}}}}