{"Response":{"Module":{"ModuleCode":"CEGE0042","ModuleIdentifier":"09AD2CE873F411E89A86FAE8722E8321","ModuleTitle":"Spatial-Temporal Data Analysis and Data Mining (STDM)","ModuleContact":{"Faculty":{"FacultyCode":"ENG","FacultyName":"Faculty of Engineering Sciences"},"Department":{"DepartmentCode":"CIVLG_ENG","DepartmentName":"Civil, Environmental and Geomatic Engineering"}},"ModuleValue":"15","ModuleStudyHours":"150","ModuleLearningHours":"36","ModuleSearchKeywords":"SPATIAL, TEMPORAL, STATISTICAL, MACHINE LEARNING, TEXT MINING, AGENT_BASED SIMULATION","Email":"","ModuleSuperGroup":"","CEFRLevel":"","ModuleInstance":{"AcademicYearCode":"2019","AcademicYearDescription":"2019/20 academic  year","ModuleInstanceDescription":"<p>\n\tThis module introduces advanced theories and techniques to visualise, model and analyse (big) spatio-temporal data. Students will be introduced to the topics of statistical modelling, data mining and machine learning, and will learn tools and techniques for spatio-temporal analysis, with an emphasis on application to real world problems such as transport, crime, health, business and natural hazards. The module content covers six topics: 1. Exploratory spatio-temporal visualisation 2. Statistical modelling and forecasting (Spatio-Temporal Auto-Regressive Integrated Moving Average) 3. Space-time clustering and outlier detection 4. Machine learning techniques (Kernel-based analysis, Support Vector Machines, Random Forests, Artificial Neural Networks and Deep Learning) 5. Space-time multi-agent simulation 6. Social media analysis. Lectures are supported by practical sessions, where real data is used to demonstrate the techniques, with applications in environment, transport, crime and social media analysis. The software packages used are R (http://www.r-project.org/), SaTScan (http://www.satscan.org/) and NetLogo (https://ccl.northwestern.edu/netlogo/). The course is suitable for MSc students in GIS, Geospatial Analysis, Spatio-Temporal Analytics, Smart Cities, Computer Science and related subjects.</p>\n","ModuleInstanceRestriction":"Students have strong spatial analysis, computation or mathematical backgrounds.","ModuleInstanceSubjectCollection":"","ModuleDeliveryCollection":{"ModuleDelivery":[{"ModuleDeliveryIdentifier":"09CFEFDA73F411E89A86FAE8722E8321","LevelOfStudy":"Undergraduate","ModuleDeliveryPeriod":{"PeriodCode":"T2","PeriodTitle":"Term 2"},"AcademicLevel":{"AcademicLevelCode":"L7","AcademicLevelTitle":"FHEQ Level 7"},"ModuleDeliveryType":"","ModeOfStudy":"Face-to-face","ModuleDeliveryTutor":{"PersonIdentifier":"TCHEN23","Name":"Tao Cheng","Email":""},"PreviousYearStudentCount":"5","NumberOfStudents":"5","ModuleDeliveryLocation":{"LocationIdentifier":"","LocationName":""},"ModuleDeliveryAssessment":{"AssessmentGroupCollection":{"@DefaultAssessmentGroup":"NULL","AssessmentGroup":[{"AssessmentGroupCode":"NULL","AssessmentGroupName":"","AssessmentComponentList":{"AssessmentComponent":[{"AssessmentComponentTitle":"Coursework two (1,800 words)","AssessmentComponentWeightPercentage":"35"},{"AssessmentComponentTitle":"Coursework three","AssessmentComponentWeightPercentage":"15"},{"AssessmentComponentTitle":"Coursework one (3,000 words)","AssessmentComponentWeightPercentage":"50"}]}},{"AssessmentGroupCode":"A","AssessmentGroupName":"","AssessmentComponentList":{"AssessmentComponent":[{"AssessmentComponentTitle":"Coursework three","AssessmentComponentWeightPercentage":"15"},{"AssessmentComponentTitle":"Coursework two (1,800 words)","AssessmentComponentWeightPercentage":"35"},{"AssessmentComponentTitle":"Coursework one (3,000 words)","AssessmentComponentWeightPercentage":"50"}]}}]}}},{"ModuleDeliveryIdentifier":"09BB42EC73F411E89A86FAE8722E8321","LevelOfStudy":"Postgraduate","ModuleDeliveryPeriod":{"PeriodCode":"T2","PeriodTitle":"Term 2"},"AcademicLevel":{"AcademicLevelCode":"L7","AcademicLevelTitle":"FHEQ Level 7"},"ModuleDeliveryType":"","ModeOfStudy":"Face-to-face","ModuleDeliveryTutor":{"PersonIdentifier":"TCHEN23","Name":"Tao Cheng","Email":""},"PreviousYearStudentCount":"50","NumberOfStudents":"50","ModuleDeliveryLocation":{"LocationIdentifier":"","LocationName":""},"ModuleDeliveryAssessment":{"AssessmentGroupCollection":{"@DefaultAssessmentGroup":"NULL","AssessmentGroup":[{"AssessmentGroupCode":"NULL","AssessmentGroupName":"","AssessmentComponentList":{"AssessmentComponent":[{"AssessmentComponentTitle":"Coursework two (1,800 words)","AssessmentComponentWeightPercentage":"35"},{"AssessmentComponentTitle":"Coursework three","AssessmentComponentWeightPercentage":"15"},{"AssessmentComponentTitle":"Coursework one (3,000 words)","AssessmentComponentWeightPercentage":"50"}]}},{"AssessmentGroupCode":"A","AssessmentGroupName":"","AssessmentComponentList":{"AssessmentComponent":[{"AssessmentComponentTitle":"Coursework three","AssessmentComponentWeightPercentage":"15"},{"AssessmentComponentTitle":"Coursework two (1,800 words)","AssessmentComponentWeightPercentage":"35"},{"AssessmentComponentTitle":"Coursework one (3,000 words)","AssessmentComponentWeightPercentage":"50"}]}}]}}}]}}}}}