{"Response":{"Module":{"ModuleCode":"MDVL0063","ModuleIdentifier":"09B903E473F711E89A86FAE8722E8321","ModuleTitle":"Reading Medieval and Renaissance Latin","ModuleContact":{"Faculty":{"FacultyCode":"SHS","FacultyName":"Faculty of Social and Historical Sciences"},"Department":{"DepartmentCode":"HISTR_SHS","DepartmentName":"History"}},"ModuleValue":"15","ModuleStudyHours":"150","ModuleLearningHours":"20","ModuleSearchKeywords":"MEDIEVAL, LATIN","Email":"history-pg-enquiries@ucl.ac.uk","ModuleSuperGroup":"","CEFRLevel":"","ModuleInstance":{"AcademicYearCode":"2019","AcademicYearDescription":"2019/20 academic  year","ModuleInstanceDescription":"<p>\n\tThis is a beginners&#39; course taught mainly in the Department of Greek and Latin. Supplementary classes in translation of medieval texts are provided through the History Department.</p>\n<p>\n\tEach week these additional classes illustrate a specific genre of source and students are required to translate passages prepared in advance. This part of the module teaches students how to translate medieval sources, with an emphasis on the basic skills: using a standard classical Latin dictionary; using medieval or Renaissance Latin dictionaries; individuating the first things to look for when translating a sentence; the importance of knowing how to tune the effort to the needs (sometimes understanding the sense is enough, at other times a carefully articulated translation is essential).</p>\n<p>\n\t&nbsp;</p>\n","ModuleInstanceRestriction":"This module is only available to students on the MA Medieval and Renaissance Studies degree programme.","ModuleInstanceSubjectCollection":{"ModuleInstanceSubject":"Latin"},"ModuleDeliveryCollection":{"ModuleDelivery":{"ModuleDeliveryIdentifier":"09C7F93073F711E89A86FAE8722E8321","LevelOfStudy":"Postgraduate","ModuleDeliveryPeriod":{"PeriodCode":"T1/2","PeriodTitle":"Terms 1 and 2"},"AcademicLevel":{"AcademicLevelCode":"L7","AcademicLevelTitle":"FHEQ Level 7"},"ModuleDeliveryType":"","ModeOfStudy":"Face-to-face","ModuleDeliveryTutor":{"PersonIdentifier":"MPGEL99","Name":"Marie-Pierre Gelin","Email":""},"PreviousYearStudentCount":"12","NumberOfStudents":"12","ModuleDeliveryLocation":{"LocationIdentifier":"","LocationName":""},"ModuleDeliveryAssessment":{"AssessmentGroupCollection":{"@DefaultAssessmentGroup":"NULL","AssessmentGroup":[{"AssessmentGroupCode":"NULL","AssessmentGroupName":"","AssessmentComponentList":{"AssessmentComponent":[{"AssessmentComponentTitle":"Coursework two (1,800 words)","AssessmentComponentWeightPercentage":"35"},{"AssessmentComponentTitle":"Coursework three","AssessmentComponentWeightPercentage":"15"},{"AssessmentComponentTitle":"Coursework one (3,000 words)","AssessmentComponentWeightPercentage":"50"}]}},{"AssessmentGroupCode":"A","AssessmentGroupName":"","AssessmentComponentList":{"AssessmentComponent":[{"AssessmentComponentTitle":"Coursework three","AssessmentComponentWeightPercentage":"15"},{"AssessmentComponentTitle":"Coursework two (1,800 words)","AssessmentComponentWeightPercentage":"35"},{"AssessmentComponentTitle":"Coursework one (3,000 words)","AssessmentComponentWeightPercentage":"50"}]}}]}}}}}}}}