{"Response":{"Module":{"ModuleCode":"OPHT0046","ModuleIdentifier":"0A1078C9567244E69B69F31A3B213F00","ModuleTitle":"Glaucoma Level 3","ModuleContact":{"Faculty":{"FacultyCode":"BRN","FacultyName":"Faculty of Brain Sciences"},"Department":{"DepartmentCode":"OPHTH_BRN","DepartmentName":"Institute of Ophthalmology"}},"ModuleValue":"15","ModuleStudyHours":"150","ModuleLearningHours":"0","ModuleSearchKeywords":"GLAUCOMA LEVEL 3","Email":"msc.ioo@ucl.ac.uk","ModuleSuperGroup":"","CEFRLevel":"","ModuleInstance":{"AcademicYearCode":"2019","AcademicYearDescription":"2019/20 academic  year","ModuleInstanceDescription":"<p>\n\t<span font-size:=\"\" new=\"\" style=\"color: rgb(0, 0, 0); font-family: \" times=\"\">This module aims to equip you with the knowledge and skills to provide non-surgical management of patients with established open angle glaucoma (OAG) and other cases of glaucoma e.g. treated angle closure, pseudo exfoliative glaucoma. The module also builds further on critical appraisal of evidence and application to clinical decision making. The learning outcomes of this module include: * an ability to take a comprehensive ophthalmic history in a patient with established glaucoma * an understanding of the use of perimetric techniques for the assessment of a patient with diagnosed glaucoma * an ability to detect disease progression by observation of the optic nerve head/nerve fibre layer and/or results of imaging/functional test * an ability to monitor the response to treatment and modify the management plan if necessary, in primary open angle glaucoma, normal tension glaucoma, secondary glaucomas, primary angle closure glaucoma and previous juvenile glaucoma * an understanding of the pharmacology, cautions, contraindications, interactions and side effects of anti-glaucoma medication * an understanding of the indications for, techniques, expected outcomes and complications of laser therapies and surgical interventions used in the management of glaucoma and its related conditions</span></p>\n","ModuleInstanceRestriction":"Restricted to students on Advanced Clinical Optometry and Ophthalmology or Advanced Clinical Practice in Ophthalmology (Integrated Degree Apprenticeship)","ModuleInstanceSubjectCollection":"","ModuleDeliveryCollection":{"ModuleDelivery":{"ModuleDeliveryIdentifier":"DEE8FBE66C3D4F1E8E066FE06EFC5F52","LevelOfStudy":"Postgraduate","ModuleDeliveryPeriod":{"PeriodCode":"T1","PeriodTitle":"Term 1"},"AcademicLevel":{"AcademicLevelCode":"L7","AcademicLevelTitle":"FHEQ Level 7"},"ModuleDeliveryType":"","ModeOfStudy":"Face-to-face","ModuleDeliveryTutor":{"PersonIdentifier":"AMGAZ86","Name":"Andrew Gazzard","Email":""},"PreviousYearStudentCount":"20","NumberOfStudents":"20","ModuleDeliveryLocation":{"LocationIdentifier":"","LocationName":""},"ModuleDeliveryAssessment":{"AssessmentGroupCollection":{"@DefaultAssessmentGroup":"NULL","AssessmentGroup":[{"AssessmentGroupCode":"NULL","AssessmentGroupName":"","AssessmentComponentList":{"AssessmentComponent":[{"AssessmentComponentTitle":"Coursework two (1,800 words)","AssessmentComponentWeightPercentage":"35"},{"AssessmentComponentTitle":"Coursework three","AssessmentComponentWeightPercentage":"15"},{"AssessmentComponentTitle":"Coursework one (3,000 words)","AssessmentComponentWeightPercentage":"50"}]}},{"AssessmentGroupCode":"A","AssessmentGroupName":"","AssessmentComponentList":{"AssessmentComponent":[{"AssessmentComponentTitle":"Coursework three","AssessmentComponentWeightPercentage":"15"},{"AssessmentComponentTitle":"Coursework two (1,800 words)","AssessmentComponentWeightPercentage":"35"},{"AssessmentComponentTitle":"Coursework one (3,000 words)","AssessmentComponentWeightPercentage":"50"}]}}]}}}}}}}}