{"Response":{"Module":{"ModuleCode":"CEGE0045","ModuleIdentifier":"0A55256073F411E89A86FAE8722E8321","ModuleTitle":"Hydrographic Applications","ModuleContact":{"Faculty":{"FacultyCode":"ENG","FacultyName":"Faculty of Engineering Sciences"},"Department":{"DepartmentCode":"CIVLG_ENG","DepartmentName":"Civil, Environmental and Geomatic Engineering"}},"ModuleValue":"15","ModuleStudyHours":"150","ModuleLearningHours":"65","ModuleSearchKeywords":"HYDROGRAPHIC DATA ACQUISITION, MULTIBEAM ECHO-SOUNDING, SIDE SCAN SONAR, UNDERWATER POSITIONING, OFF","Email":"j.iliffe@ucl.ac.uk","ModuleSuperGroup":"","CEFRLevel":"","ModuleInstance":{"AcademicYearCode":"2019","AcademicYearDescription":"2019/20 academic  year","ModuleInstanceDescription":"<p>\n\tThe course covers the technology and procedures used in the acquisition of data in the marine environment, and its subsequent processing and analysis. In particular, it covers single and multi-beam echo sounding, side scan sonar, electronic charting, underwater position fixing, and offshore operations. Teaching is led by the Port of London, and practical implementation is emphasised where possible.</p>\n<p>\n\tIn the context of this module, the marine environment encompasses everything from ports and harbours, through navigable rivers and estuaries, out to coastal and deep sea oceanic work. The aim is to give you a thorough knowledge of the technology and methods used in all these areas. More specifically, through work carried out aboard PLA survey vessels on additional boat days you will gain practical working experience of bathymetric surveying and electronic chart production. You will also gain an understanding of topics such as seismic surveying, rig moves, ROV operations and positiioning. You will also explore regulatory issues such as the Law of the Sea and its impact on maritime zones and boundaries.&nbsp;</p>\n<p>\n\t&nbsp;</p>\n<p>\n\t&nbsp;</p>\n","ModuleInstanceRestriction":"Only available to students on Hydrographic Surveying route of the MSc Geospatial Sciences.","ModuleInstanceSubjectCollection":"","ModuleDeliveryCollection":{"ModuleDelivery":{"ModuleDeliveryIdentifier":"0A62FF0A73F411E89A86FAE8722E8321","LevelOfStudy":"Postgraduate","ModuleDeliveryPeriod":{"PeriodCode":"T2","PeriodTitle":"Term 2"},"AcademicLevel":{"AcademicLevelCode":"L7","AcademicLevelTitle":"FHEQ Level 7"},"ModuleDeliveryType":"","ModeOfStudy":"Face-to-face","ModuleDeliveryTutor":{"PersonIdentifier":"JCILI49","Name":"Jonathan Charles Iliffe","Email":""},"PreviousYearStudentCount":"","NumberOfStudents":"0","ModuleDeliveryLocation":{"LocationIdentifier":"","LocationName":""},"ModuleDeliveryAssessment":{"AssessmentGroupCollection":{"@DefaultAssessmentGroup":"NULL","AssessmentGroup":[{"AssessmentGroupCode":"NULL","AssessmentGroupName":"","AssessmentComponentList":{"AssessmentComponent":[{"AssessmentComponentTitle":"Coursework two (1,800 words)","AssessmentComponentWeightPercentage":"35"},{"AssessmentComponentTitle":"Coursework three","AssessmentComponentWeightPercentage":"15"},{"AssessmentComponentTitle":"Coursework one (3,000 words)","AssessmentComponentWeightPercentage":"50"}]}},{"AssessmentGroupCode":"A","AssessmentGroupName":"","AssessmentComponentList":{"AssessmentComponent":[{"AssessmentComponentTitle":"Coursework three","AssessmentComponentWeightPercentage":"15"},{"AssessmentComponentTitle":"Coursework two (1,800 words)","AssessmentComponentWeightPercentage":"35"},{"AssessmentComponentTitle":"Coursework one (3,000 words)","AssessmentComponentWeightPercentage":"50"}]}}]}}}}}}}}