{"Response":{"Module":{"ModuleCode":"SECU0048","ModuleIdentifier":"0A9AE10073F811E89A86FAE8722E8321","ModuleTitle":"Offender-Focused Prevention","ModuleContact":{"Faculty":{"FacultyCode":"ENG","FacultyName":"Faculty of Engineering Sciences"},"Department":{"DepartmentCode":"SECUR_ENG","DepartmentName":"Security and Crime Science"}},"ModuleValue":"15","ModuleStudyHours":"150","ModuleLearningHours":"","ModuleSearchKeywords":"CRIME PREVENTION, OFFENDER FOCUSED,","Email":"","ModuleSuperGroup":"","CEFRLevel":"","ModuleInstance":{"AcademicYearCode":"2019","AcademicYearDescription":"2019/20 academic  year","ModuleInstanceDescription":"<p>\n\tCrime prevention programmes can be classified in various ways. Two popular frameworks distinguish crime prevention methods as being 1) primary, secondary or tertiary (Brantingham and Faust, 1976) and 2) offender-, situation- or victim-oriented (Van Dijk and de Waard, 1991). In this module, the focus is on offender-oriented crime prevention. This includes secondary prevention measures (targeted at those assumed to be at greater risk of engaging in crime) and tertiary prevention measures (targeted at those who have already committed crime with a view to reduce reoffending). Each week will focus on a different crime type (including property crimes, violent crimes, sexual crimes), and review the evidence on the effectiveness of relevant secondary and tertiary prevention efforts. Focusing on tertiary prevention in particular, the nature and extent of recidivism and the effectiveness of the criminal justice system more generally as a mechanism to reduce crime will also be examined. Finally, research and theory on the subject of desistence from crime will be covered. This module will be delivered over 10 weeks with 3-hour contact time per week. Each week will consist of a 2-hour lecture and an accompanying 1-hour seminar/workshop. Note: This module will only run if 8+ students have registered on it.</p>\n","ModuleInstanceRestriction":"","ModuleInstanceSubjectCollection":"","ModuleDeliveryCollection":{"ModuleDelivery":{"ModuleDeliveryIdentifier":"0AA9D63873F811E89A86FAE8722E8321","LevelOfStudy":"Undergraduate","ModuleDeliveryPeriod":{"PeriodCode":"T1","PeriodTitle":"Term 1"},"AcademicLevel":{"AcademicLevelCode":"L5","AcademicLevelTitle":"FHEQ Level 5"},"ModuleDeliveryType":"","ModeOfStudy":"Face-to-face","ModuleDeliveryTutor":{"PersonIdentifier":"","Name":"","Email":""},"PreviousYearStudentCount":"10","NumberOfStudents":"10","ModuleDeliveryLocation":{"LocationIdentifier":"","LocationName":""},"ModuleDeliveryAssessment":{"AssessmentGroupCollection":{"@DefaultAssessmentGroup":"NULL","AssessmentGroup":[{"AssessmentGroupCode":"NULL","AssessmentGroupName":"","AssessmentComponentList":{"AssessmentComponent":[{"AssessmentComponentTitle":"Coursework two (1,800 words)","AssessmentComponentWeightPercentage":"35"},{"AssessmentComponentTitle":"Coursework three","AssessmentComponentWeightPercentage":"15"},{"AssessmentComponentTitle":"Coursework one (3,000 words)","AssessmentComponentWeightPercentage":"50"}]}},{"AssessmentGroupCode":"A","AssessmentGroupName":"","AssessmentComponentList":{"AssessmentComponent":[{"AssessmentComponentTitle":"Coursework three","AssessmentComponentWeightPercentage":"15"},{"AssessmentComponentTitle":"Coursework two (1,800 words)","AssessmentComponentWeightPercentage":"35"},{"AssessmentComponentTitle":"Coursework one (3,000 words)","AssessmentComponentWeightPercentage":"50"}]}}]}}}}}}}}