{"Response":{"Module":{"ModuleCode":"CEGE0047","ModuleIdentifier":"0AAEEE6A73F411E89A86FAE8722E8321","ModuleTitle":"MRes Urban Sustainability and Resilience: Research Project","ModuleContact":{"Faculty":{"FacultyCode":"ENG","FacultyName":"Faculty of Engineering Sciences"},"Department":{"DepartmentCode":"CIVLG_ENG","DepartmentName":"Civil, Environmental and Geomatic Engineering"}},"ModuleValue":"120","ModuleStudyHours":"1200","ModuleLearningHours":"25","ModuleSearchKeywords":"RESEARCH PROJECT SUSTAINABILITY RESILIENCE DISSERTATION","Email":"h.titheridge@ucl.ac.uk","ModuleSuperGroup":"","CEFRLevel":"","ModuleInstance":{"AcademicYearCode":"2019","AcademicYearDescription":"2019/20 academic  year","ModuleInstanceDescription":"<p>\n\tEach student who is registered for the MRes in Urban Sustainability and Resilience is required to carry out an individual research project as part of their programme of study on a topic of their choosing. There are many different kinds of project that can be undertaken by students on the MRes. Some of them will involve field work. Others will involve laboratory experiments or other forms of data collection such as interviews, questionnaire surveys, or observations. Some may involve developing a theoretical framework. Some may be a state-of-the-art review. If you intend to continue on to study for an EngD or PhD the MRes project may be designed to inform the direction and/or scope of your doctoral research as well as providing some reportable results. Students are encouraged to publish the results of their research project.</p>\n","ModuleInstanceRestriction":"","ModuleInstanceSubjectCollection":{"ModuleInstanceSubject":"Civil and Environmental Engineering"},"ModuleDeliveryCollection":{"ModuleDelivery":{"ModuleDeliveryIdentifier":"0ABD917273F411E89A86FAE8722E8321","LevelOfStudy":"Postgraduate","ModuleDeliveryPeriod":{"PeriodCode":"YEAR","PeriodTitle":"Calendar Year"},"AcademicLevel":{"AcademicLevelCode":"L7","AcademicLevelTitle":"FHEQ Level 7"},"ModuleDeliveryType":"","ModeOfStudy":"Face-to-face","ModuleDeliveryTutor":{"PersonIdentifier":"HTITH94","Name":"Helena Jane Titheridge","Email":""},"PreviousYearStudentCount":"10","NumberOfStudents":"10","ModuleDeliveryLocation":{"LocationIdentifier":"","LocationName":""},"ModuleDeliveryAssessment":{"AssessmentGroupCollection":{"@DefaultAssessmentGroup":"NULL","AssessmentGroup":[{"AssessmentGroupCode":"NULL","AssessmentGroupName":"","AssessmentComponentList":{"AssessmentComponent":[{"AssessmentComponentTitle":"Coursework two (1,800 words)","AssessmentComponentWeightPercentage":"35"},{"AssessmentComponentTitle":"Coursework three","AssessmentComponentWeightPercentage":"15"},{"AssessmentComponentTitle":"Coursework one (3,000 words)","AssessmentComponentWeightPercentage":"50"}]}},{"AssessmentGroupCode":"A","AssessmentGroupName":"","AssessmentComponentList":{"AssessmentComponent":[{"AssessmentComponentTitle":"Coursework three","AssessmentComponentWeightPercentage":"15"},{"AssessmentComponentTitle":"Coursework two (1,800 words)","AssessmentComponentWeightPercentage":"35"},{"AssessmentComponentTitle":"Coursework one (3,000 words)","AssessmentComponentWeightPercentage":"50"}]}}]}}}}}}}}