{"Response":{"Module":{"ModuleCode":"CEGE0048","ModuleIdentifier":"0AD0DBCE73F411E89A86FAE8722E8321","ModuleTitle":"Integrated Design","ModuleContact":{"Faculty":{"FacultyCode":"ENG","FacultyName":"Faculty of Engineering Sciences"},"Department":{"DepartmentCode":"CIVLG_ENG","DepartmentName":"Civil, Environmental and Geomatic Engineering"}},"ModuleValue":"60","ModuleStudyHours":"600","ModuleLearningHours":"175","ModuleSearchKeywords":"INTEGRATED DESIGN PROJECT, GROUP WORKING, MAJOR CIVIL ENGINEERING PROJECT, INDUSTRY SUPPORT","Email":"","ModuleSuperGroup":"","CEFRLevel":"","ModuleInstance":{"AcademicYearCode":"2019","AcademicYearDescription":"2019/20 academic  year","ModuleInstanceDescription":"<p>\n\t<span style=\"margin: 0px; padding: 0cm; border: 1pt windowtext; border-image: none; color: black; line-height: 107%; font-family: \">Students work in project teams on the DESIGN of a major civil engineering PROJECT from September to June. Students take individual responsibility for developing a different but INTEGRATED part of the technical design in more detail from January to March.<br />\n\t&nbsp;<br />\n\tThe project is particularly effective in teaching engineering design, because students are working on real projects in an environment that simulates that of an engineering design practice. Students gain confidence in tackling large engineering problems, with many unknowns, through applying skills and tools learnt in lectures and elsewhere to a real project, with support from experts from industry. The structure and sequence of the project is mapped to RIBA and ACE work stages to familiarise students with design terminology used in industry. Holistically the project presents generates excellent collateral to support job finding.</span></p>\n<p>\n\t&nbsp;</p>\n<p style=\"margin: 0px; line-height: normal;\">\n\t<span style=\"margin: 0px; padding: 0cm; border: 1pt windowtext; border-image: none; color: black; line-height: 107%; font-family: \"><span lang=\"X-NONE\" style=\"margin: 0px; color: black; font-size: 10pt;\">On completion of the Integrated Design Project, students should be able to:</span></span></p>\n<p style=\"margin: 0px; line-height: normal;\">\n\t<span style=\"margin: 0px; padding: 0cm; border: 1pt windowtext; border-image: none; color: black; line-height: 107%; font-family: \"><span lang=\"X-NONE\" style=\"margin: 0px; color: black; font-size: 10pt;\">&nbsp;</span></span></p>\n<p style=\"margin: 0px; line-height: normal;\">\n\t<span style=\"margin: 0px; padding: 0cm; border: 1pt windowtext; border-image: none; color: black; line-height: 107%; font-family: \"><span lang=\"X-NONE\" style=\"margin: 0px; color: black; font-size: 10pt;\">1) To exercise design skills on a civil engineering project to provide creative, original, and feasible solutions.</span></span></p>\n<p style=\"margin: 0px; line-height: normal;\">\n\t<span style=\"margin: 0px; padding: 0cm; border: 1pt windowtext; border-image: none; color: black; line-height: 107%; font-family: \"><span lang=\"X-NONE\" style=\"margin: 0px; color: black; font-size: 10pt;\">2) To identify a client&rsquo;s needs and objectives, business case, possible project constraints, and incorporate them into a project brief through discussion with the client.</span></span></p>\n<p style=\"margin: 0px; line-height: normal;\">\n\t<span style=\"margin: 0px; padding: 0cm; border: 1pt windowtext; border-image: none; color: black; line-height: 107%; font-family: \"><span lang=\"X-NONE\" style=\"margin: 0px; color: black; font-size: 10pt;\">3) To assess feasibility of a project to enable the client to decide whether to proceed.</span></span></p>\n<p style=\"margin: 0px; line-height: normal;\">\n\t<span style=\"margin: 0px; padding: 0cm; border: 1pt windowtext; border-image: none; color: black; line-height: 107%; font-family: \"><span lang=\"X-NONE\" style=\"margin: 0px; color: black; font-size: 10pt;\">4) To prepare concept designs which meet the key requirements and constraints, assess these options, and recommend a scheme to the client.</span></span></p>\n<p style=\"margin: 0px; line-height: normal;\">\n\t<span style=\"margin: 0px; padding: 0cm; border: 1pt windowtext; border-image: none; color: black; line-height: 107%; font-family: \"><span lang=\"X-NONE\" style=\"margin: 0px; color: black; font-size: 10pt;\">5) To develop a scheme design to a level of detail which allows for preliminary costing, and includes an outline specification.</span></span></p>\n<p style=\"margin: 0px; line-height: normal;\">\n\t<span style=\"margin: 0px; padding: 0cm; border: 1pt windowtext; border-image: none; color: black; line-height: 107%; font-family: \"><span lang=\"X-NONE\" style=\"margin: 0px; color: black; font-size: 10pt;\">6) To use a variety of design tools to prove solutions, and know about the appropriate use of these tools.</span></span></p>\n<p style=\"margin: 0px; line-height: normal;\">\n\t<span style=\"margin: 0px; padding: 0cm; border: 1pt windowtext; border-image: none; color: black; line-height: 107%; font-family: \"><span lang=\"X-NONE\" style=\"margin: 0px; color: black; font-size: 10pt;\">7) To make balanced design decisions and justify those decisions.</span></span></p>\n<p style=\"margin: 0px; line-height: normal;\">\n\t<span style=\"margin: 0px; padding: 0cm; border: 1pt windowtext; border-image: none; color: black; line-height: 107%; font-family: \"><span lang=\"X-NONE\" style=\"margin: 0px; color: black; font-size: 10pt;\">8) To apply prior knowledge and understanding from education, personal and professional experience to solve a design problem on a civil engineering project.</span></span></p>\n<p style=\"margin: 0px; line-height: normal;\">\n\t<span style=\"margin: 0px; padding: 0cm; border: 1pt windowtext; border-image: none; color: black; line-height: 107%; font-family: \"><span lang=\"X-NONE\" style=\"margin: 0px; color: black; font-size: 10pt;\">9) To identify and acquire new knowledge and understanding required for design, and subsequently apply it to a civil engineering project.</span></span></p>\n<p style=\"margin: 0px; line-height: normal;\">\n\t<span style=\"margin: 0px; padding: 0cm; border: 1pt windowtext; border-image: none; color: black; line-height: 107%; font-family: \"><span lang=\"X-NONE\" style=\"margin: 0px; color: black; font-size: 10pt;\">10) To effectively communicate a design to a variety of audiences using visual, written and oral presentation techniques.</span></span></p>\n<p style=\"margin: 0px; line-height: normal;\">\n\t<span style=\"margin: 0px; padding: 0cm; border: 1pt windowtext; border-image: none; color: black; line-height: 107%; font-family: \"><span lang=\"X-NONE\" style=\"margin: 0px; color: black; font-size: 10pt;\">11) To operate effectively in a team environment, and practice project management skills in a design environment, to coordinate work and integrate solutions.</span></span></p>\n<p>\n\t&nbsp;</p>\n","ModuleInstanceRestriction":"","ModuleInstanceSubjectCollection":"","ModuleDeliveryCollection":{"ModuleDelivery":[{"ModuleDeliveryIdentifier":"0AF329B873F411E89A86FAE8722E8321","LevelOfStudy":"Undergraduate","ModuleDeliveryPeriod":{"PeriodCode":"T1/2","PeriodTitle":"Terms 1 and 2"},"AcademicLevel":{"AcademicLevelCode":"L7","AcademicLevelTitle":"FHEQ Level 7"},"ModuleDeliveryType":"","ModeOfStudy":"Face-to-face","ModuleDeliveryTutor":{"PersonIdentifier":"SFRAY65","Name":"Sarah Amy Fray","Email":""},"PreviousYearStudentCount":"55","NumberOfStudents":"55","ModuleDeliveryLocation":{"LocationIdentifier":"","LocationName":""},"ModuleDeliveryAssessment":{"AssessmentGroupCollection":{"@DefaultAssessmentGroup":"NULL","AssessmentGroup":[{"AssessmentGroupCode":"NULL","AssessmentGroupName":"","AssessmentComponentList":{"AssessmentComponent":[{"AssessmentComponentTitle":"Coursework two (1,800 words)","AssessmentComponentWeightPercentage":"35"},{"AssessmentComponentTitle":"Coursework three","AssessmentComponentWeightPercentage":"15"},{"AssessmentComponentTitle":"Coursework one (3,000 words)","AssessmentComponentWeightPercentage":"50"}]}},{"AssessmentGroupCode":"A","AssessmentGroupName":"","AssessmentComponentList":{"AssessmentComponent":[{"AssessmentComponentTitle":"Coursework three","AssessmentComponentWeightPercentage":"15"},{"AssessmentComponentTitle":"Coursework two (1,800 words)","AssessmentComponentWeightPercentage":"35"},{"AssessmentComponentTitle":"Coursework one (3,000 words)","AssessmentComponentWeightPercentage":"50"}]}}]}}},{"ModuleDeliveryIdentifier":"0ADEA2FE73F411E89A86FAE8722E8321","LevelOfStudy":"Postgraduate","ModuleDeliveryPeriod":{"PeriodCode":"T1/2","PeriodTitle":"Terms 1 and 2"},"AcademicLevel":{"AcademicLevelCode":"L7","AcademicLevelTitle":"FHEQ Level 7"},"ModuleDeliveryType":"","ModeOfStudy":"Face-to-face","ModuleDeliveryTutor":{"PersonIdentifier":"SFRAY65","Name":"Sarah Amy Fray","Email":""},"PreviousYearStudentCount":"15","NumberOfStudents":"15","ModuleDeliveryLocation":{"LocationIdentifier":"","LocationName":""},"ModuleDeliveryAssessment":{"AssessmentGroupCollection":{"@DefaultAssessmentGroup":"NULL","AssessmentGroup":[{"AssessmentGroupCode":"NULL","AssessmentGroupName":"","AssessmentComponentList":{"AssessmentComponent":[{"AssessmentComponentTitle":"Coursework two (1,800 words)","AssessmentComponentWeightPercentage":"35"},{"AssessmentComponentTitle":"Coursework three","AssessmentComponentWeightPercentage":"15"},{"AssessmentComponentTitle":"Coursework one (3,000 words)","AssessmentComponentWeightPercentage":"50"}]}},{"AssessmentGroupCode":"A","AssessmentGroupName":"","AssessmentComponentList":{"AssessmentComponent":[{"AssessmentComponentTitle":"Coursework three","AssessmentComponentWeightPercentage":"15"},{"AssessmentComponentTitle":"Coursework two (1,800 words)","AssessmentComponentWeightPercentage":"35"},{"AssessmentComponentTitle":"Coursework one (3,000 words)","AssessmentComponentWeightPercentage":"50"}]}}]}}}]}}}}}