{"Response":{"Module":{"ModuleCode":"CEGE0049","ModuleIdentifier":"0B07A60E73F411E89A86FAE8722E8321","ModuleTitle":"Research Project","ModuleContact":{"Faculty":{"FacultyCode":"ENG","FacultyName":"Faculty of Engineering Sciences"},"Department":{"DepartmentCode":"CIVLG_ENG","DepartmentName":"Civil, Environmental and Geomatic Engineering"}},"ModuleValue":"60","ModuleStudyHours":"600","ModuleLearningHours":"20","ModuleSearchKeywords":"DISSERTATION, RESEARCH PROJECT","Email":"","ModuleSuperGroup":"","CEFRLevel":"","ModuleInstance":{"AcademicYearCode":"2019","AcademicYearDescription":"2019/20 academic  year","ModuleInstanceDescription":"<p>\n\tEach student who is registered for an MSc in the Department of Civil, Environmental and Geomatic Engineering is required to carry out an individual Research Project as part of their programme of study. The objectives of this are: To further enhance your knowledge of one particular area of the subject you are studying. To demonstrate your understanding of the subject at a higher level than has been possible during the taught part of the course. To demonstrate your ability to think originally and analytically about problems in your subject, and to synthesise ideas from current literature. To demonstrate your ability to design a research project, carry out research and problem solve independently. To enhance your written and oral presentation skills.</p>\n","ModuleInstanceRestriction":"","ModuleInstanceSubjectCollection":"","ModuleDeliveryCollection":{"ModuleDelivery":{"ModuleDeliveryIdentifier":"0B157A5E73F411E89A86FAE8722E8321","LevelOfStudy":"Postgraduate","ModuleDeliveryPeriod":{"PeriodCode":"T3","PeriodTitle":"Term 3"},"AcademicLevel":{"AcademicLevelCode":"L7","AcademicLevelTitle":"FHEQ Level 7"},"ModuleDeliveryType":"","ModeOfStudy":"Face-to-face","ModuleDeliveryTutor":{"PersonIdentifier":"SLOPE50","Name":"Maria Susana Lopez-Querol","Email":""},"PreviousYearStudentCount":"200","NumberOfStudents":"200","ModuleDeliveryLocation":{"LocationIdentifier":"","LocationName":""},"ModuleDeliveryAssessment":{"AssessmentGroupCollection":{"@DefaultAssessmentGroup":"NULL","AssessmentGroup":[{"AssessmentGroupCode":"NULL","AssessmentGroupName":"","AssessmentComponentList":{"AssessmentComponent":[{"AssessmentComponentTitle":"Coursework two (1,800 words)","AssessmentComponentWeightPercentage":"35"},{"AssessmentComponentTitle":"Coursework three","AssessmentComponentWeightPercentage":"15"},{"AssessmentComponentTitle":"Coursework one (3,000 words)","AssessmentComponentWeightPercentage":"50"}]}},{"AssessmentGroupCode":"A","AssessmentGroupName":"","AssessmentComponentList":{"AssessmentComponent":[{"AssessmentComponentTitle":"Coursework three","AssessmentComponentWeightPercentage":"15"},{"AssessmentComponentTitle":"Coursework two (1,800 words)","AssessmentComponentWeightPercentage":"35"},{"AssessmentComponentTitle":"Coursework one (3,000 words)","AssessmentComponentWeightPercentage":"50"}]}}]}}}}}}}}