{"Response":{"Module":{"ModuleCode":"ELCS0056","ModuleIdentifier":"0B0F4D0473F511E89A86FAE8722E8321","ModuleTitle":"Sequential Art as a Form of Engagement","ModuleContact":{"Faculty":{"FacultyCode":"ART","FacultyName":"Faculty of Arts and Humanities"},"Department":{"DepartmentCode":"SELCS_ART","DepartmentName":"School of European Languages, Culture and Society"}},"ModuleValue":"30","ModuleStudyHours":"300","ModuleLearningHours":"24","ModuleSearchKeywords":"","Email":"","ModuleSuperGroup":"Sequential Art as a Form of Engagement","CEFRLevel":"","ModuleInstance":{"AcademicYearCode":"2019","AcademicYearDescription":"2019/20 academic  year","ModuleInstanceDescription":"","ModuleInstanceRestriction":"","ModuleInstanceSubjectCollection":"","ModuleDeliveryCollection":{"ModuleDelivery":{"ModuleDeliveryIdentifier":"0B1D860873F511E89A86FAE8722E8321","LevelOfStudy":"Postgraduate","ModuleDeliveryPeriod":{"PeriodCode":"T2","PeriodTitle":"Term 2"},"AcademicLevel":{"AcademicLevelCode":"L7","AcademicLevelTitle":"FHEQ Level 7"},"ModuleDeliveryType":"","ModeOfStudy":"Face-to-face","ModuleDeliveryTutor":{"PersonIdentifier":"CMASS14","Name":"Cristina Massaccesi","Email":""},"PreviousYearStudentCount":"2","NumberOfStudents":"2","ModuleDeliveryLocation":{"LocationIdentifier":"","LocationName":""},"ModuleDeliveryAssessment":{"AssessmentGroupCollection":{"@DefaultAssessmentGroup":"NULL","AssessmentGroup":[{"AssessmentGroupCode":"NULL","AssessmentGroupName":"","AssessmentComponentList":{"AssessmentComponent":[{"AssessmentComponentTitle":"Coursework two (1,800 words)","AssessmentComponentWeightPercentage":"35"},{"AssessmentComponentTitle":"Coursework three","AssessmentComponentWeightPercentage":"15"},{"AssessmentComponentTitle":"Coursework one (3,000 words)","AssessmentComponentWeightPercentage":"50"}]}},{"AssessmentGroupCode":"A","AssessmentGroupName":"","AssessmentComponentList":{"AssessmentComponent":[{"AssessmentComponentTitle":"Coursework three","AssessmentComponentWeightPercentage":"15"},{"AssessmentComponentTitle":"Coursework two (1,800 words)","AssessmentComponentWeightPercentage":"35"},{"AssessmentComponentTitle":"Coursework one (3,000 words)","AssessmentComponentWeightPercentage":"50"}]}}]}}}}}}}}