{"Response":{"Module":{"ModuleCode":"MECH0003","ModuleIdentifier":"0B32681E73F711E89A86FAE8722E8321","ModuleTitle":"Introduction to Mechanical Engineering","ModuleContact":{"Faculty":{"FacultyCode":"ENG","FacultyName":"Faculty of Engineering Sciences"},"Department":{"DepartmentCode":"MECHN_ENG","DepartmentName":"Mechanical Engineering"}},"ModuleValue":"15","ModuleStudyHours":"150","ModuleLearningHours":"47","ModuleSearchKeywords":"","Email":"mecheng.ug-queries@ucl.ac.uk","ModuleSuperGroup":"","CEFRLevel":"","ModuleInstance":{"AcademicYearCode":"2019","AcademicYearDescription":"2019/20 academic  year","ModuleInstanceDescription":"<p>\n\t<strong>Overview:</strong></p>\n<p>\n\tThis module provides an introduction to Mechanical Engineering, covering fundamental concepts of Applied Mechanics (Statics) and Introduction to Thermofluids.</p>\n<p>\n\tThe Statics part will aim to teach the basic analytical methods, that is, the fundamental concepts and techniques of engineering mechanics (Statics). Building on mathematical skills from A-levels Mathematics (including, for some students, Mechanics modules) and the concurrent first year Mathematics module, basic concepts of Statics are introduced, practiced and applied to simple engineering problems. Students will obtain modelling knowledge, tools and experience appropriate for a first year engineering module, providing the foundation for higher level modules.</p>\n<p>\n\tThe second part of the module aims to teach fundamentals of thermofluid sciences. Building on the mathematical skills and physics learning from the A-levels and the concurrent first year Mathematics module, the basic concepts of control volume and control mass are introduced &ndash; this teaches students how to analyse systems with and without flows. These fundamental features are then used to perform mass, momentum and energy balance &ndash; both in isothermal and non-isothermal systems &ndash; with various levels of assumptions. The energy balance is introduced via the first law of Thermodynamics and solution of several analytical problems drawn from practical engineering applications.</p>\n<p>\n\t&nbsp;</p>\n<p>\n\t<strong>Topics covered:</strong></p>\n<p>\n\tApplied Mechanics &ndash; Statics</p>\n<ul>\n\t<li>\n\t\tForces and moments</li>\n\t<li>\n\t\tRigid body equilibrium</li>\n\t<li>\n\t\tFriction</li>\n\t<li>\n\t\tAnalysis of structures</li>\n\t<li>\n\t\tDistributed forces and centre of gravity</li>\n\t<li>\n\t\tInternal forces and moments in structures</li>\n</ul>\n<p style=\"margin-left:36.0pt;\">\n\t&nbsp;</p>\n<p>\n\tIntroduction to Thermofluids</p>\n<ul>\n\t<li>\n\t\tIntroduction to thermodynamics and related concepts of fluid mechanics</li>\n\t<li>\n\t\tFundamental principles and properties of fluid media</li>\n\t<li>\n\t\tAnalysing systems and devices</li>\n\t<li>\n\t\tPressure and hydrostatic head</li>\n\t<li>\n\t\tMass balance and energy in isothermal conditions</li>\n\t<li>\n\t\tFlow analysis</li>\n\t<li>\n\t\tPrinciple of energy conservation</li>\n\t<li>\n\t\tFirst Law of Thermodynamics with flow</li>\n\t<li>\n\t\tApplication of First Law</li>\n</ul>\n<p>\n\t&nbsp;</p>\n<p>\n\t<strong>Learning outcomes:</strong></p>\n<p>\n\tUpon completion of this module students will be able to:</p>\n<ul>\n\t<li>\n\t\tDemonstrate knowledge and understanding of the essential facts, concepts, theories and principles underlying fundamental fluid mechanics.</li>\n\t<li>\n\t\tApply basic scientific principles of fluid mechanics to solve simple engineering problems involving modelling and analysis of basic engineering systems involving: simple flow systems, using appropriate conservation principles, and applying the principles of dimensional analysis and physical similarity to engineering model testing.</li>\n\t<li>\n\t\tUse pressure, temperature and flow measurement in dedicated test equipment and wind tunnels; analyse experimental results and draw conclusions, given specific guidance to the appropriate background material; estimate uncertainty of simple fluid mechanics and thermodynamics measurements.</li>\n\t<li>\n\t\tApply a range of techniques to analyse available evidence and solve simple engineering problems pertaining to fluid flow systems.</li>\n</ul>\n<p>\n\t&nbsp;</p>\n<p helvetica=\"\" lucida=\"\" style=\"padding: 0px; border: 0px; outline: 0px; vertical-align: baseline; background: 0px 0px; font-size: 16px; margin: 0px 0px 2.8rem; color: rgb(51, 51, 51); font-family: \">\n\t&nbsp;</p>\n","ModuleInstanceRestriction":"","ModuleInstanceSubjectCollection":{"ModuleInstanceSubject":"Mechanical Engineering"},"ModuleDeliveryCollection":{"ModuleDelivery":{"ModuleDeliveryIdentifier":"0B411BDE73F711E89A86FAE8722E8321","LevelOfStudy":"Undergraduate","ModuleDeliveryPeriod":{"PeriodCode":"T1","PeriodTitle":"Term 1"},"AcademicLevel":{"AcademicLevelCode":"L4","AcademicLevelTitle":"FHEQ Level 4"},"ModuleDeliveryType":"","ModeOfStudy":"Face-to-face","ModuleDeliveryTutor":{"PersonIdentifier":"MKTIW24","Name":"Manish Kumar Tiwari","Email":""},"PreviousYearStudentCount":"165","NumberOfStudents":"165","ModuleDeliveryLocation":{"LocationIdentifier":"","LocationName":""},"ModuleDeliveryAssessment":{"AssessmentGroupCollection":{"@DefaultAssessmentGroup":"NULL","AssessmentGroup":[{"AssessmentGroupCode":"NULL","AssessmentGroupName":"","AssessmentComponentList":{"AssessmentComponent":[{"AssessmentComponentTitle":"Coursework two (1,800 words)","AssessmentComponentWeightPercentage":"35"},{"AssessmentComponentTitle":"Coursework three","AssessmentComponentWeightPercentage":"15"},{"AssessmentComponentTitle":"Coursework one (3,000 words)","AssessmentComponentWeightPercentage":"50"}]}},{"AssessmentGroupCode":"A","AssessmentGroupName":"","AssessmentComponentList":{"AssessmentComponent":[{"AssessmentComponentTitle":"Coursework three","AssessmentComponentWeightPercentage":"15"},{"AssessmentComponentTitle":"Coursework two (1,800 words)","AssessmentComponentWeightPercentage":"35"},{"AssessmentComponentTitle":"Coursework one (3,000 words)","AssessmentComponentWeightPercentage":"50"}]}}]}}}}}}}}