{"Response":{"Module":{"ModuleCode":"SECU0053","ModuleIdentifier":"0B4B66BA73F811E89A86FAE8722E8321","ModuleTitle":"Security and Crime Science Research Project","ModuleContact":{"Faculty":{"FacultyCode":"ENG","FacultyName":"Faculty of Engineering Sciences"},"Department":{"DepartmentCode":"SECUR_ENG","DepartmentName":"Security and Crime Science"}},"ModuleValue":"30","ModuleStudyHours":"300","ModuleLearningHours":"0","ModuleSearchKeywords":"DISSERTATION, RESEARCH PROJECT, CRIME SCIENCE","Email":"","ModuleSuperGroup":"","CEFRLevel":"","ModuleInstance":{"AcademicYearCode":"2019","AcademicYearDescription":"2019/20 academic  year","ModuleInstanceDescription":"<p>\n\tIn this module, students will undertake an independent research project on a crime and/or security-related topic. All projects will be supervised by an academic member of staff. Students will also require ethical approval from the Departmental Research Ethics committee. Students will be informed of the details and requirements of this module in the third term of year 2; they will then be required to approach members of staff to discuss possible research projects. Students can propose their own project ideas but the final decision rests with the supervisor. Students will then carry out their research and write up the final report, due for final submission towards the end of term 2, year 3. There are two points of assessment for this module: 1) A 1,000-word research plan. This document will provide a background to the proposed research project, outline the research question/project objectives, describe the proposed method and forms of analysis, and discuss the expected implications. 2) A 10,000-word final research report. This will be modelled on a journal article where applicable.</p>\n","ModuleInstanceRestriction":"","ModuleInstanceSubjectCollection":"","ModuleDeliveryCollection":{"ModuleDelivery":{"ModuleDeliveryIdentifier":"0B5AA89673F811E89A86FAE8722E8321","LevelOfStudy":"Undergraduate","ModuleDeliveryPeriod":{"PeriodCode":"T1","PeriodTitle":"Term 1"},"AcademicLevel":{"AcademicLevelCode":"L6","AcademicLevelTitle":"FHEQ Level 6"},"ModuleDeliveryType":"","ModeOfStudy":"Face-to-face","ModuleDeliveryTutor":{"PersonIdentifier":"","Name":"","Email":""},"PreviousYearStudentCount":"20","NumberOfStudents":"20","ModuleDeliveryLocation":{"LocationIdentifier":"","LocationName":""},"ModuleDeliveryAssessment":{"AssessmentGroupCollection":{"@DefaultAssessmentGroup":"NULL","AssessmentGroup":[{"AssessmentGroupCode":"NULL","AssessmentGroupName":"","AssessmentComponentList":{"AssessmentComponent":[{"AssessmentComponentTitle":"Coursework two (1,800 words)","AssessmentComponentWeightPercentage":"35"},{"AssessmentComponentTitle":"Coursework three","AssessmentComponentWeightPercentage":"15"},{"AssessmentComponentTitle":"Coursework one (3,000 words)","AssessmentComponentWeightPercentage":"50"}]}},{"AssessmentGroupCode":"A","AssessmentGroupName":"","AssessmentComponentList":{"AssessmentComponent":[{"AssessmentComponentTitle":"Coursework three","AssessmentComponentWeightPercentage":"15"},{"AssessmentComponentTitle":"Coursework two (1,800 words)","AssessmentComponentWeightPercentage":"35"},{"AssessmentComponentTitle":"Coursework one (3,000 words)","AssessmentComponentWeightPercentage":"50"}]}}]}}}}}}}}