{"Response":{"Module":{"ModuleCode":"MECH0004","ModuleIdentifier":"0B54CF8073F711E89A86FAE8722E8321","ModuleTitle":"Mechanical Engineering Practical Skills 1","ModuleContact":{"Faculty":{"FacultyCode":"ENG","FacultyName":"Faculty of Engineering Sciences"},"Department":{"DepartmentCode":"MECHN_ENG","DepartmentName":"Mechanical Engineering"}},"ModuleValue":"15","ModuleStudyHours":"150","ModuleLearningHours":"31","ModuleSearchKeywords":"","Email":"mecheng.ug-queries@ucl.ac.uk","ModuleSuperGroup":"","CEFRLevel":"","ModuleInstance":{"AcademicYearCode":"2019","AcademicYearDescription":"2019/20 academic  year","ModuleInstanceDescription":"<p>\n\t<strong>Overview:</strong></p>\n<p>\n\tThis module aims to provide the ability to communicate engineering concepts using drawing languages needed for product design and scientific reporting of practical experiences. Learners will also familiarise themselves with the basic techniques that are required in running and analysing laboratory experiments.</p>\n<p>\n\tThe module focuses on the most essential forms of engineering communications, including programming, graphical languages and reporting.</p>\n<p>\n\tThe first part of the module is concerned with graphical engineering communication, and builds up on the faculty led module ENGF0002 Design and Professional Skills 1, to develop specific skills related with mechanical engineering drawing as a means of communicating engineering concepts and product design. The module provides a comprehensive introduction to drafting, sketching, and CAD transitioning techniques; focusing on mechanical engineering features and manufacturing processes. A one-day workshop practice course will complement this section of the module, enabling the students to familiarise themselves with basic operations on workshop machinery.</p>\n<p>\n\tThe second part of the module introduces the basic techniques that are required by mechanical engineering students in running and analysing laboratory experiments. This section of the module is horizontally integrated to replace traditional discipline specific laboratory courses in the different engineering disciplines, with the objective of providing more integrated and life-long learning skills, better focused on methodologies for interpreting engineering problems, analysing data, interpreting and presenting results.</p>\n<p>\n\t&nbsp;</p>\n<p>\n\t<strong>Learning outcomes:</strong></p>\n<p>\n\tUpon successful completion of this module students will be able to:</p>\n<ul>\n\t<li>\n\t\tIdentify and analyse mechanical drawings</li>\n\t<li>\n\t\tInterpret and report the results from a lab experience and analyse experimental errors and uncertainty.</li>\n\t<li>\n\t\tApply the knowledge of sketching and technical drawing for the representation of mechanical engineering components.</li>\n\t<li>\n\t\tUse available tools from hand-sketching to 3D CAD to produce mechanical drawing.</li>\n\t<li>\n\t\tUnderstand and safely perform a range of basic operations on workshop machinery e.g. a lathe.</li>\n\t<li>\n\t\tPlan and perform a laboratory experience.</li>\n\t<li>\n\t\tWrite a clear report which conforms to specified requirements of structure and formatting.</li>\n</ul>\n","ModuleInstanceRestriction":"","ModuleInstanceSubjectCollection":{"ModuleInstanceSubject":"Mechanical Engineering"},"ModuleDeliveryCollection":{"ModuleDelivery":{"ModuleDeliveryIdentifier":"0B63A4BA73F711E89A86FAE8722E8321","LevelOfStudy":"Undergraduate","ModuleDeliveryPeriod":{"PeriodCode":"T2","PeriodTitle":"Term 2"},"AcademicLevel":{"AcademicLevelCode":"L4","AcademicLevelTitle":"FHEQ Level 4"},"ModuleDeliveryType":"","ModeOfStudy":"Face-to-face","ModuleDeliveryTutor":{"PersonIdentifier":"EBELE86","Name":"Eral Bele","Email":""},"PreviousYearStudentCount":"165","NumberOfStudents":"165","ModuleDeliveryLocation":{"LocationIdentifier":"","LocationName":""},"ModuleDeliveryAssessment":{"AssessmentGroupCollection":{"@DefaultAssessmentGroup":"NULL","AssessmentGroup":[{"AssessmentGroupCode":"NULL","AssessmentGroupName":"","AssessmentComponentList":{"AssessmentComponent":[{"AssessmentComponentTitle":"Coursework two (1,800 words)","AssessmentComponentWeightPercentage":"35"},{"AssessmentComponentTitle":"Coursework three","AssessmentComponentWeightPercentage":"15"},{"AssessmentComponentTitle":"Coursework one (3,000 words)","AssessmentComponentWeightPercentage":"50"}]}},{"AssessmentGroupCode":"A","AssessmentGroupName":"","AssessmentComponentList":{"AssessmentComponent":[{"AssessmentComponentTitle":"Coursework three","AssessmentComponentWeightPercentage":"15"},{"AssessmentComponentTitle":"Coursework two (1,800 words)","AssessmentComponentWeightPercentage":"35"},{"AssessmentComponentTitle":"Coursework one (3,000 words)","AssessmentComponentWeightPercentage":"50"}]}}]}}}}}}}}