{"Response":{"Module":{"ModuleCode":"CEGE0051","ModuleIdentifier":"0B61538E73F411E89A86FAE8722E8321","ModuleTitle":"Structural Vulnerability and Resilience","ModuleContact":{"Faculty":{"FacultyCode":"ENG","FacultyName":"Faculty of Engineering Sciences"},"Department":{"DepartmentCode":"CIVLG_ENG","DepartmentName":"Civil, Environmental and Geomatic Engineering"}},"ModuleValue":"15","ModuleStudyHours":"150","ModuleLearningHours":"50","ModuleSearchKeywords":"SEISMIC ENGINEERING, STRUCTURAL STRENGTHENING,  VULNERABILITY RESILIENCE","Email":"d.dayala@ucl.ac.uk","ModuleSuperGroup":"","CEFRLevel":"","ModuleInstance":{"AcademicYearCode":"2019","AcademicYearDescription":"2019/20 academic  year","ModuleInstanceDescription":"<p>\n\tThe course has several strands: it introduces the concepts of risk and resilience of the built environment to earthquake and other natural hazards. It introduces the concept of loss mitigation at different scales and for different domains. It provides tools for the assessment of seismic behaviour of non seismic designed structures, within the framework of Probabilistic Performance Based Assessment. It provides procedures and tools for the computation of their fragility and vulnerability. It compares assessment approaches and safety requirements from different codes in earthquake prone countries worldwide. It presents traditional and novel strengthening techniques and technologies for seismic retrofitting. It develops criteria for the choice of appropriate strengthening interventions and methods for the detailed design of such interventions for a range of substandard structures, using the concepts of capacity based design and performance based design. Particular attention is paid to Reinforced Concrete Structures and Unreinforced Masonry Structures.</p>\n","ModuleInstanceRestriction":"MSC EEDM and MSc Civil Engineering with Seismic Engineering Design\nMeng Civil ENigneering Year 4 with options","ModuleInstanceSubjectCollection":"","ModuleDeliveryCollection":{"ModuleDelivery":[{"ModuleDeliveryIdentifier":"0B83EFCA73F411E89A86FAE8722E8321","LevelOfStudy":"Undergraduate","ModuleDeliveryPeriod":{"PeriodCode":"T2","PeriodTitle":"Term 2"},"AcademicLevel":{"AcademicLevelCode":"L7","AcademicLevelTitle":"FHEQ Level 7"},"ModuleDeliveryType":"","ModeOfStudy":"Face-to-face","ModuleDeliveryTutor":{"PersonIdentifier":"DDAYA16","Name":"Dina D'Ayala","Email":""},"PreviousYearStudentCount":"5","NumberOfStudents":"5","ModuleDeliveryLocation":{"LocationIdentifier":"","LocationName":""},"ModuleDeliveryAssessment":{"AssessmentGroupCollection":{"@DefaultAssessmentGroup":"NULL","AssessmentGroup":[{"AssessmentGroupCode":"NULL","AssessmentGroupName":"","AssessmentComponentList":{"AssessmentComponent":[{"AssessmentComponentTitle":"Coursework two (1,800 words)","AssessmentComponentWeightPercentage":"35"},{"AssessmentComponentTitle":"Coursework three","AssessmentComponentWeightPercentage":"15"},{"AssessmentComponentTitle":"Coursework one (3,000 words)","AssessmentComponentWeightPercentage":"50"}]}},{"AssessmentGroupCode":"A","AssessmentGroupName":"","AssessmentComponentList":{"AssessmentComponent":[{"AssessmentComponentTitle":"Coursework three","AssessmentComponentWeightPercentage":"15"},{"AssessmentComponentTitle":"Coursework two (1,800 words)","AssessmentComponentWeightPercentage":"35"},{"AssessmentComponentTitle":"Coursework one (3,000 words)","AssessmentComponentWeightPercentage":"50"}]}}]}}},{"ModuleDeliveryIdentifier":"0B6F0A3873F411E89A86FAE8722E8321","LevelOfStudy":"Postgraduate","ModuleDeliveryPeriod":{"PeriodCode":"T2","PeriodTitle":"Term 2"},"AcademicLevel":{"AcademicLevelCode":"L7","AcademicLevelTitle":"FHEQ Level 7"},"ModuleDeliveryType":"","ModeOfStudy":"Face-to-face","ModuleDeliveryTutor":{"PersonIdentifier":"DDAYA16","Name":"Dina D'Ayala","Email":""},"PreviousYearStudentCount":"25","NumberOfStudents":"25","ModuleDeliveryLocation":{"LocationIdentifier":"","LocationName":""},"ModuleDeliveryAssessment":{"AssessmentGroupCollection":{"@DefaultAssessmentGroup":"NULL","AssessmentGroup":[{"AssessmentGroupCode":"NULL","AssessmentGroupName":"","AssessmentComponentList":{"AssessmentComponent":[{"AssessmentComponentTitle":"Coursework two (1,800 words)","AssessmentComponentWeightPercentage":"35"},{"AssessmentComponentTitle":"Coursework three","AssessmentComponentWeightPercentage":"15"},{"AssessmentComponentTitle":"Coursework one (3,000 words)","AssessmentComponentWeightPercentage":"50"}]}},{"AssessmentGroupCode":"A","AssessmentGroupName":"","AssessmentComponentList":{"AssessmentComponent":[{"AssessmentComponentTitle":"Coursework three","AssessmentComponentWeightPercentage":"15"},{"AssessmentComponentTitle":"Coursework two (1,800 words)","AssessmentComponentWeightPercentage":"35"},{"AssessmentComponentTitle":"Coursework one (3,000 words)","AssessmentComponentWeightPercentage":"50"}]}}]}}}]}}}}}