{"Response":{"Module":{"ModuleCode":"MECH0005","ModuleIdentifier":"0B78313C73F711E89A86FAE8722E8321","ModuleTitle":"Introduction to Thermodynamics and Fluid Mechanics 1","ModuleContact":{"Faculty":{"FacultyCode":"ENG","FacultyName":"Faculty of Engineering Sciences"},"Department":{"DepartmentCode":"MECHN_ENG","DepartmentName":"Mechanical Engineering"}},"ModuleValue":"15","ModuleStudyHours":"150","ModuleLearningHours":"36","ModuleSearchKeywords":"","Email":"mecheng.ug-queries@ucl.ac.uk","ModuleSuperGroup":"","CEFRLevel":"","ModuleInstance":{"AcademicYearCode":"2019","AcademicYearDescription":"2019/20 academic  year","ModuleInstanceDescription":"<p>\n\t<strong>Overview:</strong></p>\n<p>\n\tThis module provides an introduction to the broad concepts of thermodynamics and fluid mechanics, within a practical context which is relevant to industry. This is a necessary foundation for the engineers of the future. The particular aims of this module are:</p>\n<ol>\n\t<li>\n\t\tTo introduce and reinforce basic thermodynamic and fluid mechanics principles</li>\n\t<li>\n\t\tTo introduce the development of appropriate models which represent simplified practical systems</li>\n\t<li>\n\t\tTo enable students to demonstrate and articulate their understanding</li>\n</ol>\n<p>\n\tThe module consists of two thematic and overlapping areas: thermodynamics and fluid mechanics. &nbsp;It will build on the introductory material covered in MECH0003 Introduction to Mechanical Engineering.</p>\n<p>\n\t&nbsp;</p>\n<p>\n\t<strong>Topics covered:</strong></p>\n<p>\n\tThe topics that will be taught include:</p>\n<p>\n\t<strong>Thermodynamics:</strong></p>\n<ul>\n\t<li>\n\t\tApplication of first law of thermodynamics</li>\n\t<li>\n\t\tPure substance, real and perfect gases</li>\n\t<li>\n\t\tSecond law of thermodynamics</li>\n\t<li>\n\t\tReversibility</li>\n\t<li>\n\t\tEntropy</li>\n\t<li>\n\t\tIntroduction to air standard gas power cycles, refrigeration and steam cycles</li>\n</ul>\n<p>\n\t<strong>&nbsp;Fluid Mechanics:</strong></p>\n<ul>\n\t<li>\n\t\tImportance of Fluid Mechanics</li>\n\t<li>\n\t\tDimensional analysis: examples and power behind the methodology</li>\n\t<li>\n\t\tControl volume and system analysis, and the Reynolds Transport theorem</li>\n\t<li>\n\t\tContinuity equation, Momentum equation and energy equation</li>\n\t<li>\n\t\tBasic analysis of laminar flow</li>\n</ul>\n<p>\n\t&nbsp;</p>\n<p>\n\t<strong>Learning outcomes:</strong></p>\n<p>\n\tUpon completion of this module students will be able to:</p>\n<ul>\n\t<li>\n\t\tDemonstrate knowledge and understanding of the essential facts, concepts, theories and principles underlying Thermodynamics and Fluid Mechanics.</li>\n\t<li>\n\t\tAppreciate the wider multidisciplinary context of the underlying theory, including its applications to engineering design and application to real world problems.</li>\n\t<li>\n\t\tApply appropriate quantitative science, engineering and mathematical tools to the analysis of problems arising in Thermodynamics and Fluid Mechanics.</li>\n</ul>\n<p>\n\t&nbsp;</p>\n","ModuleInstanceRestriction":"","ModuleInstanceSubjectCollection":{"ModuleInstanceSubject":["Fluid Mechanics","Thermodynamics"]},"ModuleDeliveryCollection":{"ModuleDelivery":{"ModuleDeliveryIdentifier":"0B86DA2073F711E89A86FAE8722E8321","LevelOfStudy":"Undergraduate","ModuleDeliveryPeriod":{"PeriodCode":"T2","PeriodTitle":"Term 2"},"AcademicLevel":{"AcademicLevelCode":"L4","AcademicLevelTitle":"FHEQ Level 4"},"ModuleDeliveryType":"","ModeOfStudy":"Face-to-face","ModuleDeliveryTutor":{"PersonIdentifier":"HCZER87","Name":"Helen Czerski","Email":""},"PreviousYearStudentCount":"165","NumberOfStudents":"165","ModuleDeliveryLocation":{"LocationIdentifier":"","LocationName":""},"ModuleDeliveryAssessment":{"AssessmentGroupCollection":{"@DefaultAssessmentGroup":"NULL","AssessmentGroup":[{"AssessmentGroupCode":"NULL","AssessmentGroupName":"","AssessmentComponentList":{"AssessmentComponent":[{"AssessmentComponentTitle":"Coursework two (1,800 words)","AssessmentComponentWeightPercentage":"35"},{"AssessmentComponentTitle":"Coursework three","AssessmentComponentWeightPercentage":"15"},{"AssessmentComponentTitle":"Coursework one (3,000 words)","AssessmentComponentWeightPercentage":"50"}]}},{"AssessmentGroupCode":"A","AssessmentGroupName":"","AssessmentComponentList":{"AssessmentComponent":[{"AssessmentComponentTitle":"Coursework three","AssessmentComponentWeightPercentage":"15"},{"AssessmentComponentTitle":"Coursework two (1,800 words)","AssessmentComponentWeightPercentage":"35"},{"AssessmentComponentTitle":"Coursework one (3,000 words)","AssessmentComponentWeightPercentage":"50"}]}}]}}}}}}}}