{"Response":{"Module":{"ModuleCode":"MECH0006","ModuleIdentifier":"0B9AFC3073F711E89A86FAE8722E8321","ModuleTitle":"Engineering Dynamics","ModuleContact":{"Faculty":{"FacultyCode":"ENG","FacultyName":"Faculty of Engineering Sciences"},"Department":{"DepartmentCode":"MECHN_ENG","DepartmentName":"Mechanical Engineering"}},"ModuleValue":"15","ModuleStudyHours":"150","ModuleLearningHours":"48","ModuleSearchKeywords":"","Email":"mecheng.ug-queries@ucl.ac.uk","ModuleSuperGroup":"","CEFRLevel":"","ModuleInstance":{"AcademicYearCode":"2019","AcademicYearDescription":"2019/20 academic  year","ModuleInstanceDescription":"<p>\n\t<strong>Overview:</strong></p>\n<p>\n\tThe aims of the module are two-fold. First, it aims to teach the basic analytical methods, that is, the fundamental concepts and techniques of engineering dynamics. Second, it aims, in a limited way, to show the implementation of these methods in the design and analysis of simple basic mechanisms.</p>\n<p>\n\tThe module concentrates on dynamics where the concepts of Newton&rsquo;s laws of motion, forces, work, energy, momentum and impulse will be covered and explained in depth using examples from everyday phenomena.</p>\n<p>\n\tStudents will obtain modelling knowledge, tools and experience appropriate for a first year engineering module, providing the foundation for higher-level modules.</p>\n<p>\n\t&nbsp;</p>\n<p>\n\t<strong>Topics covered:</strong></p>\n<ul>\n\t<li>\n\t\tKinematics of particles</li>\n\t<li>\n\t\tKinetics of particles &ndash; Newton&rsquo;s laws of motion</li>\n\t<li>\n\t\tKinetics of particles &ndash; work and energy</li>\n\t<li>\n\t\tKinetics of particles &ndash; impulse and momentum</li>\n\t<li>\n\t\tKinematics of rigid bodies</li>\n\t<li>\n\t\tKinetics of rigid bodies &ndash; forces and accelerations</li>\n\t<li>\n\t\tKinetics of rigid bodies &ndash; work and energy principles &ndash; momentum methods</li>\n</ul>\n<p>\n\t&nbsp;</p>\n<p>\n\t<strong>Learning outcomes:</strong></p>\n<p>\n\tUpon completion of this module students will be able to:</p>\n<ul>\n\t<li>\n\t\tDemonstrate knowledge and understanding of the essential facts, concepts, theories and principles underlying Classical Mechanics.</li>\n\t<li>\n\t\tHave an appreciation of the wider multidisciplinary context of the underlying theory, including its applications to engineering design and application to real world problems.</li>\n\t<li>\n\t\tApply appropriate quantitative science, engineering and mathematical tools to the analysis of problems arising in dynamics.</li>\n</ul>\n<p>\n\t&nbsp;</p>\n","ModuleInstanceRestriction":"","ModuleInstanceSubjectCollection":{"ModuleInstanceSubject":"Mechanical Engineering"},"ModuleDeliveryCollection":{"ModuleDelivery":{"ModuleDeliveryIdentifier":"0BA9B7FC73F711E89A86FAE8722E8321","LevelOfStudy":"Undergraduate","ModuleDeliveryPeriod":{"PeriodCode":"T2","PeriodTitle":"Term 2"},"AcademicLevel":{"AcademicLevelCode":"L4","AcademicLevelTitle":"FHEQ Level 4"},"ModuleDeliveryType":"","ModeOfStudy":"Face-to-face","ModuleDeliveryTutor":{"PersonIdentifier":"PJTAN13","Name":"Puay Joo Tan","Email":""},"PreviousYearStudentCount":"165","NumberOfStudents":"165","ModuleDeliveryLocation":{"LocationIdentifier":"","LocationName":""},"ModuleDeliveryAssessment":{"AssessmentGroupCollection":{"@DefaultAssessmentGroup":"NULL","AssessmentGroup":[{"AssessmentGroupCode":"NULL","AssessmentGroupName":"","AssessmentComponentList":{"AssessmentComponent":[{"AssessmentComponentTitle":"Coursework two (1,800 words)","AssessmentComponentWeightPercentage":"35"},{"AssessmentComponentTitle":"Coursework three","AssessmentComponentWeightPercentage":"15"},{"AssessmentComponentTitle":"Coursework one (3,000 words)","AssessmentComponentWeightPercentage":"50"}]}},{"AssessmentGroupCode":"A","AssessmentGroupName":"","AssessmentComponentList":{"AssessmentComponent":[{"AssessmentComponentTitle":"Coursework three","AssessmentComponentWeightPercentage":"15"},{"AssessmentComponentTitle":"Coursework two (1,800 words)","AssessmentComponentWeightPercentage":"35"},{"AssessmentComponentTitle":"Coursework one (3,000 words)","AssessmentComponentWeightPercentage":"50"}]}}]}}}}}}}}