{"Response":{"Module":{"ModuleCode":"HIST0603","ModuleIdentifier":"0BA6285E73F611E89A86FAE8722E8321","ModuleTitle":"The Romans and their Past","ModuleContact":{"Faculty":{"FacultyCode":"SHS","FacultyName":"Faculty of Social and Historical Sciences"},"Department":{"DepartmentCode":"HISTR_SHS","DepartmentName":"History"}},"ModuleValue":"15","ModuleStudyHours":"150","ModuleLearningHours":"0","ModuleSearchKeywords":"HISTORY, ROMAN","Email":"","ModuleSuperGroup":"The Romans and their Past","CEFRLevel":"","ModuleInstance":{"AcademicYearCode":"2019","AcademicYearDescription":"2019/20 academic  year","ModuleInstanceDescription":"<p>\n\tThe Romans and Their Past offers an introduction to some of the main sources for Roman history, and to Roman ways of representing individuals and institutions from the distant and recent past.&nbsp; The first half of the module concentrates on the &#39;facts&#39; and interpretations of early Roman history and the Hannibalic War offered by historians and poets of the age of Augustus; the second half looks at the Roman state and politics from the perspective of Cicero, and at the emperors Caligula and Claudius as critically portrayed by Tacitus and Suetonius.&nbsp; The aim is to show how our knowledge of Roman history is shaped by the nature of each of these sources.</p>\n","ModuleInstanceRestriction":"","ModuleInstanceSubjectCollection":{"ModuleInstanceSubject":"European History"},"ModuleDeliveryCollection":{"ModuleDelivery":{"ModuleDeliveryIdentifier":"0BB4BF0473F611E89A86FAE8722E8321","LevelOfStudy":"Undergraduate","ModuleDeliveryPeriod":{"PeriodCode":"T1","PeriodTitle":"Term 1"},"AcademicLevel":{"AcademicLevelCode":"L6","AcademicLevelTitle":"FHEQ Level 6"},"ModuleDeliveryType":"","ModeOfStudy":"Face-to-face","ModuleDeliveryTutor":{"PersonIdentifier":"JSTEI62","Name":"Julietta Steinhauer","Email":""},"PreviousYearStudentCount":"","NumberOfStudents":"0","ModuleDeliveryLocation":{"LocationIdentifier":"","LocationName":""},"ModuleDeliveryAssessment":{"AssessmentGroupCollection":{"@DefaultAssessmentGroup":"NULL","AssessmentGroup":[{"AssessmentGroupCode":"NULL","AssessmentGroupName":"","AssessmentComponentList":{"AssessmentComponent":[{"AssessmentComponentTitle":"Coursework two (1,800 words)","AssessmentComponentWeightPercentage":"35"},{"AssessmentComponentTitle":"Coursework three","AssessmentComponentWeightPercentage":"15"},{"AssessmentComponentTitle":"Coursework one (3,000 words)","AssessmentComponentWeightPercentage":"50"}]}},{"AssessmentGroupCode":"A","AssessmentGroupName":"","AssessmentComponentList":{"AssessmentComponent":[{"AssessmentComponentTitle":"Coursework three","AssessmentComponentWeightPercentage":"15"},{"AssessmentComponentTitle":"Coursework two (1,800 words)","AssessmentComponentWeightPercentage":"35"},{"AssessmentComponentTitle":"Coursework one (3,000 words)","AssessmentComponentWeightPercentage":"50"}]}}]}}}}}}}}