{"Response":{"Module":{"ModuleCode":"MECH0007","ModuleIdentifier":"0BBE009073F711E89A86FAE8722E8321","ModuleTitle":"Fundamentals of Materials 1","ModuleContact":{"Faculty":{"FacultyCode":"ENG","FacultyName":"Faculty of Engineering Sciences"},"Department":{"DepartmentCode":"MECHN_ENG","DepartmentName":"Mechanical Engineering"}},"ModuleValue":"15","ModuleStudyHours":"150","ModuleLearningHours":"36","ModuleSearchKeywords":"","Email":"mecheng.ug-queries@ucl.ac.uk","ModuleSuperGroup":"","CEFRLevel":"","ModuleInstance":{"AcademicYearCode":"2019","AcademicYearDescription":"2019/20 academic  year","ModuleInstanceDescription":"<p>\n\t<strong>Overview:</strong></p>\n<p>\n\tThis module presents students with the major theoretical concepts associated with materials science, such as bonding, atomic and molecular structure, phase equilibria, crystallography, and dislocation theory, so that a strong understanding of the relationship between structure and properties in materials can be developed. &nbsp;It also introduces and presents the basic theory associated with the mechanical behaviour of engineering materials when under load, both in the elastic and plastic regimes, as appropriate to the material.</p>\n<p>\n\tThe module also presents the materials science theory within a real-world context, with a particular emphasis on the manufacturing methods that are employed to turn basic materials into components and products. &nbsp;Through this study it will hopefully become apparent that the properties of materials are strongly determined by the structure of materials (on levels ranging from the nano to the macro scale) and that such structure is, in turn, itself strongly influenced by the manufacturing methods utilized. It is through manufacturing methodology that engineers have the greatest ability to alter and optimise materials properties such as strength and toughness, stiffness and even corrosion resistance.</p>\n<p>\n\t&nbsp;</p>\n<p>\n\t<strong>Topics covered:</strong></p>\n<ul>\n\t<li>\n\t\tBasic definitions and fundamental properties important to the mechanical engineer</li>\n\t<li>\n\t\tBonding</li>\n\t<li>\n\t\tSolids</li>\n\t<li>\n\t\tAlloys</li>\n\t<li>\n\t\tIntroduction to Steel</li>\n\t<li>\n\t\tIntroduction to Polymers</li>\n\t<li>\n\t\tIntroduction to crystallography</li>\n\t<li>\n\t\tDeformation</li>\n\t<li>\n\t\tIncreasing strength: mechanisms of strengthening of materials and the role of dislocation movement</li>\n\t<li>\n\t\tReview and summary of major manufacturing processes</li>\n</ul>\n<p>\n\t&nbsp;</p>\n<p>\n\t<strong>Learning outcomes:</strong></p>\n<p>\n\tUpon completion of this module students will gain:</p>\n<ul>\n\t<li>\n\t\tA basic understanding of the level of structure within materials right down to the atomic level.</li>\n\t<li>\n\t\tA sound knowledge and understanding of the structure-property relationships present in materials.</li>\n\t<li>\n\t\tAn understanding of the categories and importance of mechanical properties.</li>\n\t<li>\n\t\tA basic knowledge of manufacturing methods and their use in modern systems and components and which methods are appropriate to which materials.</li>\n</ul>\n<p>\n\t&nbsp;</p>\n","ModuleInstanceRestriction":"","ModuleInstanceSubjectCollection":{"ModuleInstanceSubject":"Material Science"},"ModuleDeliveryCollection":{"ModuleDelivery":{"ModuleDeliveryIdentifier":"0BCCAE4273F711E89A86FAE8722E8321","LevelOfStudy":"Undergraduate","ModuleDeliveryPeriod":{"PeriodCode":"T2","PeriodTitle":"Term 2"},"AcademicLevel":{"AcademicLevelCode":"L4","AcademicLevelTitle":"FHEQ Level 4"},"ModuleDeliveryType":"","ModeOfStudy":"Face-to-face","ModuleDeliveryTutor":{"PersonIdentifier":"AWOJC65","Name":"Adam Wojcik","Email":""},"PreviousYearStudentCount":"190","NumberOfStudents":"190","ModuleDeliveryLocation":{"LocationIdentifier":"","LocationName":""},"ModuleDeliveryAssessment":{"AssessmentGroupCollection":{"@DefaultAssessmentGroup":"NULL","AssessmentGroup":[{"AssessmentGroupCode":"NULL","AssessmentGroupName":"","AssessmentComponentList":{"AssessmentComponent":[{"AssessmentComponentTitle":"Coursework two (1,800 words)","AssessmentComponentWeightPercentage":"35"},{"AssessmentComponentTitle":"Coursework three","AssessmentComponentWeightPercentage":"15"},{"AssessmentComponentTitle":"Coursework one (3,000 words)","AssessmentComponentWeightPercentage":"50"}]}},{"AssessmentGroupCode":"A","AssessmentGroupName":"","AssessmentComponentList":{"AssessmentComponent":[{"AssessmentComponentTitle":"Coursework three","AssessmentComponentWeightPercentage":"15"},{"AssessmentComponentTitle":"Coursework two (1,800 words)","AssessmentComponentWeightPercentage":"35"},{"AssessmentComponentTitle":"Coursework one (3,000 words)","AssessmentComponentWeightPercentage":"50"}]}}]}}}}}}}}