{"Response":{"Module":{"ModuleCode":"MECH0008","ModuleIdentifier":"0BE028E673F711E89A86FAE8722E8321","ModuleTitle":"Engineering Design","ModuleContact":{"Faculty":{"FacultyCode":"ENG","FacultyName":"Faculty of Engineering Sciences"},"Department":{"DepartmentCode":"MECHN_ENG","DepartmentName":"Mechanical Engineering"}},"ModuleValue":"15","ModuleStudyHours":"188","ModuleLearningHours":"30","ModuleSearchKeywords":"","Email":"mecheng.ug-queries@ucl.ac.uk","ModuleSuperGroup":"","CEFRLevel":"","ModuleInstance":{"AcademicYearCode":"2019","AcademicYearDescription":"2019/20 academic  year","ModuleInstanceDescription":"<p>\n\t<strong>Course Aims</strong></p>\n<p style=\"margin-left:36.0pt;\">\n\t1.&nbsp;&nbsp;&nbsp;&nbsp; To train students in engineering design.</p>\n<p style=\"margin-left:36.0pt;\">\n\t2.&nbsp;&nbsp;&nbsp;&nbsp; To develop core practical, theoretical, and computational engineering skills and understand the role and relationship between them.</p>\n<p style=\"margin-left:36.0pt;\">\n\t3.&nbsp;&nbsp;&nbsp;&nbsp; To develop a wider appreciation of how engineering design shapes the made world.</p>\n<p>\n\t<strong>Learning Outcomes</strong></p>\n<p style=\"margin-left:36.0pt;\">\n\t1.&nbsp;&nbsp;&nbsp;&nbsp; Knowledge and experience of design methodologies.</p>\n<p style=\"margin-left:36.0pt;\">\n\t2.&nbsp;&nbsp;&nbsp;&nbsp; CAD design skills.</p>\n<p style=\"margin-left:36.0pt;\">\n\t3.&nbsp;&nbsp;&nbsp;&nbsp; MATLAB programming and analysis skills.</p>\n<p style=\"margin-left:36.0pt;\">\n\t4.&nbsp;&nbsp;&nbsp;&nbsp; Exposure to FE analysis and understanding of its role in design.</p>\n<p style=\"margin-left:36.0pt;\">\n\t5.&nbsp;&nbsp;&nbsp;&nbsp; Materials Selection knowledge and skills.</p>\n<p style=\"margin-left:36.0pt;\">\n\t6.&nbsp;&nbsp;&nbsp;&nbsp; Knowledge and experience using a mechanical workshop safely.</p>\n<p style=\"margin-left:36.0pt;\">\n\t7.&nbsp;&nbsp;&nbsp;&nbsp; Ability to create a physical prototype.</p>\n<p style=\"margin-left:36.0pt;\">\n\t8.&nbsp;&nbsp;&nbsp;&nbsp; Understanding of the environmental &amp; economic costs of making products and recycling them.</p>\n<p style=\"margin-left:36.0pt;\">\n\t9.&nbsp;&nbsp;&nbsp;&nbsp; The risks and processes of taking a product to market.</p>\n<p>\n\t&nbsp;</p>\n<p>\n\t<strong>Course Content</strong></p>\n<p>\n\tGiven a product brief set by the module tutor, the students are required to design, analyse, build, test a physical prototype, and then show how it meets the design brief.</p>\n<p>\n\tStudents will be taught how to interpret a design brief, design techniques and methodologies. They will become proficient at using computational design and analysis tools such as CAD and MATLAB analysis; become proficient at materials selection; become proficient at using mechanical tools and safe workshop practice; be able to design and make a physical prototype and present the analysis, both technical and environmental, that demonstrates it is a solution to the design brief.</p>\n","ModuleInstanceRestriction":"","ModuleInstanceSubjectCollection":{"ModuleInstanceSubject":"Design"},"ModuleDeliveryCollection":{"ModuleDelivery":{"ModuleDeliveryIdentifier":"0BEEBE4273F711E89A86FAE8722E8321","LevelOfStudy":"Undergraduate","ModuleDeliveryPeriod":{"PeriodCode":"T1","PeriodTitle":"Term 1"},"AcademicLevel":{"AcademicLevelCode":"L5","AcademicLevelTitle":"FHEQ Level 5"},"ModuleDeliveryType":"","ModeOfStudy":"Face-to-face","ModuleDeliveryTutor":{"PersonIdentifier":"MMIOD11","Name":"Mark Miodownik","Email":""},"PreviousYearStudentCount":"20","NumberOfStudents":"20","ModuleDeliveryLocation":{"LocationIdentifier":"","LocationName":""},"ModuleDeliveryAssessment":{"AssessmentGroupCollection":{"@DefaultAssessmentGroup":"NULL","AssessmentGroup":[{"AssessmentGroupCode":"NULL","AssessmentGroupName":"","AssessmentComponentList":{"AssessmentComponent":[{"AssessmentComponentTitle":"Coursework two (1,800 words)","AssessmentComponentWeightPercentage":"35"},{"AssessmentComponentTitle":"Coursework three","AssessmentComponentWeightPercentage":"15"},{"AssessmentComponentTitle":"Coursework one (3,000 words)","AssessmentComponentWeightPercentage":"50"}]}},{"AssessmentGroupCode":"A","AssessmentGroupName":"","AssessmentComponentList":{"AssessmentComponent":[{"AssessmentComponentTitle":"Coursework three","AssessmentComponentWeightPercentage":"15"},{"AssessmentComponentTitle":"Coursework two (1,800 words)","AssessmentComponentWeightPercentage":"35"},{"AssessmentComponentTitle":"Coursework one (3,000 words)","AssessmentComponentWeightPercentage":"50"}]}}]}}}}}}}}