{"Response":{"Module":{"ModuleCode":"CEGE0053","ModuleIdentifier":"0BE7CD7473F411E89A86FAE8722E8321","ModuleTitle":"Applied Building Information Modelling","ModuleContact":{"Faculty":{"FacultyCode":"ENG","FacultyName":"Faculty of Engineering Sciences"},"Department":{"DepartmentCode":"CIVLG_ENG","DepartmentName":"Civil, Environmental and Geomatic Engineering"}},"ModuleValue":"15","ModuleStudyHours":"150","ModuleLearningHours":"50","ModuleSearchKeywords":"BIM, SURVEY, REALITY CAPTURE, GIS","Email":"j.boehm@ucl.ac.uk","ModuleSuperGroup":"","CEFRLevel":"","ModuleInstance":{"AcademicYearCode":"2019","AcademicYearDescription":"2019/20 academic  year","ModuleInstanceDescription":"<p>\n\tThe module covers the integration of reality capture and survey data and GIS data with the Building Information Modelling (BIM) process. The module provides a background into the wider organisational and legislative context of BIM particularly for the UK. It gives the bigger picture of integrating geometry and information in the construction and maintenance world. It introduces concepts of reality capture data processing, feature extraction and 3D modelling. The practicals give students the opportunity to validate and critically assess 3D point cloud data for 3D modelling. Students learn how to create geometric models from point clouds and how to manage and share BIM data. The module is assessed by quizzes, individual reports and group presentations. The module is suitable for students in MSc Geospatial Science and also MSc Civil Engineering (particularly when specialising with Surveying).</p>\n","ModuleInstanceRestriction":"No pre-requisites for MSc Geospatial Sciences routes. Open to MSc Civil Engineering if places available.","ModuleInstanceSubjectCollection":"","ModuleDeliveryCollection":{"ModuleDelivery":{"ModuleDeliveryIdentifier":"0BF5D3EC73F411E89A86FAE8722E8321","LevelOfStudy":"Postgraduate","ModuleDeliveryPeriod":{"PeriodCode":"T2","PeriodTitle":"Term 2"},"AcademicLevel":{"AcademicLevelCode":"L7","AcademicLevelTitle":"FHEQ Level 7"},"ModuleDeliveryType":"","ModeOfStudy":"Face-to-face","ModuleDeliveryTutor":{"PersonIdentifier":"JOBOE65","Name":"Jan Oliver Boehm","Email":""},"PreviousYearStudentCount":"40","NumberOfStudents":"40","ModuleDeliveryLocation":{"LocationIdentifier":"","LocationName":""},"ModuleDeliveryAssessment":{"AssessmentGroupCollection":{"@DefaultAssessmentGroup":"NULL","AssessmentGroup":[{"AssessmentGroupCode":"NULL","AssessmentGroupName":"","AssessmentComponentList":{"AssessmentComponent":[{"AssessmentComponentTitle":"Coursework two (1,800 words)","AssessmentComponentWeightPercentage":"35"},{"AssessmentComponentTitle":"Coursework three","AssessmentComponentWeightPercentage":"15"},{"AssessmentComponentTitle":"Coursework one (3,000 words)","AssessmentComponentWeightPercentage":"50"}]}},{"AssessmentGroupCode":"A","AssessmentGroupName":"","AssessmentComponentList":{"AssessmentComponent":[{"AssessmentComponentTitle":"Coursework three","AssessmentComponentWeightPercentage":"15"},{"AssessmentComponentTitle":"Coursework two (1,800 words)","AssessmentComponentWeightPercentage":"35"},{"AssessmentComponentTitle":"Coursework one (3,000 words)","AssessmentComponentWeightPercentage":"50"}]}}]}}}}}}}}