{"Response":{"Module":{"ModuleCode":"MECH0009","ModuleIdentifier":"0C027DF673F711E89A86FAE8722E8321","ModuleTitle":"Manufacturing and Design","ModuleContact":{"Faculty":{"FacultyCode":"ENG","FacultyName":"Faculty of Engineering Sciences"},"Department":{"DepartmentCode":"MECHN_ENG","DepartmentName":"Mechanical Engineering"}},"ModuleValue":"15","ModuleStudyHours":"150","ModuleLearningHours":"33","ModuleSearchKeywords":"","Email":"","ModuleSuperGroup":"","CEFRLevel":"","ModuleInstance":{"AcademicYearCode":"2019","AcademicYearDescription":"2019/20 academic  year","ModuleInstanceDescription":"<p>\n\t<strong>Overview:</strong></p>\n<p>\n\tThis module covers the process of engineering design, manufacturing methods, and the relationship between them. It builds on the introductory material covered in MECH0004 Mechanical Engineering Practical Skills and MECH0007 Fundamentals of Materials.</p>\n<p>\n\tThe module aims to train students in the methodology of all stages of engineering design: from the analysis of the client statement to the manufacturing of the design. It develops the practical, theoretical, and computational engineering skills relevant to the design process. It also aims to develop an appreciation of sustainability in engineering design, and an understanding of how design decisions can affect the environmental and economic costs of the design and product.</p>\n<p>\n\t&nbsp;</p>\n<p>\n\t<strong>Topics covered:</strong></p>\n<p>\n\tThe topics that will be taught include:</p>\n<p>\n\t<strong>Fluid Machines</strong></p>\n<ul>\n\t<li>\n\t\tType of fluid machines</li>\n\t<li>\n\t\tPump Performance</li>\n\t<li>\n\t\tCentrifugal pump impeller design</li>\n</ul>\n<p>\n\t<strong>Engineering Design</strong></p>\n<ul>\n\t<li>\n\t\tTransformation of a client statement to an engineering problem statement</li>\n\t<li>\n\t\tF/O/C decomposition of design requirements</li>\n\t<li>\n\t\tEvaluation of design requirements</li>\n\t<li>\n\t\tDesign evaluation methods</li>\n</ul>\n<p>\n\t<strong>Materials Selection in Mechanical Design</strong></p>\n<ul>\n\t<li>\n\t\tMaterial property charts</li>\n\t<li>\n\t\tMaterial performance indices for strength, stiffness, fracture toughness, and thermal&nbsp;performance designs</li>\n\t<li>\n\t\tDesign for multiple constraints and conflicting objectives</li>\n</ul>\n<p>\n\t<strong>Manufacturing Processes</strong></p>\n<ul>\n\t<li>\n\t\tShaping processes</li>\n\t<li>\n\t\tFinishing processes</li>\n\t<li>\n\t\tJoining processes</li>\n\t<li>\n\t\tSelection methodology for manufacturing processes</li>\n</ul>\n<p>\n\t<strong>Sustainable Development of Engineering Designs</strong></p>\n<ul>\n\t<li>\n\t\tDesign life cycle analysis</li>\n\t<li>\n\t\tEco-selection of materials and processes</li>\n\t<li>\n\t\tAssessment of sustainable development</li>\n</ul>\n<p>\n\t&nbsp;</p>\n<p>\n\t<strong>Learning outcomes:</strong></p>\n<p>\n\tUpon completion of this module students will be able to:</p>\n<ul>\n\t<li>\n\t\tDemonstrate knowledge of design methodologies</li>\n\t<li>\n\t\tApply the materials selection methodology in designs for strength, stiffness, weight savings, fracture resistance, and thermal applications</li>\n\t<li>\n\t\tObtain a working knowledge of computational materials/process selection tools and deepen existing knowledge on CAD tools.</li>\n\t<li>\n\t\tUnderstand the environmental &amp; economic costs of making products and recycling them.</li>\n\t<li>\n\t\tDesign a centrifugal pump impeller and carry out the required calculations</li>\n</ul>\n","ModuleInstanceRestriction":"","ModuleInstanceSubjectCollection":{"ModuleInstanceSubject":"Mechanical Engineering"},"ModuleDeliveryCollection":{"ModuleDelivery":{"ModuleDeliveryIdentifier":"0C115BA073F711E89A86FAE8722E8321","LevelOfStudy":"Undergraduate","ModuleDeliveryPeriod":{"PeriodCode":"T1","PeriodTitle":"Term 1"},"AcademicLevel":{"AcademicLevelCode":"L5","AcademicLevelTitle":"FHEQ Level 5"},"ModuleDeliveryType":"","ModeOfStudy":"Face-to-face","ModuleDeliveryTutor":{"PersonIdentifier":"AABOL52","Name":"Ali Abolfathi","Email":""},"PreviousYearStudentCount":"140","NumberOfStudents":"140","ModuleDeliveryLocation":{"LocationIdentifier":"","LocationName":""},"ModuleDeliveryAssessment":{"AssessmentGroupCollection":{"@DefaultAssessmentGroup":"NULL","AssessmentGroup":[{"AssessmentGroupCode":"NULL","AssessmentGroupName":"","AssessmentComponentList":{"AssessmentComponent":[{"AssessmentComponentTitle":"Coursework two (1,800 words)","AssessmentComponentWeightPercentage":"35"},{"AssessmentComponentTitle":"Coursework three","AssessmentComponentWeightPercentage":"15"},{"AssessmentComponentTitle":"Coursework one (3,000 words)","AssessmentComponentWeightPercentage":"50"}]}},{"AssessmentGroupCode":"A","AssessmentGroupName":"","AssessmentComponentList":{"AssessmentComponent":[{"AssessmentComponentTitle":"Coursework three","AssessmentComponentWeightPercentage":"15"},{"AssessmentComponentTitle":"Coursework two (1,800 words)","AssessmentComponentWeightPercentage":"35"},{"AssessmentComponentTitle":"Coursework one (3,000 words)","AssessmentComponentWeightPercentage":"50"}]}}]}}}}}}}}