{"Response":{"Module":{"ModuleCode":"MECH0010","ModuleIdentifier":"0C27723273F711E89A86FAE8722E8321","ModuleTitle":"Control and Instrumentation","ModuleContact":{"Faculty":{"FacultyCode":"ENG","FacultyName":"Faculty of Engineering Sciences"},"Department":{"DepartmentCode":"MECHN_ENG","DepartmentName":"Mechanical Engineering"}},"ModuleValue":"15","ModuleStudyHours":"150","ModuleLearningHours":"37","ModuleSearchKeywords":"","Email":"mecheng.ug-queries@ucl.ac.uk","ModuleSuperGroup":"","CEFRLevel":"","ModuleInstance":{"AcademicYearCode":"2019","AcademicYearDescription":"2019/20 academic  year","ModuleInstanceDescription":"<p>\n\t<strong>Overview:</strong></p>\n<p>\n\tThis module provides students with an understanding of the tools &amp; techniques required to interface between mechanical components and the wider world, involving sensing, actuation (e.g. motors) modelling and control.</p>\n<p>\n\t<strong>Topics covered:</strong></p>\n<p>\n\tModelling Dynamic Systems</p>\n<ul>\n\t<li>\n\t\tTime-response (&ldquo;dynamics&rdquo;) of first- and second-order systems: including examples of electrical filters used to reduce ripple &amp; electrical noise.</li>\n\t<li>\n\t\tOrdinary differential equations (ODE), to complement (not duplicate) the Mechanics of Solids and core IEP modelling &amp; analysis syllabus.</li>\n\t<li>\n\t\tMass-spring-damper systems and the concepts of resonance.</li>\n</ul>\n<p>\n\tInstrumentation</p>\n<ul>\n\t<li>\n\t\tMeasures of strain (strain gauge), displacement (optical encoder, LVDT, possibly hall-effect sensor), force, velocity, temperature.</li>\n</ul>\n<p>\n\tControl and Electrical Power</p>\n<ul>\n\t<li>\n\t\tIntroduction to control. Open- and closed-loop control representation, emphasising open loop = &ldquo;model-based predictive control&rdquo;. Examples of regulation, including cruise control (speed), temperature control.</li>\n\t<li>\n\t\tFeedback, and the general structure of a control loop.</li>\n\t<li>\n\t\tElectric motor types, including impedance.</li>\n</ul>\n<p>\n\t<strong>Learning outcomes:</strong></p>\n<p>\n\tUpon completion of this module students will be able to:</p>\n<ul>\n\t<li>\n\t\tCreate linear analytical models of dynamic systems and solve them to identify the response of those systems to a range of inputs.</li>\n\t<li>\n\t\tSelect appropriate sensors which may be required to interface between a mechanical system and its application (e.g. displacement sensor).</li>\n\t<li>\n\t\tIdentify the important components of a control loop and choose a general control strategy.</li>\n\t<li>\n\t\tAnalyse a range of electrical power machines and identify their suitability for applications.</li>\n</ul>\n<p>\n\t&nbsp;</p>\n","ModuleInstanceRestriction":"","ModuleInstanceSubjectCollection":{"ModuleInstanceSubject":["Instrumentation","Mechanical Engineering"]},"ModuleDeliveryCollection":{"ModuleDelivery":{"ModuleDeliveryIdentifier":"0C4BED3873F711E89A86FAE8722E8321","LevelOfStudy":"Undergraduate","ModuleDeliveryPeriod":{"PeriodCode":"T1","PeriodTitle":"Term 1"},"AcademicLevel":{"AcademicLevelCode":"L5","AcademicLevelTitle":"FHEQ Level 5"},"ModuleDeliveryType":"","ModeOfStudy":"Face-to-face","ModuleDeliveryTutor":{"PersonIdentifier":"RTORI16","Name":"Ryo Torii","Email":""},"PreviousYearStudentCount":"210","NumberOfStudents":"210","ModuleDeliveryLocation":{"LocationIdentifier":"","LocationName":""},"ModuleDeliveryAssessment":{"AssessmentGroupCollection":{"@DefaultAssessmentGroup":"NULL","AssessmentGroup":[{"AssessmentGroupCode":"NULL","AssessmentGroupName":"","AssessmentComponentList":{"AssessmentComponent":[{"AssessmentComponentTitle":"Coursework two (1,800 words)","AssessmentComponentWeightPercentage":"35"},{"AssessmentComponentTitle":"Coursework three","AssessmentComponentWeightPercentage":"15"},{"AssessmentComponentTitle":"Coursework one (3,000 words)","AssessmentComponentWeightPercentage":"50"}]}},{"AssessmentGroupCode":"A","AssessmentGroupName":"","AssessmentComponentList":{"AssessmentComponent":[{"AssessmentComponentTitle":"Coursework three","AssessmentComponentWeightPercentage":"15"},{"AssessmentComponentTitle":"Coursework two (1,800 words)","AssessmentComponentWeightPercentage":"35"},{"AssessmentComponentTitle":"Coursework one (3,000 words)","AssessmentComponentWeightPercentage":"50"}]}}]}}}}}}}}