{"Response":{"Module":{"ModuleCode":"ELCS0063","ModuleIdentifier":"0C3FBF0673F511E89A86FAE8722E8321","ModuleTitle":"MA Dissertation (Research)","ModuleContact":{"Faculty":{"FacultyCode":"ART","FacultyName":"Faculty of Arts and Humanities"},"Department":{"DepartmentCode":"SELCS_ART","DepartmentName":"School of European Languages, Culture and Society"}},"ModuleValue":"90","ModuleStudyHours":"900","ModuleLearningHours":"0","ModuleSearchKeywords":"DISSERTATION,","Email":"","ModuleSuperGroup":"","CEFRLevel":"","ModuleInstance":{"AcademicYearCode":"2019","AcademicYearDescription":"2019/20 academic  year","ModuleInstanceDescription":"<div>\n\tThe MA Research Dissertation, the cornerstone of the MA in Language, Culture and Society (Research), should be 18,000 words long, written in English or one of the foreign languages taught in the School of European Languages, Culture and Society,&nbsp; and submitted at the end of the programme (beginning of September).</div>\n<div>\n\t&nbsp;</div>\n<div>\n\tIn this essay the student will be expected to investigate a research question in considerable depth, demonstrate superior research skills, and show a highly advanced level of independent thought. The Research Dissertation will be supervised by a member of the School of European Languages, Culture and Society on a literary or historical or cultural topic agreed with the supervisor and, if appropriate, the SELCS Graduate Tutor.</div>\n<div>\n\t&nbsp;</div>\n<div>\n\tThe dissertation will normally focus on an analysis of the literature, history and/or culture deriving from one or a selection of those societies where the following twelve languages are spoken: Catalan, Danish, Dutch, French, Galician, German, Icelandic, Italian, Norwegian, Portuguese, Spanish and Swedish.</div>\n","ModuleInstanceRestriction":"","ModuleInstanceSubjectCollection":"","ModuleDeliveryCollection":{"ModuleDelivery":{"ModuleDeliveryIdentifier":"0C4E215E73F511E89A86FAE8722E8321","LevelOfStudy":"Postgraduate","ModuleDeliveryPeriod":{"PeriodCode":"YEAR","PeriodTitle":"Calendar Year"},"AcademicLevel":{"AcademicLevelCode":"L7","AcademicLevelTitle":"FHEQ Level 7"},"ModuleDeliveryType":"","ModeOfStudy":"Face-to-face","ModuleDeliveryTutor":{"PersonIdentifier":"MMCHA79","Name":"Mairead Mary Colette Hanrahan","Email":""},"PreviousYearStudentCount":"2","NumberOfStudents":"2","ModuleDeliveryLocation":{"LocationIdentifier":"","LocationName":""},"ModuleDeliveryAssessment":{"AssessmentGroupCollection":{"@DefaultAssessmentGroup":"NULL","AssessmentGroup":[{"AssessmentGroupCode":"NULL","AssessmentGroupName":"","AssessmentComponentList":{"AssessmentComponent":[{"AssessmentComponentTitle":"Coursework two (1,800 words)","AssessmentComponentWeightPercentage":"35"},{"AssessmentComponentTitle":"Coursework three","AssessmentComponentWeightPercentage":"15"},{"AssessmentComponentTitle":"Coursework one (3,000 words)","AssessmentComponentWeightPercentage":"50"}]}},{"AssessmentGroupCode":"A","AssessmentGroupName":"","AssessmentComponentList":{"AssessmentComponent":[{"AssessmentComponentTitle":"Coursework three","AssessmentComponentWeightPercentage":"15"},{"AssessmentComponentTitle":"Coursework two (1,800 words)","AssessmentComponentWeightPercentage":"35"},{"AssessmentComponentTitle":"Coursework one (3,000 words)","AssessmentComponentWeightPercentage":"50"}]}}]}}}}}}}}