{"Response":{"Module":{"ModuleCode":"HIST0608","ModuleIdentifier":"0C82C69273F611E89A86FAE8722E8321","ModuleTitle":"Cultures of War in Ancient Greece (Dissertation)","ModuleContact":{"Faculty":{"FacultyCode":"SHS","FacultyName":"Faculty of Social and Historical Sciences"},"Department":{"DepartmentCode":"HISTR_SHS","DepartmentName":"History"}},"ModuleValue":"30","ModuleStudyHours":"300","ModuleLearningHours":"5","ModuleSearchKeywords":"WAR, SOCIETY, ANCIENT, GREECE, ANCIENT HISTORY","Email":"history-ug-enquiries@ucl.ac.uk","ModuleSuperGroup":"","CEFRLevel":"","ModuleInstance":{"AcademicYearCode":"2019","AcademicYearDescription":"2019/20 academic  year","ModuleInstanceDescription":"<p>\n\tThis course investigates all aspects of war in its social and cultural context in archaic and classical Greece - from the causes of conflict, via the question of how to train, raise, maintain, and control citizen and mercenary armies, to the range of forms of warfare from ritual clashes to campaigns of annihilation. In particular, the course tackles some of the myths current in modern scholarship: the notions that war was the &#39;normal&#39; state of international relations in Greece; that the citizen army was an essentially &#39;middle-class&#39; body; that warfare was restricted to a game-like competition in the archaic period but underwent a major cultural shift to become a destructive &#39;total&#39; conflict in the classical period; that the Athenian navy drove the development of radical democracy; and that the &#39;mercenary explosion&#39; of the fourth century was a result of economic and political crisis in the Greek city-states and marked another fundamental change in military culture. How the Greeks fought has been much-debated in recent research, and this too will be the subject of detailed study. A crucial aim of the course is to provide an understanding of how Greek warfare was shaped by the social, economic, and cultural constraints of its time, how it developed, and why wars were so common in ancient Greece. A second aim of the course is to provide students with the knowledge and skills to tackle this challenge, by enabling them to study the sources as coherent narratives while analysing their implications for any and all aspects of Greek war, society and culture.</p>\n","ModuleInstanceRestriction":"Only final year students may select this module. Affiliate students cannot select this module. \n\nThis module represents the dissertation component of a student's Special Subject option. Students MUST also select the examination component, HIST0094, if they are taking this module.","ModuleInstanceSubjectCollection":{"ModuleInstanceSubject":["Ancient Greek","Ancient History"]},"ModuleDeliveryCollection":{"ModuleDelivery":{"ModuleDeliveryIdentifier":"0C91C11A73F611E89A86FAE8722E8321","LevelOfStudy":"Undergraduate","ModuleDeliveryPeriod":{"PeriodCode":"T1/2","PeriodTitle":"Terms 1 and 2"},"AcademicLevel":{"AcademicLevelCode":"L6","AcademicLevelTitle":"FHEQ Level 6"},"ModuleDeliveryType":"","ModeOfStudy":"Face-to-face","ModuleDeliveryTutor":{"PersonIdentifier":"HVANW90","Name":"Johannes Gerardus Bartholomeus Van Wees","Email":""},"PreviousYearStudentCount":"","NumberOfStudents":"0","ModuleDeliveryLocation":{"LocationIdentifier":"","LocationName":""},"ModuleDeliveryAssessment":{"AssessmentGroupCollection":{"@DefaultAssessmentGroup":"NULL","AssessmentGroup":[{"AssessmentGroupCode":"NULL","AssessmentGroupName":"","AssessmentComponentList":{"AssessmentComponent":[{"AssessmentComponentTitle":"Coursework two (1,800 words)","AssessmentComponentWeightPercentage":"35"},{"AssessmentComponentTitle":"Coursework three","AssessmentComponentWeightPercentage":"15"},{"AssessmentComponentTitle":"Coursework one (3,000 words)","AssessmentComponentWeightPercentage":"50"}]}},{"AssessmentGroupCode":"A","AssessmentGroupName":"","AssessmentComponentList":{"AssessmentComponent":[{"AssessmentComponentTitle":"Coursework three","AssessmentComponentWeightPercentage":"15"},{"AssessmentComponentTitle":"Coursework two (1,800 words)","AssessmentComponentWeightPercentage":"35"},{"AssessmentComponentTitle":"Coursework one (3,000 words)","AssessmentComponentWeightPercentage":"50"}]}}]}}}}}}}}