{"Response":{"Module":{"ModuleCode":"SEEB0010","ModuleIdentifier":"0C83657873F811E89A86FAE8722E8321","ModuleTitle":"Bulgarian Language Level 3a - Comprehension","ModuleContact":{"Faculty":{"FacultyCode":"ART","FacultyName":"Faculty of Arts and Humanities"},"Department":{"DepartmentCode":"SSEEL_ART","DepartmentName":"SSEES - East European Languages and Culture"}},"ModuleValue":"15","ModuleStudyHours":"150","ModuleLearningHours":"30","ModuleSearchKeywords":"BULGARIAN LANGUAGE","Email":"","ModuleSuperGroup":"Bulgarian Language Level 3a - Comprehension","CEFRLevel":"","ModuleInstance":{"AcademicYearCode":"2019","AcademicYearDescription":"2019/20 academic  year","ModuleInstanceDescription":"<p>\n\tThis module is for students who have successfully completed Level 2 of the target language. The modules Comprehension and Production are taught in conjunction. Students who successfully complete these modules should be able to function effectively and with confidence in an extensive range of academic, professional and social situations, and also to have gained a metalinguistic perspective on translation issues. Students will gain a more advanced understanding of the target language in its authentic spoken and written forms using materials from a wide variety of topic areas. They will learn to extract the required information and record it accurately and coherently in English They will learn to manipulate the spoken and written language in any situation with appropriate, accurate and elaborate use of lexis and grammatical structures in a wide variety of contexts and registers. They will become confident in to seeking, providing and refining opinions and information in sustained spoken and written interchanges.They will learn to speak and write with increasing confidence and accuracy about key issues relating to life and culture in the region(s) where the target language is spoken.</p>\n","ModuleInstanceRestriction":"","ModuleInstanceSubjectCollection":"","ModuleDeliveryCollection":{"ModuleDelivery":{"ModuleDeliveryIdentifier":"0C92AC9073F811E89A86FAE8722E8321","LevelOfStudy":"Undergraduate","ModuleDeliveryPeriod":{"PeriodCode":"T1/2","PeriodTitle":"Terms 1 and 2"},"AcademicLevel":{"AcademicLevelCode":"L6","AcademicLevelTitle":"FHEQ Level 6"},"ModuleDeliveryType":"","ModeOfStudy":"Face-to-face","ModuleDeliveryTutor":{"PersonIdentifier":"YVELK01","Name":"Yordanka Velkova","Email":""},"PreviousYearStudentCount":"5","NumberOfStudents":"5","ModuleDeliveryLocation":{"LocationIdentifier":"","LocationName":""},"ModuleDeliveryAssessment":{"AssessmentGroupCollection":{"@DefaultAssessmentGroup":"NULL","AssessmentGroup":[{"AssessmentGroupCode":"NULL","AssessmentGroupName":"","AssessmentComponentList":{"AssessmentComponent":[{"AssessmentComponentTitle":"Coursework two (1,800 words)","AssessmentComponentWeightPercentage":"35"},{"AssessmentComponentTitle":"Coursework three","AssessmentComponentWeightPercentage":"15"},{"AssessmentComponentTitle":"Coursework one (3,000 words)","AssessmentComponentWeightPercentage":"50"}]}},{"AssessmentGroupCode":"A","AssessmentGroupName":"","AssessmentComponentList":{"AssessmentComponent":[{"AssessmentComponentTitle":"Coursework three","AssessmentComponentWeightPercentage":"15"},{"AssessmentComponentTitle":"Coursework two (1,800 words)","AssessmentComponentWeightPercentage":"35"},{"AssessmentComponentTitle":"Coursework one (3,000 words)","AssessmentComponentWeightPercentage":"50"}]}}]}}}}}}}}