{"Response":{"Module":{"ModuleCode":"MECH0012","ModuleIdentifier":"0C8395A873F711E89A86FAE8722E8321","ModuleTitle":"Intermediate Thermodynamics and Fluid Mechanics A","ModuleContact":{"Faculty":{"FacultyCode":"ENG","FacultyName":"Faculty of Engineering Sciences"},"Department":{"DepartmentCode":"MECHN_ENG","DepartmentName":"Mechanical Engineering"}},"ModuleValue":"7.5","ModuleStudyHours":"75","ModuleLearningHours":"18","ModuleSearchKeywords":"","Email":"mecheng.ug-queries@ucl.ac.uk","ModuleSuperGroup":"Intermediate Thermodynamics and Fluid Mechanics","CEFRLevel":"","ModuleInstance":{"AcademicYearCode":"2019","AcademicYearDescription":"2019/20 academic  year","ModuleInstanceDescription":"<p>\n\t<em>This description relates to the full year version of the module. Only the topics and content that is taught in Term 1 will be covered in this module.</em></p>\n<p>\n\t<strong>Overview:</strong></p>\n<p>\n\tThis module aims to develop a basic understanding of some advanced topics of fluid mechanics and thermal energy and the ability to apply these topics to the analysis of common engineering systems.</p>\n<p>\n\tThe module consists of two thematic and overlapping areas: fluid mechanics and thermodynamics. It links the broad concepts of thermodynamics and fluid mechanics with the practical context that they will experience in industry. Students are provided with a solid basis of fundamental and applied concepts in fluid mechanics and thermodynamics in order to develop a comprehensive view of fluid systems and energy generation and utilisation that will tackle both traditional problems and novel applications, keeping up with the state of the art and informed by research within the department.</p>\n<p>\n\t&nbsp;</p>\n<p>\n\t<strong>Topics covered:</strong></p>\n<p>\n\tFluid Mechanics</p>\n<ul>\n\t<li>\n\t\tDifferential equations of mass and momentum</li>\n\t<li>\n\t\tBoundary-layer theory</li>\n\t<li>\n\t\t&nbsp;Flow in Pipes</li>\n\t<li>\n\t\t&nbsp;Flow Past a Body&nbsp;(Lift and drag)&nbsp; &nbsp;&nbsp;</li>\n</ul>\n<p>\n\tThermodynamics</p>\n<ul>\n\t<li>\n\t\tMixtures of ideal gases</li>\n\t<li>\n\t\tBasic psychrometric processes</li>\n\t<li>\n\t\tElementary combustion</li>\n\t<li>\n\t\tSteam turbine cycles</li>\n\t<li>\n\t\tGas turbine cycles</li>\n\t<li>\n\t\tThermodynamics in Renewables</li>\n</ul>\n<p>\n\t&nbsp;</p>\n<p>\n\t<strong>Learning outcomes:</strong></p>\n<p>\n\tUpon completion of this module students will be able to:</p>\n<ul>\n\t<li>\n\t\tUnderstand and be able to work with common applications in thermodynamics and fluid mechanics.</li>\n\t<li>\n\t\tIdentify and define the requirements, constraints and design parameters of a project that involves a thermodynamics/fluid component.</li>\n\t<li>\n\t\tGenerate concepts, exercise critical thinking, implement a methodology to compare ideas and use engineering judgment to choose a viable solution in this context.</li>\n\t<li>\n\t\tGain knowledge and apply the design process, mathematics and engineering analysis to the development and creation of integrated engineering solutions within the remit of the course and through the use of combined disciplines or sub-disciplines as required.</li>\n\t<li>\n\t\tUnderstand the wide use and importance of mechanics of fluids and thermodynamics in their future professional lives.</li>\n</ul>\n<p>\n\t&nbsp;</p>\n","ModuleInstanceRestriction":"Only available for Term 1 only affiliate students","ModuleInstanceSubjectCollection":{"ModuleInstanceSubject":"Fluid Mechanics"},"ModuleDeliveryCollection":{"ModuleDelivery":{"ModuleDeliveryIdentifier":"0C92366273F711E89A86FAE8722E8321","LevelOfStudy":"Undergraduate","ModuleDeliveryPeriod":{"PeriodCode":"T1","PeriodTitle":"Term 1"},"AcademicLevel":{"AcademicLevelCode":"L5","AcademicLevelTitle":"FHEQ Level 5"},"ModuleDeliveryType":"","ModeOfStudy":"Face-to-face","ModuleDeliveryTutor":{"PersonIdentifier":"ADUCC64","Name":"Andrea Ducci","Email":""},"PreviousYearStudentCount":"5","NumberOfStudents":"5","ModuleDeliveryLocation":{"LocationIdentifier":"","LocationName":""},"ModuleDeliveryAssessment":{"AssessmentGroupCollection":{"@DefaultAssessmentGroup":"NULL","AssessmentGroup":[{"AssessmentGroupCode":"NULL","AssessmentGroupName":"","AssessmentComponentList":{"AssessmentComponent":[{"AssessmentComponentTitle":"Coursework two (1,800 words)","AssessmentComponentWeightPercentage":"35"},{"AssessmentComponentTitle":"Coursework three","AssessmentComponentWeightPercentage":"15"},{"AssessmentComponentTitle":"Coursework one (3,000 words)","AssessmentComponentWeightPercentage":"50"}]}},{"AssessmentGroupCode":"A","AssessmentGroupName":"","AssessmentComponentList":{"AssessmentComponent":[{"AssessmentComponentTitle":"Coursework three","AssessmentComponentWeightPercentage":"15"},{"AssessmentComponentTitle":"Coursework two (1,800 words)","AssessmentComponentWeightPercentage":"35"},{"AssessmentComponentTitle":"Coursework one (3,000 words)","AssessmentComponentWeightPercentage":"50"}]}}]}}}}}}}}