{"Response":{"Module":{"ModuleCode":"MECH0013","ModuleIdentifier":"0CA668C673F711E89A86FAE8722E8321","ModuleTitle":"Mechanics of Solids and Structures","ModuleContact":{"Faculty":{"FacultyCode":"ENG","FacultyName":"Faculty of Engineering Sciences"},"Department":{"DepartmentCode":"MECHN_ENG","DepartmentName":"Mechanical Engineering"}},"ModuleValue":"15","ModuleStudyHours":"150","ModuleLearningHours":"36","ModuleSearchKeywords":"","Email":"mecheng.ug-queries@ucl.ac.uk","ModuleSuperGroup":"Mechanics of Solids and Structures","CEFRLevel":"","ModuleInstance":{"AcademicYearCode":"2019","AcademicYearDescription":"2019/20 academic  year","ModuleInstanceDescription":"<p>\n\t<strong>Overview:</strong></p>\n<p>\n\tThis module applies the theories of statics to the analysis of the mechanical behaviour of basic deformable structures subjected to external loads.</p>\n<p>\n\tThe module is&nbsp;a natural continuation from the modules MECH0003 Introduction to Mechanical Engineering and MECH0006 Engineering Dynamics, which are studied in the first year of the Mechanical Engineering undergraduate programme. It aims to provide students with an engaging theoretical foundation enabling them to determine the response of engineering structures to external mechanical actions, the resulting deformations and the state of stress and strain produced into the structure&rsquo;s components. Students will also acquire the ability to predict and prevent common forms of structural static failure in basic engineering components.</p>\n<p>\n\t<strong>Topics covered:</strong></p>\n<p>\n\tTopics covered in the module include:</p>\n<ul>\n\t<li>\n\t\tBending of beams</li>\n\t<li>\n\t\tPlastic collapse</li>\n\t<li>\n\t\tEnergy methods</li>\n\t<li>\n\t\tBeam buckling</li>\n\t<li>\n\t\tPrincipal stresses and failure criteria</li>\n\t<li>\n\t\tAxisymmetric stress and strain</li>\n</ul>\n<p>\n\t<strong>Learning outcomes:</strong></p>\n<p>\n\tUpon completion of this module students will be able to:</p>\n<ul>\n\t<li>\n\t\tDemonstrate knowledge and understanding of the essential concepts, theories and principles underlying the mechanics of solid bodies.</li>\n\t<li>\n\t\tAnalyse the response of beam structures to lateral and axial loads; plastic theory of collapse; asymmetric bending of open sectioned thin beams; energy theorems and methods of analysis; buckling of elastic beams; axisymmetric stresses and strains; torsional stresses; and introductory ideas in structural design.</li>\n\t<li>\n\t\tApply appropriate quantitative science, engineering and mathematical tools to the solution of problems in structural engineering.</li>\n\t<li>\n\t\tDemonstrate creative and innovative ability in the synthesis of theoretical solutions, and linking them to the design of real-world structures.</li>\n\t<li>\n\t\tSolve structural engineering problems, communicate and effectively source background resources and materials required for self-learning.</li>\n</ul>\n<p>\n\t&nbsp;</p>\n","ModuleInstanceRestriction":"","ModuleInstanceSubjectCollection":{"ModuleInstanceSubject":["Mechanical Engineering","Structural Mechanics"]},"ModuleDeliveryCollection":{"ModuleDelivery":{"ModuleDeliveryIdentifier":"0CB506CE73F711E89A86FAE8722E8321","LevelOfStudy":"Undergraduate","ModuleDeliveryPeriod":{"PeriodCode":"T1/2","PeriodTitle":"Terms 1 and 2"},"AcademicLevel":{"AcademicLevelCode":"L5","AcademicLevelTitle":"FHEQ Level 5"},"ModuleDeliveryType":"","ModeOfStudy":"Face-to-face","ModuleDeliveryTutor":{"PersonIdentifier":"GBURR49","Name":"Gaetano Burriesci","Email":""},"PreviousYearStudentCount":"210","NumberOfStudents":"210","ModuleDeliveryLocation":{"LocationIdentifier":"","LocationName":""},"ModuleDeliveryAssessment":{"AssessmentGroupCollection":{"@DefaultAssessmentGroup":"NULL","AssessmentGroup":[{"AssessmentGroupCode":"NULL","AssessmentGroupName":"","AssessmentComponentList":{"AssessmentComponent":[{"AssessmentComponentTitle":"Coursework two (1,800 words)","AssessmentComponentWeightPercentage":"35"},{"AssessmentComponentTitle":"Coursework three","AssessmentComponentWeightPercentage":"15"},{"AssessmentComponentTitle":"Coursework one (3,000 words)","AssessmentComponentWeightPercentage":"50"}]}},{"AssessmentGroupCode":"A","AssessmentGroupName":"","AssessmentComponentList":{"AssessmentComponent":[{"AssessmentComponentTitle":"Coursework three","AssessmentComponentWeightPercentage":"15"},{"AssessmentComponentTitle":"Coursework two (1,800 words)","AssessmentComponentWeightPercentage":"35"},{"AssessmentComponentTitle":"Coursework one (3,000 words)","AssessmentComponentWeightPercentage":"50"}]}}]}}}}}}}}