{"Response":{"Module":{"ModuleCode":"ELCS0065","ModuleIdentifier":"0CB1E47873F511E89A86FAE8722E8321","ModuleTitle":"Language, Culture and History","ModuleContact":{"Faculty":{"FacultyCode":"ART","FacultyName":"Faculty of Arts and Humanities"},"Department":{"DepartmentCode":"SELCS_ART","DepartmentName":"School of European Languages, Culture and Society"}},"ModuleValue":"30","ModuleStudyHours":"300","ModuleLearningHours":"0","ModuleSearchKeywords":"LANGUAGE, CULTURE, HISTORY,","Email":"","ModuleSuperGroup":"","CEFRLevel":"","ModuleInstance":{"AcademicYearCode":"2019","AcademicYearDescription":"2019/20 academic  year","ModuleInstanceDescription":"<p>\n\tThis compulsory module is a requirement on all the language pathways of the MA in Language, Culture and History.</p>\n<p>\n\tSeminars may focus particularly on the culture, history and literature of one or two of the languages taught in this MA. Students will normally choose between two research topics offered for each 5 weeks of seminars. Recent seminar topics have included: &lsquo;Memory&rsquo;, &lsquo;The Past&rsquo;, &lsquo;Sexuality&rsquo;,&nbsp;Warfare&rsquo;.&nbsp;</p>\n<p>\n\tFor their assessment, students will have the opportunity to consider the topic involved as it applies to the language of their choice: Catalan, Danish, Dutch, French, Galician, German, Icelandic, Italian, Norwegian, Portuguese, Spanish, Swedish.&nbsp;</p>\n<p>\n\t&nbsp;</p>\n","ModuleInstanceRestriction":"","ModuleInstanceSubjectCollection":"","ModuleDeliveryCollection":{"ModuleDelivery":{"ModuleDeliveryIdentifier":"0CC01CD273F511E89A86FAE8722E8321","LevelOfStudy":"Postgraduate","ModuleDeliveryPeriod":{"PeriodCode":"T1","PeriodTitle":"Term 1"},"AcademicLevel":{"AcademicLevelCode":"L7","AcademicLevelTitle":"FHEQ Level 7"},"ModuleDeliveryType":"","ModeOfStudy":"Face-to-face","ModuleDeliveryTutor":{"PersonIdentifier":"","Name":"","Email":""},"PreviousYearStudentCount":"25","NumberOfStudents":"25","ModuleDeliveryLocation":{"LocationIdentifier":"","LocationName":""},"ModuleDeliveryAssessment":{"AssessmentGroupCollection":{"@DefaultAssessmentGroup":"NULL","AssessmentGroup":[{"AssessmentGroupCode":"NULL","AssessmentGroupName":"","AssessmentComponentList":{"AssessmentComponent":[{"AssessmentComponentTitle":"Coursework two (1,800 words)","AssessmentComponentWeightPercentage":"35"},{"AssessmentComponentTitle":"Coursework three","AssessmentComponentWeightPercentage":"15"},{"AssessmentComponentTitle":"Coursework one (3,000 words)","AssessmentComponentWeightPercentage":"50"}]}},{"AssessmentGroupCode":"A","AssessmentGroupName":"","AssessmentComponentList":{"AssessmentComponent":[{"AssessmentComponentTitle":"Coursework three","AssessmentComponentWeightPercentage":"15"},{"AssessmentComponentTitle":"Coursework two (1,800 words)","AssessmentComponentWeightPercentage":"35"},{"AssessmentComponentTitle":"Coursework one (3,000 words)","AssessmentComponentWeightPercentage":"50"}]}}]}}}}}}}}