{"Response":{"Module":{"ModuleCode":"MECH0015","ModuleIdentifier":"0CEC68EE73F711E89A86FAE8722E8321","ModuleTitle":"Engineering Materials: Failures and Design","ModuleContact":{"Faculty":{"FacultyCode":"ENG","FacultyName":"Faculty of Engineering Sciences"},"Department":{"DepartmentCode":"MECHN_ENG","DepartmentName":"Mechanical Engineering"}},"ModuleValue":"15","ModuleStudyHours":"150","ModuleLearningHours":"34","ModuleSearchKeywords":"","Email":"mecheng.ug-queries@ucl.ac.uk","ModuleSuperGroup":"","CEFRLevel":"","ModuleInstance":{"AcademicYearCode":"2019","AcademicYearDescription":"2019/20 academic  year","ModuleInstanceDescription":"<p>\n\t<strong>Overview:</strong></p>\n<p>\n\tThis module is somewhat unique in materials teaching in that it delivers the required&nbsp;aspects of standard materials theory for second year engineers, but does so within a&nbsp;context of design and, in particular, failure of design to deliver the desired effect. In&nbsp;this respect, the module aims to educate and inform by bitter experience as well as by the more conventional textbook approach.</p>\n<p>\n\tTwo main threads are explored in the module: materials, and failure of materials and how these aspects link into product design and manufacturing technology. The main aims are:</p>\n<ul>\n\t<li>\n\t\tTo build upon the theory of materials given in Year 1 through a detailed&nbsp;examination of the principal alloy systems employed in engineering, their main&nbsp;characteristics, uses and heat treatments.</li>\n\t<li>\n\t\tTo deliver a basic understanding of the theory of other classes of material, including polymers, ceramics and composites, and their selection in engineering design.</li>\n\t<li>\n\t\tTo understand the modes and mechanisms by which materials and&nbsp;components fail in service and the engineering and manufacturing solutions available to combat such failure.</li>\n\t<li>\n\t\tTo relate all such information to the design of components and products&nbsp;and to illustrate the strong linkage between design and materials issues, and to the way in which&nbsp;components are manufactured.</li>\n\t<li>\n\t\tTo equip students with a sense that they have a responsibility to society&nbsp;to produce products that are fit for use, safe and long lasting, as well as cost effective and profitable for their employer.</li>\n</ul>\n<p>\n\t<strong>Topics covered:</strong></p>\n<p>\n\tThe module builds on the introductory material covered in MECH0007 Fundamentals of&nbsp;Materials. It is taught in two complimentary halves: engineering materials and failure.</p>\n<p>\n\tEngineering Materials</p>\n<ul>\n\t<li>\n\t\tSteels</li>\n\t<li>\n\t\tAlloy steels</li>\n\t<li>\n\t\tCast irons</li>\n\t<li>\n\t\tAl alloys</li>\n\t<li>\n\t\tCu alloys</li>\n\t<li>\n\t\tNi alloys</li>\n\t<li>\n\t\tTi alloys</li>\n\t<li>\n\t\tCeramics and glasses</li>\n\t<li>\n\t\tComposites: a brief introduction</li>\n</ul>\n<p>\n\tFailure</p>\n<ul>\n\t<li>\n\t\tFracture</li>\n\t<li>\n\t\tFatigue</li>\n\t<li>\n\t\tCorrosion</li>\n\t<li>\n\t\tCreep</li>\n</ul>\n<p>\n\t&nbsp;</p>\n<p>\n\t<strong>Learning outcomes:</strong></p>\n<p>\n\tUpon completion of this module students will be able to:</p>\n<ul>\n\t<li>\n\t\tDemonstrate a deep knowledge of the principal structural metals available to engineers, and their heat treatments, properties, microstructures, benefits and pitfalls.</li>\n\t<li>\n\t\tDemonstrate a basic knowledge of how ceramics and composites complement metals and can replace them, depending on end-use.</li>\n\t<li>\n\t\tBetter select materials on the basis of their properties and characteristics for a particular end-use/application.</li>\n\t<li>\n\t\tDemonstrate a sound knowledge of the mechanisms of failure of engineering materials, and how these must be taken into account during the design process.</li>\n</ul>\n<p>\n\t&nbsp;</p>\n","ModuleInstanceRestriction":"","ModuleInstanceSubjectCollection":{"ModuleInstanceSubject":["Material Science","Mechanical Engineering"]},"ModuleDeliveryCollection":{"ModuleDelivery":{"ModuleDeliveryIdentifier":"0CFB805473F711E89A86FAE8722E8321","LevelOfStudy":"Undergraduate","ModuleDeliveryPeriod":{"PeriodCode":"T2","PeriodTitle":"Term 2"},"AcademicLevel":{"AcademicLevelCode":"L5","AcademicLevelTitle":"FHEQ Level 5"},"ModuleDeliveryType":"","ModeOfStudy":"Face-to-face","ModuleDeliveryTutor":{"PersonIdentifier":"AWOJC65","Name":"Adam Wojcik","Email":""},"PreviousYearStudentCount":"190","NumberOfStudents":"190","ModuleDeliveryLocation":{"LocationIdentifier":"","LocationName":""},"ModuleDeliveryAssessment":{"AssessmentGroupCollection":{"@DefaultAssessmentGroup":"NULL","AssessmentGroup":[{"AssessmentGroupCode":"NULL","AssessmentGroupName":"","AssessmentComponentList":{"AssessmentComponent":[{"AssessmentComponentTitle":"Coursework two (1,800 words)","AssessmentComponentWeightPercentage":"35"},{"AssessmentComponentTitle":"Coursework three","AssessmentComponentWeightPercentage":"15"},{"AssessmentComponentTitle":"Coursework one (3,000 words)","AssessmentComponentWeightPercentage":"50"}]}},{"AssessmentGroupCode":"A","AssessmentGroupName":"","AssessmentComponentList":{"AssessmentComponent":[{"AssessmentComponentTitle":"Coursework three","AssessmentComponentWeightPercentage":"15"},{"AssessmentComponentTitle":"Coursework two (1,800 words)","AssessmentComponentWeightPercentage":"35"},{"AssessmentComponentTitle":"Coursework one (3,000 words)","AssessmentComponentWeightPercentage":"50"}]}}]}}}}}}}}