{"Response":{"Module":{"ModuleCode":"HIST0613","ModuleIdentifier":"0D31DCC273F611E89A86FAE8722E8321","ModuleTitle":"Soul and Body in Renaissance Thought (Dissertation)","ModuleContact":{"Faculty":{"FacultyCode":"SHS","FacultyName":"Faculty of Social and Historical Sciences"},"Department":{"DepartmentCode":"HISTR_SHS","DepartmentName":"History"}},"ModuleValue":"30","ModuleStudyHours":"300","ModuleLearningHours":"5","ModuleSearchKeywords":"RENAISSANCE HISTORY, POLITICAL THOUGHT, EARLY MODERN HISTORY","Email":"history-ug-enquiries@ucl.ac.uk","ModuleSuperGroup":"","CEFRLevel":"","ModuleInstance":{"AcademicYearCode":"2019","AcademicYearDescription":"2019/20 academic  year","ModuleInstanceDescription":"<p>\n\tThis module explores theories of human nature in the European Renaissance&mdash;an era when traditional teachings were revised and displaced by newly revived classical ideas, contested by philosophers, doctors and theologians amidst religious and political controversies, and, eventually, rejected in favour of radically scientific doctrines. Its main focus is on the rich corpus of philosophical, religious, and medical works composed between the late-fourteenth and the early seventeenth centuries&mdash;by famous authors such as Francesco Petrarch, Marsilio Ficino, Niccol&ograve; Machiavelli, Andreas Vesalius, Michel de Montaigne and Francis Bacon, as well as such less well known figures as Johann Weyer, Jacques Ferrand, and John Abernethy. Students are also encouraged to delve into the abundant literary and artistic sources (such as Albrecht D&uuml;rer&#39;s Melencolia I and Michelangelo&#39;s Sogno) that illustrated and contributed to views of what it was to be human in this period.<br />\n\t<br />\n\tThe main territories covered include the physiology of the body and soul in medicine and natural philosophy; the ethical and spiritual aspects of the soul and its passions in moral and religious works, before and after the Reformations; the incorporation and refinement of conceptions of human nature in works of social and political thought; and the expansion of geographical and ethnological knowledge resulting from missionary enterprises and the colonisation of the &lsquo;new world&rsquo;. Within these areas, particular attention is given to debates about the dignity or misery of man and the immortality of the soul, theories of sexual difference, theories of melancholia and dreaming, the status of the occult sciences of astrology and demonology, discussions of the geographical relativity of customs and values, ideas about &#39;civility&#39; and civilisation, and, most broadly, historiographical claims about the secularisation of knowledge and the growth of modern individualism. Emphasis throughout is on the close reading of primary texts, but always in relation to the contemporary political, religious and social contexts that informed them.</p>\n","ModuleInstanceRestriction":"Only final year students may select this module. Affiliate students cannot select this module. \n\nThis module represents the dissertation component of a student's Special Subject option. Students MUST also select the examination component, HIST0122, if they are taking this module.","ModuleInstanceSubjectCollection":{"ModuleInstanceSubject":["Early Modern History","European History","History"]},"ModuleDeliveryCollection":{"ModuleDelivery":{"ModuleDeliveryIdentifier":"0D40E55073F611E89A86FAE8722E8321","LevelOfStudy":"Undergraduate","ModuleDeliveryPeriod":{"PeriodCode":"T1/2","PeriodTitle":"Terms 1 and 2"},"AcademicLevel":{"AcademicLevelCode":"L6","AcademicLevelTitle":"FHEQ Level 6"},"ModuleDeliveryType":"","ModeOfStudy":"Face-to-face","ModuleDeliveryTutor":{"PersonIdentifier":"AGOWL18","Name":"Angus Malcolm Thelwall Gowland","Email":""},"PreviousYearStudentCount":"10","NumberOfStudents":"10","ModuleDeliveryLocation":{"LocationIdentifier":"","LocationName":""},"ModuleDeliveryAssessment":{"AssessmentGroupCollection":{"@DefaultAssessmentGroup":"NULL","AssessmentGroup":[{"AssessmentGroupCode":"NULL","AssessmentGroupName":"","AssessmentComponentList":{"AssessmentComponent":[{"AssessmentComponentTitle":"Coursework two (1,800 words)","AssessmentComponentWeightPercentage":"35"},{"AssessmentComponentTitle":"Coursework three","AssessmentComponentWeightPercentage":"15"},{"AssessmentComponentTitle":"Coursework one (3,000 words)","AssessmentComponentWeightPercentage":"50"}]}},{"AssessmentGroupCode":"A","AssessmentGroupName":"","AssessmentComponentList":{"AssessmentComponent":[{"AssessmentComponentTitle":"Coursework three","AssessmentComponentWeightPercentage":"15"},{"AssessmentComponentTitle":"Coursework two (1,800 words)","AssessmentComponentWeightPercentage":"35"},{"AssessmentComponentTitle":"Coursework one (3,000 words)","AssessmentComponentWeightPercentage":"50"}]}}]}}}}}}}}