{"Response":{"Module":{"ModuleCode":"MECH0017","ModuleIdentifier":"0D322DFC73F711E89A86FAE8722E8321","ModuleTitle":"Design and Professional Skills II A","ModuleContact":{"Faculty":{"FacultyCode":"ENG","FacultyName":"Faculty of Engineering Sciences"},"Department":{"DepartmentCode":"MECHN_ENG","DepartmentName":"Mechanical Engineering"}},"ModuleValue":"7.5","ModuleStudyHours":"75","ModuleLearningHours":"34","ModuleSearchKeywords":"","Email":"mecheng.ug-queries@ucl.ac.uk","ModuleSuperGroup":"Design and Professional Skills II","CEFRLevel":"","ModuleInstance":{"AcademicYearCode":"2019","AcademicYearDescription":"2019/20 academic  year","ModuleInstanceDescription":"<p>\n\t<em>This description relates to the full year version of the module. Only the topics and content that is taught in Term 1 will be covered in this module.</em></p>\n<p>\n\t<strong>Overview:</strong></p>\n<p>\n\tThis module offers students a variety of authentic engineering problems and experiences in order to promote professional values and behaviour, and to locate Mechanical Engineering theory in a realistic context.</p>\n<p>\n\tThe module comprises four professional design projects (scenarios) designed to complement and, where appropriate, extend the learning opportunities afforded by the modules running throughout Year 2.</p>\n<p>\n\tStudents are posed authentic engineering challenges intended to explore different aspects of the design cycle and to simulate real-world, professional practice.</p>\n<p>\n\tThe scenarios will be supplemented by materials, classes and/or online materials provided by the Faculty of Engineering Sciences and external sources as appropriate.</p>\n<p>\n\tEach scenario will consider combination of a wider range of issues than in Year 1 including legal aspects,&nbsp;management, systems and ethics.</p>\n<p>\n\t&nbsp;</p>\n<p>\n\t<strong>Topics covered:</strong></p>\n<p>\n\tThe topics selected for the scenarios will be related to material taught in the lectures and in other Year 2 modules.&nbsp; Where educationally appropriate, they will be linked to activities such as the annual IMechE design challenges (timetable constraints permitting).</p>\n<p>\n\tTopics covered in the lectures include:</p>\n<ul>\n\t<li>\n\t\tRisk and reliability</li>\n\t<li>\n\t\tLegal issues</li>\n\t<li>\n\t\tAdvanced writing</li>\n\t<li>\n\t\tManufacturing and design</li>\n</ul>\n<p>\n\t&nbsp;</p>\n<p>\n\t<strong>Learning outcomes:</strong></p>\n<p>\n\tUpon successful completion of the module, students will be able to:</p>\n<ul>\n\t<li>\n\t\tCalculate and manage risk and reliability issues</li>\n\t<li>\n\t\tAssess legal obligations and correctly apportion liability</li>\n\t<li>\n\t\tUse available tools, from hand-sketching to computer-aided design and analysis, to produce detailed engineering designs</li>\n\t<li>\n\t\tPlan and safely perform a range of basic operations on laboratory or workshop machinery (according to the assigned task)</li>\n\t<li>\n\t\tInterpret relevant data gathered from practical activities and published sources in order to inform the assigned task</li>\n\t<li>\n\t\tPresent individual or group work in the form of a report which conforms to specified requirements of structure and formatting</li>\n</ul>\n","ModuleInstanceRestriction":"Only available to Term 1 only affiliate students","ModuleInstanceSubjectCollection":{"ModuleInstanceSubject":"Mechanical Engineering"},"ModuleDeliveryCollection":{"ModuleDelivery":{"ModuleDeliveryIdentifier":"0D40FF4473F711E89A86FAE8722E8321","LevelOfStudy":"Undergraduate","ModuleDeliveryPeriod":{"PeriodCode":"T1","PeriodTitle":"Term 1"},"AcademicLevel":{"AcademicLevelCode":"L5","AcademicLevelTitle":"FHEQ Level 5"},"ModuleDeliveryType":"","ModeOfStudy":"Face-to-face","ModuleDeliveryTutor":{"PersonIdentifier":"EBELE86","Name":"Eral Bele","Email":""},"PreviousYearStudentCount":"5","NumberOfStudents":"5","ModuleDeliveryLocation":{"LocationIdentifier":"","LocationName":""},"ModuleDeliveryAssessment":{"AssessmentGroupCollection":{"@DefaultAssessmentGroup":"NULL","AssessmentGroup":[{"AssessmentGroupCode":"NULL","AssessmentGroupName":"","AssessmentComponentList":{"AssessmentComponent":[{"AssessmentComponentTitle":"Coursework two (1,800 words)","AssessmentComponentWeightPercentage":"35"},{"AssessmentComponentTitle":"Coursework three","AssessmentComponentWeightPercentage":"15"},{"AssessmentComponentTitle":"Coursework one (3,000 words)","AssessmentComponentWeightPercentage":"50"}]}},{"AssessmentGroupCode":"A","AssessmentGroupName":"","AssessmentComponentList":{"AssessmentComponent":[{"AssessmentComponentTitle":"Coursework three","AssessmentComponentWeightPercentage":"15"},{"AssessmentComponentTitle":"Coursework two (1,800 words)","AssessmentComponentWeightPercentage":"35"},{"AssessmentComponentTitle":"Coursework one (3,000 words)","AssessmentComponentWeightPercentage":"50"}]}}]}}}}}}}}