{"Response":{"Module":{"ModuleCode":"MECH0018","ModuleIdentifier":"0D54CF1073F711E89A86FAE8722E8321","ModuleTitle":"Fundamentals of Biomechanics","ModuleContact":{"Faculty":{"FacultyCode":"ENG","FacultyName":"Faculty of Engineering Sciences"},"Department":{"DepartmentCode":"MECHN_ENG","DepartmentName":"Mechanical Engineering"}},"ModuleValue":"15","ModuleStudyHours":"150","ModuleLearningHours":"45","ModuleSearchKeywords":"","Email":"mecheng.ug-queries@ucl.ac.uk","ModuleSuperGroup":"","CEFRLevel":"","ModuleInstance":{"AcademicYearCode":"2019","AcademicYearDescription":"2019/20 academic  year","ModuleInstanceDescription":"<p>\n\t<strong>Overview:</strong></p>\n<p>\n\tThis is the first module of the BioMechanics Minor, which is a group of three modules:</p>\n<ul>\n\t<li>\n\t\tMECH0018 Fundamentals of Biomechanics</li>\n\t<li>\n\t\tMECH0028 Biofluid Mechanics</li>\n\t<li>\n\t\tMECH0029 Solid Biomechanics</li>\n</ul>\n<p style=\"margin-left:36.0pt;\">\n\t&nbsp;</p>\n<p>\n\tThis module provides a broad introduction and overview of the mechanical challenges in biomechanics and an awareness of the relevant theories needed to design and evaluate biomechanical prostheses and devices. It&nbsp;covers some fundamental theories relating to mechanics of biomaterials, including experimental methods to characterize biomaterials which form the foundation for the remaining two modules of the BioMechanics Minor.</p>\n<p>\n\t&nbsp;</p>\n<p>\n\t<strong>Topics covered:</strong></p>\n<p>\n\tThe module will cover fundamental theories relating to the mechanics of biomaterials, including characterisation of material properties, and modelling of material behaviours:</p>\n<ul>\n\t<li>\n\t\tContinuum mechanics theory, including analytical&nbsp;models for linear elasticity stress/ strain relationships&nbsp;and fluid flows.</li>\n\t<li>\n\t\tMechanical testing, including rheometry and stress-strain&nbsp;curves.</li>\n\t<li>\n\t\tModels for blood flow in the vessels of the circulation.</li>\n\t<li>\n\t\tKinematics of deformation and motion.</li>\n</ul>\n<p>\n\t&nbsp;</p>\n<p>\n\t<strong>Learning outcomes:</strong></p>\n<p>\n\tUpon completion of the module, students will be able to:</p>\n<ul>\n\t<li>\n\t\tRelate mechanical theories to real-world examples of biomechanical implants, prostheses and devices.</li>\n\t<li>\n\t\tPerform a quantified investigation of a biomechanical implant, prosthesis or device, identifying any potential for refinement.</li>\n\t<li>\n\t\tPerform experimental tests to identify key mechanical properties of a biomaterial sample.</li>\n\t<li>\n\t\tPerform calculations to identify loading and deformation of biomechanical components.</li>\n</ul>\n<p>\n\t&nbsp;</p>\n","ModuleInstanceRestriction":"","ModuleInstanceSubjectCollection":{"ModuleInstanceSubject":"Mechanical Engineering"},"ModuleDeliveryCollection":{"ModuleDelivery":{"ModuleDeliveryIdentifier":"0D63A04473F711E89A86FAE8722E8321","LevelOfStudy":"Undergraduate","ModuleDeliveryPeriod":{"PeriodCode":"T2","PeriodTitle":"Term 2"},"AcademicLevel":{"AcademicLevelCode":"L5","AcademicLevelTitle":"FHEQ Level 5"},"ModuleDeliveryType":"","ModeOfStudy":"Face-to-face","ModuleDeliveryTutor":{"PersonIdentifier":"RSHIP58","Name":"Rebecca Julia Shipley","Email":""},"PreviousYearStudentCount":"45","NumberOfStudents":"45","ModuleDeliveryLocation":{"LocationIdentifier":"","LocationName":""},"ModuleDeliveryAssessment":{"AssessmentGroupCollection":{"@DefaultAssessmentGroup":"NULL","AssessmentGroup":[{"AssessmentGroupCode":"NULL","AssessmentGroupName":"","AssessmentComponentList":{"AssessmentComponent":[{"AssessmentComponentTitle":"Coursework two (1,800 words)","AssessmentComponentWeightPercentage":"35"},{"AssessmentComponentTitle":"Coursework three","AssessmentComponentWeightPercentage":"15"},{"AssessmentComponentTitle":"Coursework one (3,000 words)","AssessmentComponentWeightPercentage":"50"}]}},{"AssessmentGroupCode":"A","AssessmentGroupName":"","AssessmentComponentList":{"AssessmentComponent":[{"AssessmentComponentTitle":"Coursework three","AssessmentComponentWeightPercentage":"15"},{"AssessmentComponentTitle":"Coursework two (1,800 words)","AssessmentComponentWeightPercentage":"35"},{"AssessmentComponentTitle":"Coursework one (3,000 words)","AssessmentComponentWeightPercentage":"50"}]}}]}}}}}}}}