{"Response":{"Module":{"ModuleCode":"HIST0614","ModuleIdentifier":"0D54C41C73F611E89A86FAE8722E8321","ModuleTitle":"American Empire 1844-1918 (Dissertation)","ModuleContact":{"Faculty":{"FacultyCode":"SHS","FacultyName":"Faculty of Social and Historical Sciences"},"Department":{"DepartmentCode":"HISTR_SHS","DepartmentName":"History"}},"ModuleValue":"30","ModuleStudyHours":"300","ModuleLearningHours":"","ModuleSearchKeywords":"","Email":"","ModuleSuperGroup":"","CEFRLevel":"","ModuleInstance":{"AcademicYearCode":"2019","AcademicYearDescription":"2019/20 academic  year","ModuleInstanceDescription":"The United States is often assumed to have an isolationist heritage, built on the geographical and political separation of the New World from the Old. This course will explore alternative interpretations of the United States¿ relations with the wider world, focusing on the contest over nationalism, imperialism and internationalism in the decades between the annexation of the Republic of Texas and US entry into the First World War. In particular, we will focus on the development of ideas about ordering the international community, the relationship between internationalism and American imperialism, and the connections between domestic and foreign politics. This is a field that has expanded enormously in the last decade. Older, state-centered diplomatic history has been complemented - and sometimes supplanted - by exciting new histories that draw on transnational and comparative approaches. This course will encompass both high diplomacy and the actions of non-state actors, with particular attention paid to collaboration and competition across national boundaries. We will look at the relationship between capitalism and imperialism, questions of contested sovereignty, and the issue of agency in the development and projection of American imperial power.","ModuleInstanceRestriction":"","ModuleInstanceSubjectCollection":"","ModuleDeliveryCollection":{"ModuleDelivery":{"ModuleDeliveryIdentifier":"0D6356BC73F611E89A86FAE8722E8321","LevelOfStudy":"Undergraduate","ModuleDeliveryPeriod":{"PeriodCode":"T1/2","PeriodTitle":"Terms 1 and 2"},"AcademicLevel":{"AcademicLevelCode":"L6","AcademicLevelTitle":"FHEQ Level 6"},"ModuleDeliveryType":"","ModeOfStudy":"Face-to-face","ModuleDeliveryTutor":{"PersonIdentifier":"DSIMX86","Name":"David Sim","Email":""},"PreviousYearStudentCount":"","NumberOfStudents":"10","ModuleDeliveryLocation":{"LocationIdentifier":"","LocationName":""},"ModuleDeliveryAssessment":{"AssessmentGroupCollection":{"@DefaultAssessmentGroup":"NULL","AssessmentGroup":[{"AssessmentGroupCode":"NULL","AssessmentGroupName":"","AssessmentComponentList":{"AssessmentComponent":[{"AssessmentComponentTitle":"Coursework two (1,800 words)","AssessmentComponentWeightPercentage":"35"},{"AssessmentComponentTitle":"Coursework three","AssessmentComponentWeightPercentage":"15"},{"AssessmentComponentTitle":"Coursework one (3,000 words)","AssessmentComponentWeightPercentage":"50"}]}},{"AssessmentGroupCode":"A","AssessmentGroupName":"","AssessmentComponentList":{"AssessmentComponent":[{"AssessmentComponentTitle":"Coursework three","AssessmentComponentWeightPercentage":"15"},{"AssessmentComponentTitle":"Coursework two (1,800 words)","AssessmentComponentWeightPercentage":"35"},{"AssessmentComponentTitle":"Coursework one (3,000 words)","AssessmentComponentWeightPercentage":"50"}]}}]}}}}}}}}