{"Response":{"Module":{"ModuleCode":"HIST0615","ModuleIdentifier":"0D77A47873F611E89A86FAE8722E8321","ModuleTitle":"Modernity and Modernism (Dissertation)","ModuleContact":{"Faculty":{"FacultyCode":"SHS","FacultyName":"Faculty of Social and Historical Sciences"},"Department":{"DepartmentCode":"HISTR_SHS","DepartmentName":"History"}},"ModuleValue":"30","ModuleStudyHours":"300","ModuleLearningHours":"5","ModuleSearchKeywords":"MODERNITY, MODERNISM, EUROPE, LATIN AMERICA, MODERN HISTORY","Email":"history-ug-enquiries@ucl.ac.uk","ModuleSuperGroup":"","CEFRLevel":"","ModuleInstance":{"AcademicYearCode":"2019","AcademicYearDescription":"2019/20 academic  year","ModuleInstanceDescription":"<p>\n\tThis module explores the philosophical, theoretical and historiographical debates surrounding the concepts of modernity and modernism, and the relationship between them, with specific reference to Europe and Latin America. The set texts are all written documents &ndash; philosophical essays, manifestos, letters, novels, plays and poetry &ndash; but during the course students will also discuss painting, music and architecture.&nbsp; Discussion will focus on the late nineteenth and early twentieth centuries, although some examples will be drawn from both earlier and later periods. Topics covered include modern philosophies of history (especially by Hegel and Marx); the role of Latin America in European constructions of modernity; modern concepts of aesthetics and knowledge; the modernist revolution in the arts, both in Europe and Latin America; the primitive and the modern; cultural expressions of modernity in Europe and Latin America.&nbsp; For dissertations, students would be welcome to research modernity and modernism in other places, for example the United States, or anywhere else for which primary sources are available.<br />\n\t&nbsp;</p>\n","ModuleInstanceRestriction":"Only final year students may select this module. Affiliate students cannot select this module. \n\nThis module represents the dissertation component of a student's Special Subject option. Students MUST also select the examination component, HIST0113, if they are taking this module.\n\nStudents should normally have taken a relevant course in European history and/or Latin American history. If you do not have this background, please consult with the teachers before enrolling. A knowledge of one or more European languages would be an advantage, especially for the dissertation, but is not a requirement.","ModuleInstanceSubjectCollection":{"ModuleInstanceSubject":["European History","History","Latin American Studies","Modern History"]},"ModuleDeliveryCollection":{"ModuleDelivery":{"ModuleDeliveryIdentifier":"0D8663F073F611E89A86FAE8722E8321","LevelOfStudy":"Undergraduate","ModuleDeliveryPeriod":{"PeriodCode":"T1/2","PeriodTitle":"Terms 1 and 2"},"AcademicLevel":{"AcademicLevelCode":"L6","AcademicLevelTitle":"FHEQ Level 6"},"ModuleDeliveryType":"","ModeOfStudy":"Face-to-face","ModuleDeliveryTutor":{"PersonIdentifier":"NAMIL31","Name":"Nicola Anne Miller","Email":""},"PreviousYearStudentCount":"10","NumberOfStudents":"10","ModuleDeliveryLocation":{"LocationIdentifier":"","LocationName":""},"ModuleDeliveryAssessment":{"AssessmentGroupCollection":{"@DefaultAssessmentGroup":"NULL","AssessmentGroup":[{"AssessmentGroupCode":"NULL","AssessmentGroupName":"","AssessmentComponentList":{"AssessmentComponent":[{"AssessmentComponentTitle":"Coursework two (1,800 words)","AssessmentComponentWeightPercentage":"35"},{"AssessmentComponentTitle":"Coursework three","AssessmentComponentWeightPercentage":"15"},{"AssessmentComponentTitle":"Coursework one (3,000 words)","AssessmentComponentWeightPercentage":"50"}]}},{"AssessmentGroupCode":"A","AssessmentGroupName":"","AssessmentComponentList":{"AssessmentComponent":[{"AssessmentComponentTitle":"Coursework three","AssessmentComponentWeightPercentage":"15"},{"AssessmentComponentTitle":"Coursework two (1,800 words)","AssessmentComponentWeightPercentage":"35"},{"AssessmentComponentTitle":"Coursework one (3,000 words)","AssessmentComponentWeightPercentage":"50"}]}}]}}}}}}}}