{"Response":{"Module":{"ModuleCode":"MECH0019","ModuleIdentifier":"0D77A4D673F711E89A86FAE8722E8321","ModuleTitle":"Ocean Engineering Fundamentals","ModuleContact":{"Faculty":{"FacultyCode":"ENG","FacultyName":"Faculty of Engineering Sciences"},"Department":{"DepartmentCode":"MECHN_ENG","DepartmentName":"Mechanical Engineering"}},"ModuleValue":"15","ModuleStudyHours":"150","ModuleLearningHours":"32","ModuleSearchKeywords":"","Email":"","ModuleSuperGroup":"","CEFRLevel":"","ModuleInstance":{"AcademicYearCode":"2019","AcademicYearDescription":"2019/20 academic  year","ModuleInstanceDescription":"<p>\n\t<strong>Overview:</strong></p>\n<p>\n\tThis module is a fundamental introduction to the challenges of engineering in the marine environment.&nbsp; It introduces maritime structures and vehicles in the context of the global maritime industry.</p>\n<p>\n\tThe module provides an understanding of the analytical techniques underlying marine structural analysis, hydrostatics and stability, resistance and powering and directional stability.&nbsp; It also provides an opportunity for students to evolve a design based on engineering calculations, then build and test it.</p>\n<p>\n\tOver the module each student will develop the design for an autonomous marine vehicle (AMV), culminating in building the design from a supplied parts kit and testing its performance against analytical predictions.</p>\n<p>\n\tEach week&rsquo;s lectures will introduce a new design consideration (weight/space balance, structural strength, stability, powering, directional stability) along with suitable methods for analyzing that consideration in the context of the AMV design.</p>\n<p>\n\tThis module is the first of three of three for the Ocean Engineering Minor:</p>\n<ul>\n\t<li>\n\t\tModule 1 (Y2) &ndash; Ocean Engineering Fundamentals</li>\n\t<li>\n\t\tModule 2 (Y3) &ndash; Offshore &amp; Coastal Engineering</li>\n\t<li>\n\t\tModule 3 (Y3) &ndash; Maritime Design</li>\n</ul>\n<p>\n\t&nbsp;</p>\n<p>\n\t<strong>Topics covered:</strong></p>\n<ul>\n\t<li>\n\t\tUses of the sea. Taxonomy of ocean structures. Components of naval architecture. Flotation.</li>\n\t<li>\n\t\tAnatomy of a ship. Weight and space balance. Marine industries. Still-water shear force and bending loads.</li>\n\t<li>\n\t\tWave loading. Ship as point-loaded beam. Hull girder.</li>\n\t<li>\n\t\tSubmersibles and submarines. Submarine configurations, structures, stability, propulsion, manoeuvring, sensors and weapons.</li>\n\t<li>\n\t\tHydrostatic stability. Metacentre. Stability of multihulls. Restoring moment.</li>\n\t<li>\n\t\tPropulsion and typical configurations.</li>\n\t<li>\n\t\tManoeuvring and directional stability. Auxiliary systems</li>\n</ul>\n<p>\n\t&nbsp;</p>\n<p>\n\t<strong>Learning outcomes:</strong></p>\n<p>\n\tUpon completion of this module students will be able to:</p>\n<ul>\n\t<li>\n\t\tDemonstrate an understanding of the range of different types of ships and ocean structures, the principal differences between them and the reasons for those differences.</li>\n\t<li>\n\t\tDemonstrate an understanding of the engineering challenges posed by operating in the marine environment.</li>\n\t<li>\n\t\tAssess the strength of a simple marine structure against wave bending loads and hydrostatic loads.</li>\n\t<li>\n\t\tBalance weight, buoyancy and volume in a marine vehicle design.</li>\n\t<li>\n\t\tAssess the stability of a floating object and understand the effect on stability of changing various geometric parameters.</li>\n\t<li>\n\t\tPredict the power/speed relationship for a floating or submerged body using regression series, and understand the range of other methods available.</li>\n\t<li>\n\t\tMake trade-off decisions between directional stability, manoeuvrability and resistance when designing appendages.</li>\n</ul>\n<p>\n\t&nbsp;</p>\n","ModuleInstanceRestriction":"","ModuleInstanceSubjectCollection":{"ModuleInstanceSubject":"Mechanical Engineering"},"ModuleDeliveryCollection":{"ModuleDelivery":{"ModuleDeliveryIdentifier":"0D86865473F711E89A86FAE8722E8321","LevelOfStudy":"Undergraduate","ModuleDeliveryPeriod":{"PeriodCode":"T2","PeriodTitle":"Term 2"},"AcademicLevel":{"AcademicLevelCode":"L5","AcademicLevelTitle":"FHEQ Level 5"},"ModuleDeliveryType":"","ModeOfStudy":"Face-to-face","ModuleDeliveryTutor":{"PersonIdentifier":"EANDE01","Name":"Enrico Anderlini","Email":""},"PreviousYearStudentCount":"30","NumberOfStudents":"30","ModuleDeliveryLocation":{"LocationIdentifier":"","LocationName":""},"ModuleDeliveryAssessment":{"AssessmentGroupCollection":{"@DefaultAssessmentGroup":"NULL","AssessmentGroup":[{"AssessmentGroupCode":"NULL","AssessmentGroupName":"","AssessmentComponentList":{"AssessmentComponent":[{"AssessmentComponentTitle":"Coursework two (1,800 words)","AssessmentComponentWeightPercentage":"35"},{"AssessmentComponentTitle":"Coursework three","AssessmentComponentWeightPercentage":"15"},{"AssessmentComponentTitle":"Coursework one (3,000 words)","AssessmentComponentWeightPercentage":"50"}]}},{"AssessmentGroupCode":"A","AssessmentGroupName":"","AssessmentComponentList":{"AssessmentComponent":[{"AssessmentComponentTitle":"Coursework three","AssessmentComponentWeightPercentage":"15"},{"AssessmentComponentTitle":"Coursework two (1,800 words)","AssessmentComponentWeightPercentage":"35"},{"AssessmentComponentTitle":"Coursework one (3,000 words)","AssessmentComponentWeightPercentage":"50"}]}}]}}}}}}}}