{"Response":{"Module":{"ModuleCode":"MECH0020","ModuleIdentifier":"0D9A433873F711E89A86FAE8722E8321","ModuleTitle":"Undergraduate Individual Project","ModuleContact":{"Faculty":{"FacultyCode":"ENG","FacultyName":"Faculty of Engineering Sciences"},"Department":{"DepartmentCode":"MECHN_ENG","DepartmentName":"Mechanical Engineering"}},"ModuleValue":"30","ModuleStudyHours":"300","ModuleLearningHours":"15","ModuleSearchKeywords":"INDIVIDUAL PROJECT","Email":"mecheng.ug-queries@ucl.ac.uk","ModuleSuperGroup":"","CEFRLevel":"","ModuleInstance":{"AcademicYearCode":"2019","AcademicYearDescription":"2019/20 academic  year","ModuleInstanceDescription":"<p>\n\t<strong>Overview:</strong></p>\n<p>\n\tThis module is an individual investigative project conducted in the third year of the BEng and MEng degree courses. Students conduct a project on a relevant topic under the supervision of an academic member of staff, and produce a written report and other project outputs, e.g. design drawings, prototype or software.&nbsp;This is laid down as a compulsory element of the degree programme by the Institution of Mechanical Engineers for students to obtain an accredited degree leading to Incorporated or Chartered Engineer qualification.</p>\n<p>\n\tThe project work will be of an investigative nature and may involve analytical, numerical, design and experimental elements.&nbsp;The initiative for carrying out all aspects of the work rests with each student.</p>\n<p>\n\tStudents can carry out an investigation into a problem either chosen from a list of suitable problems proposed by individual members of staff, or on a problem of their own suggestion. Self-proposed project topics must be approved by the Module Coordinator and have an agreed supervisor.</p>\n<p>\n\t<strong>Learning outcomes:</strong></p>\n<p>\n\tOn successful completion of this module, students will be able to:</p>\n<ul>\n\t<li>\n\t\tApply original thinking and develop a project plan to solve an open-ended engineering problem.</li>\n\t<li>\n\t\tDevelop a solution to the given engineering problem by using an experiment, and/or a computer program/simulation, and/or design methodology, and/or any another methodology approved by the supervisor.</li>\n\t<li>\n\t\tDocument the problem, the applied methodology, solution, critical analysis and the conclusions of the work to professional written and oral standards.</li>\n\t<li>\n\t\tExplain, discuss and defend the investigation process and outcome of a project to a panel of academic assessors with an oral presentation.</li>\n</ul>\n<p>\n\t&nbsp;</p>\n","ModuleInstanceRestriction":"","ModuleInstanceSubjectCollection":{"ModuleInstanceSubject":"Mechanical Engineering"},"ModuleDeliveryCollection":{"ModuleDelivery":[{"ModuleDeliveryIdentifier":"0DBEC29473F711E89A86FAE8722E8321","LevelOfStudy":"Undergraduate","ModuleDeliveryPeriod":{"PeriodCode":"T1/2/3","PeriodTitle":"Academic year (terms 1, 2, and 3)"},"AcademicLevel":{"AcademicLevelCode":"L6","AcademicLevelTitle":"FHEQ Level 6"},"ModuleDeliveryType":"","ModeOfStudy":"Face-to-face","ModuleDeliveryTutor":{"PersonIdentifier":"GTHOM34","Name":"Giles Anthony Thomas","Email":""},"PreviousYearStudentCount":"140","NumberOfStudents":"140","ModuleDeliveryLocation":{"LocationIdentifier":"","LocationName":""},"ModuleDeliveryAssessment":{"AssessmentGroupCollection":{"@DefaultAssessmentGroup":"NULL","AssessmentGroup":[{"AssessmentGroupCode":"NULL","AssessmentGroupName":"","AssessmentComponentList":{"AssessmentComponent":[{"AssessmentComponentTitle":"Coursework two (1,800 words)","AssessmentComponentWeightPercentage":"35"},{"AssessmentComponentTitle":"Coursework three","AssessmentComponentWeightPercentage":"15"},{"AssessmentComponentTitle":"Coursework one (3,000 words)","AssessmentComponentWeightPercentage":"50"}]}},{"AssessmentGroupCode":"A","AssessmentGroupName":"","AssessmentComponentList":{"AssessmentComponent":[{"AssessmentComponentTitle":"Coursework three","AssessmentComponentWeightPercentage":"15"},{"AssessmentComponentTitle":"Coursework two (1,800 words)","AssessmentComponentWeightPercentage":"35"},{"AssessmentComponentTitle":"Coursework one (3,000 words)","AssessmentComponentWeightPercentage":"50"}]}}]}}},{"ModuleDeliveryIdentifier":"0DA8CA3473F711E89A86FAE8722E8321","LevelOfStudy":"Postgraduate","ModuleDeliveryPeriod":{"PeriodCode":"T1/2/3","PeriodTitle":"Academic year (terms 1, 2, and 3)"},"AcademicLevel":{"AcademicLevelCode":"L6","AcademicLevelTitle":"FHEQ Level 6"},"ModuleDeliveryType":"","ModeOfStudy":"Face-to-face","ModuleDeliveryTutor":{"PersonIdentifier":"GTHOM34","Name":"Giles Anthony Thomas","Email":""},"PreviousYearStudentCount":"5","NumberOfStudents":"5","ModuleDeliveryLocation":{"LocationIdentifier":"","LocationName":""},"ModuleDeliveryAssessment":{"AssessmentGroupCollection":{"@DefaultAssessmentGroup":"NULL","AssessmentGroup":[{"AssessmentGroupCode":"NULL","AssessmentGroupName":"","AssessmentComponentList":{"AssessmentComponent":[{"AssessmentComponentTitle":"Coursework two (1,800 words)","AssessmentComponentWeightPercentage":"35"},{"AssessmentComponentTitle":"Coursework three","AssessmentComponentWeightPercentage":"15"},{"AssessmentComponentTitle":"Coursework one (3,000 words)","AssessmentComponentWeightPercentage":"50"}]}},{"AssessmentGroupCode":"A","AssessmentGroupName":"","AssessmentComponentList":{"AssessmentComponent":[{"AssessmentComponentTitle":"Coursework three","AssessmentComponentWeightPercentage":"15"},{"AssessmentComponentTitle":"Coursework two (1,800 words)","AssessmentComponentWeightPercentage":"35"},{"AssessmentComponentTitle":"Coursework one (3,000 words)","AssessmentComponentWeightPercentage":"50"}]}}]}}}]}}}}}