{"Response":{"Module":{"ModuleCode":"HIST0617","ModuleIdentifier":"0DBDB7F673F611E89A86FAE8722E8321","ModuleTitle":"Untold Stories: Constructing Lives, Narratives and Experiences in Wartime East Asia (Dissertation)","ModuleContact":{"Faculty":{"FacultyCode":"SHS","FacultyName":"Faculty of Social and Historical Sciences"},"Department":{"DepartmentCode":"HISTR_SHS","DepartmentName":"History"}},"ModuleValue":"30","ModuleStudyHours":"300","ModuleLearningHours":"5","ModuleSearchKeywords":"HISTORY, CHINA, JAPAN, SECOND WORLD WAR, MODERN HISTORY, WORLD HISTORY","Email":"history-ug-enquiries@ucl.ac.uk","ModuleSuperGroup":"","CEFRLevel":"","ModuleInstance":{"AcademicYearCode":"2019","AcademicYearDescription":"2019/20 academic  year","ModuleInstanceDescription":"<p>\n\tEvery person has a story. Every story has a past. How are the lives and experiences of those in East Asia during the Second World War (1937-1945) told, documented, represented, and remembered? Through an examination of different genres of life-writing as historical sources, this module examines in-depth, the limitations, challenges, and ways in which such sources can serve to capture and narrate the relationship between individuals and society, public and private, and the past with the present. Primary sources will be centered on analyses of diaries and letters of fallen soldiers, kamikaze pilots, missionaries and medical personnel; oral histories and eyewitness accounts of ordinary civilians (women, families, students, workers) who survived to document their experiences in memoirs and autobiographies; stories and drawings by children who grew up in the face of familial and social dislocation; and visual and literary representations of wartime East Asia. Students will also be strongly encouraged to draw parallels and comparisons with other wartime experiences in Britain, Europe, the United States, and other parts of the world. All documents and source materials are provided in English translation.</p>\n","ModuleInstanceRestriction":"Only final year students may select this module. Affiliate students cannot select this module. \n\nThis module represents the dissertation component of a student's Special Subject option. Students MUST also select the examination component, HIST0125, if they are taking this module.","ModuleInstanceSubjectCollection":{"ModuleInstanceSubject":["Modern History","World History"]},"ModuleDeliveryCollection":{"ModuleDelivery":{"ModuleDeliveryIdentifier":"0DCC815A73F611E89A86FAE8722E8321","LevelOfStudy":"Undergraduate","ModuleDeliveryPeriod":{"PeriodCode":"T1/2","PeriodTitle":"Terms 1 and 2"},"AcademicLevel":{"AcademicLevelCode":"L6","AcademicLevelTitle":"FHEQ Level 6"},"ModuleDeliveryType":"","ModeOfStudy":"Face-to-face","ModuleDeliveryTutor":{"PersonIdentifier":"LCHAN26","Name":"Lily Chang","Email":""},"PreviousYearStudentCount":"20","NumberOfStudents":"20","ModuleDeliveryLocation":{"LocationIdentifier":"","LocationName":""},"ModuleDeliveryAssessment":{"AssessmentGroupCollection":{"@DefaultAssessmentGroup":"NULL","AssessmentGroup":[{"AssessmentGroupCode":"NULL","AssessmentGroupName":"","AssessmentComponentList":{"AssessmentComponent":[{"AssessmentComponentTitle":"Coursework two (1,800 words)","AssessmentComponentWeightPercentage":"35"},{"AssessmentComponentTitle":"Coursework three","AssessmentComponentWeightPercentage":"15"},{"AssessmentComponentTitle":"Coursework one (3,000 words)","AssessmentComponentWeightPercentage":"50"}]}},{"AssessmentGroupCode":"A","AssessmentGroupName":"","AssessmentComponentList":{"AssessmentComponent":[{"AssessmentComponentTitle":"Coursework three","AssessmentComponentWeightPercentage":"15"},{"AssessmentComponentTitle":"Coursework two (1,800 words)","AssessmentComponentWeightPercentage":"35"},{"AssessmentComponentTitle":"Coursework one (3,000 words)","AssessmentComponentWeightPercentage":"50"}]}}]}}}}}}}}