{"Response":{"Module":{"ModuleCode":"HIST0618","ModuleIdentifier":"0DE04EEC73F611E89A86FAE8722E8321","ModuleTitle":"A Perfect Dictatorship? State and Society in Mexico, 1940-1982 (Dissertation)","ModuleContact":{"Faculty":{"FacultyCode":"SHS","FacultyName":"Faculty of Social and Historical Sciences"},"Department":{"DepartmentCode":"HISTR_SHS","DepartmentName":"History"}},"ModuleValue":"30","ModuleStudyHours":"300","ModuleLearningHours":"","ModuleSearchKeywords":"","Email":"","ModuleSuperGroup":"","CEFRLevel":"","ModuleInstance":{"AcademicYearCode":"2019","AcademicYearDescription":"2019/20 academic  year","ModuleInstanceDescription":"Before Mexico descended into the mayhem of the Drug Wars, it was ruled by a regime famous for its stability, power and apparent legitimacy - what Mario Vargas Llosa dubbed a 'perfect dictatorship'. This course explores how and why the Institutional Revolutionary Party (PRI) governed Mexico. It introduces students to a lively and growing historiographical field, and draws on diverse primary sources: diplomatic dispatches, memoirs, interviews, film, photography, and cartoons. Among the questions we will consider: Was rule based on coercion, co-optation, or consent? Who gained and who lost under the PRI-led modernization? In what sense was the PRI either revolutionary or institutional? How did transnational forces and the international context of the Cold War shape PRIismo? What legacies did the PRI leave? What are the challenges and rewards of writing contemporary history in Mexico? This course builds on my previous and continuing research on nation-building and rural modernization. \n","ModuleInstanceRestriction":"","ModuleInstanceSubjectCollection":"","ModuleDeliveryCollection":{"ModuleDelivery":{"ModuleDeliveryIdentifier":"0DEEB18A73F611E89A86FAE8722E8321","LevelOfStudy":"Undergraduate","ModuleDeliveryPeriod":{"PeriodCode":"T1/2","PeriodTitle":"Terms 1 and 2"},"AcademicLevel":{"AcademicLevelCode":"L6","AcademicLevelTitle":"FHEQ Level 6"},"ModuleDeliveryType":"","ModeOfStudy":"Face-to-face","ModuleDeliveryTutor":{"PersonIdentifier":"TGARA20","Name":"Thomas Rath","Email":""},"PreviousYearStudentCount":"","NumberOfStudents":"0","ModuleDeliveryLocation":{"LocationIdentifier":"","LocationName":""},"ModuleDeliveryAssessment":{"AssessmentGroupCollection":{"@DefaultAssessmentGroup":"NULL","AssessmentGroup":[{"AssessmentGroupCode":"NULL","AssessmentGroupName":"","AssessmentComponentList":{"AssessmentComponent":[{"AssessmentComponentTitle":"Coursework two (1,800 words)","AssessmentComponentWeightPercentage":"35"},{"AssessmentComponentTitle":"Coursework three","AssessmentComponentWeightPercentage":"15"},{"AssessmentComponentTitle":"Coursework one (3,000 words)","AssessmentComponentWeightPercentage":"50"}]}},{"AssessmentGroupCode":"A","AssessmentGroupName":"","AssessmentComponentList":{"AssessmentComponent":[{"AssessmentComponentTitle":"Coursework three","AssessmentComponentWeightPercentage":"15"},{"AssessmentComponentTitle":"Coursework two (1,800 words)","AssessmentComponentWeightPercentage":"35"},{"AssessmentComponentTitle":"Coursework one (3,000 words)","AssessmentComponentWeightPercentage":"50"}]}}]}}}}}}}}