{"Response":{"Module":{"ModuleCode":"MECH0022","ModuleIdentifier":"0E0F745073F711E89A86FAE8722E8321","ModuleTitle":"Study Abroad for Mechanical Engineers","ModuleContact":{"Faculty":{"FacultyCode":"ENG","FacultyName":"Faculty of Engineering Sciences"},"Department":{"DepartmentCode":"MECHN_ENG","DepartmentName":"Mechanical Engineering"}},"ModuleValue":"120","ModuleStudyHours":"1200","ModuleLearningHours":"varies","ModuleSearchKeywords":"","Email":"mecheng.ug-queries@ucl.ac.uk","ModuleSuperGroup":"","CEFRLevel":"","ModuleInstance":{"AcademicYearCode":"2019","AcademicYearDescription":"2019/20 academic  year","ModuleInstanceDescription":"<p>\n\tThe aim of the study abroad module is to familiarise the student with the learning of engineering in a foreign culture.</p>\n","ModuleInstanceRestriction":"","ModuleInstanceSubjectCollection":{"ModuleInstanceSubject":"Mechanical Engineering"},"ModuleDeliveryCollection":{"ModuleDelivery":{"ModuleDeliveryIdentifier":"0E1E49BC73F711E89A86FAE8722E8321","LevelOfStudy":"Undergraduate","ModuleDeliveryPeriod":{"PeriodCode":"T1/2/3","PeriodTitle":"Academic year (terms 1, 2, and 3)"},"AcademicLevel":{"AcademicLevelCode":"L6","AcademicLevelTitle":"FHEQ Level 6"},"ModuleDeliveryType":"","ModeOfStudy":"Face-to-face","ModuleDeliveryTutor":{"PersonIdentifier":"JHUAN03","Name":"Jie Huang","Email":""},"PreviousYearStudentCount":"5","NumberOfStudents":"5","ModuleDeliveryLocation":{"LocationIdentifier":"","LocationName":""},"ModuleDeliveryAssessment":{"AssessmentGroupCollection":{"@DefaultAssessmentGroup":"NULL","AssessmentGroup":[{"AssessmentGroupCode":"NULL","AssessmentGroupName":"","AssessmentComponentList":{"AssessmentComponent":[{"AssessmentComponentTitle":"Coursework two (1,800 words)","AssessmentComponentWeightPercentage":"35"},{"AssessmentComponentTitle":"Coursework three","AssessmentComponentWeightPercentage":"15"},{"AssessmentComponentTitle":"Coursework one (3,000 words)","AssessmentComponentWeightPercentage":"50"}]}},{"AssessmentGroupCode":"A","AssessmentGroupName":"","AssessmentComponentList":{"AssessmentComponent":[{"AssessmentComponentTitle":"Coursework three","AssessmentComponentWeightPercentage":"15"},{"AssessmentComponentTitle":"Coursework two (1,800 words)","AssessmentComponentWeightPercentage":"35"},{"AssessmentComponentTitle":"Coursework one (3,000 words)","AssessmentComponentWeightPercentage":"50"}]}}]}}}}}}}}