{"Response":{"Module":{"ModuleCode":"MECH0023","ModuleIdentifier":"0E323AD073F711E89A86FAE8722E8321","ModuleTitle":"Dynamics and Control","ModuleContact":{"Faculty":{"FacultyCode":"ENG","FacultyName":"Faculty of Engineering Sciences"},"Department":{"DepartmentCode":"MECHN_ENG","DepartmentName":"Mechanical Engineering"}},"ModuleValue":"15","ModuleStudyHours":"150","ModuleLearningHours":"44","ModuleSearchKeywords":"","Email":"mecheng.ug-queries@ucl.ac.uk","ModuleSuperGroup":"","CEFRLevel":"","ModuleInstance":{"AcademicYearCode":"2019","AcademicYearDescription":"2019/20 academic  year","ModuleInstanceDescription":"<p>\n\t<strong>Overview:</strong></p>\n<p>\n\tThis module provides students with understanding of issues involved in creating models of real mechanical systems. It provides experience of dynamic, vibrational and resonant behaviour, and investigates strategies to improve dynamic response and control vibration, and stabilise inherently unstable systems. Students become familiar with analysis of dynamic systems and the methods to control them.</p>\n<p>\n\t<strong>Topics covered:</strong></p>\n<p>\n\tModelling</p>\n<ul>\n\t<li>\n\t\tModelling of dynamic systems using ordinary differential equations and linear Laplace transfer functions.</li>\n\t<li>\n\t\tAccounting for non-linearity in models.</li>\n\t<li>\n\t\tNumerical methods of simulation, e.g. using Matlab / Simulink.</li>\n\t<li>\n\t\tSingle-Input-Single-Output and multi-degree-of-freedom models including state-space representation.</li>\n</ul>\n<p>\n\tDynamic Response</p>\n<ul>\n\t<li>\n\t\tFree vibration of single degree of freedom mass-spring system: natural frequency.</li>\n\t<li>\n\t\tFree vibration of damped oscillator; different types of damping.</li>\n\t<li>\n\t\tForced response of single degree of freedom systems.</li>\n\t<li>\n\t\tTransient vibration.</li>\n\t<li>\n\t\tApplication: Base excitation and vibration isolators.</li>\n\t<li>\n\t\tFree vibration of multi degree of freedom systems.</li>\n\t<li>\n\t\tMode shapes and natural frequencies.</li>\n\t<li>\n\t\tModal decomposition.</li>\n\t<li>\n\t\tContinuous systems, string, bars and beams, free and forced vibration</li>\n</ul>\n<p>\n\tFrequency Response Techniques</p>\n<ul>\n\t<li>\n\t\tCalculating frequency response from Laplace Transfer Function models.</li>\n\t<li>\n\t\tMeasuring frequency response and identifying a system model from experimental data.</li>\n\t<li>\n\t\tMechanical resonance.</li>\n\t<li>\n\t\tBandwidth (including resonance and mechanical systems).</li>\n\t<li>\n\t\tAnalogue to Digital interfacing: sample rate (including effects of time-delay lag on stability)</li>\n</ul>\n<p>\n\tController Design</p>\n<ul>\n\t<li>\n\t\tRoot-locus methods of controller design (stabilising unstable systems).</li>\n\t<li>\n\t\tFrequency response stability analysis (margins of stability).</li>\n\t<li>\n\t\tPID &amp; other controller types.</li>\n\t<li>\n\t\tControl system hardware and practical implementation.</li>\n</ul>\n<p>\n\t<strong>Learning outcomes:</strong></p>\n<p>\n\tUpon completion of this module students will be able to:</p>\n<ul>\n\t<li>\n\t\tCreate a detailed model of a dynamic system, with multiple degrees of freedom, analyse its response and implement that model in a numerical (computer-based) simulation.</li>\n\t<li>\n\t\tMeasure the dynamic response of a simple system and identify the system parameters.</li>\n\t<li>\n\t\tPredict the dynamic performance of system models in the frequency-domain; identifying the bandwidth and stability.</li>\n\t<li>\n\t\tDesign systems required to interface between analogue and digital domains, in order to use a computer/microcontroller to implement measurement and control of an external device.</li>\n\t<li>\n\t\tPerform analytical investigations /simulations of the performance and stability of controlled systems, designing controllers to meet performance specifications.</li>\n</ul>\n<p>\n\tUnderstand the difference between a theoretical model and a practical application of a control system and the limitations and constraints for systems.</p>\n","ModuleInstanceRestriction":"","ModuleInstanceSubjectCollection":{"ModuleInstanceSubject":"Mechanical Engineering"},"ModuleDeliveryCollection":{"ModuleDelivery":{"ModuleDeliveryIdentifier":"0E40E59E73F711E89A86FAE8722E8321","LevelOfStudy":"Undergraduate","ModuleDeliveryPeriod":{"PeriodCode":"T1","PeriodTitle":"Term 1"},"AcademicLevel":{"AcademicLevelCode":"L6","AcademicLevelTitle":"FHEQ Level 6"},"ModuleDeliveryType":"","ModeOfStudy":"Face-to-face","ModuleDeliveryTutor":{"PersonIdentifier":"BMHAN48","Name":"Benjamin Mark Hanson","Email":""},"PreviousYearStudentCount":"140","NumberOfStudents":"140","ModuleDeliveryLocation":{"LocationIdentifier":"","LocationName":""},"ModuleDeliveryAssessment":{"AssessmentGroupCollection":{"@DefaultAssessmentGroup":"NULL","AssessmentGroup":[{"AssessmentGroupCode":"NULL","AssessmentGroupName":"","AssessmentComponentList":{"AssessmentComponent":[{"AssessmentComponentTitle":"Coursework two (1,800 words)","AssessmentComponentWeightPercentage":"35"},{"AssessmentComponentTitle":"Coursework three","AssessmentComponentWeightPercentage":"15"},{"AssessmentComponentTitle":"Coursework one (3,000 words)","AssessmentComponentWeightPercentage":"50"}]}},{"AssessmentGroupCode":"A","AssessmentGroupName":"","AssessmentComponentList":{"AssessmentComponent":[{"AssessmentComponentTitle":"Coursework three","AssessmentComponentWeightPercentage":"15"},{"AssessmentComponentTitle":"Coursework two (1,800 words)","AssessmentComponentWeightPercentage":"35"},{"AssessmentComponentTitle":"Coursework one (3,000 words)","AssessmentComponentWeightPercentage":"50"}]}}]}}}}}}}}