{"Response":{"Module":{"ModuleCode":"MECH0024","ModuleIdentifier":"0E54C6EA73F711E89A86FAE8722E8321","ModuleTitle":"Advanced Thermodynamics and Fluid Mechanics","ModuleContact":{"Faculty":{"FacultyCode":"ENG","FacultyName":"Faculty of Engineering Sciences"},"Department":{"DepartmentCode":"MECHN_ENG","DepartmentName":"Mechanical Engineering"}},"ModuleValue":"15","ModuleStudyHours":"150","ModuleLearningHours":"40","ModuleSearchKeywords":"","Email":"mecheng.ug-queries@ucl.ac.uk","ModuleSuperGroup":"Advanced Thermodynamics and Fluid Mechanics","CEFRLevel":"","ModuleInstance":{"AcademicYearCode":"2019","AcademicYearDescription":"2019/20 academic  year","ModuleInstanceDescription":"<p>\n\t<strong>Overview:</strong></p>\n<p>\n\tThis module consists of two thematic and overlapping areas: thermodynamics and fluid mechanics.&nbsp;The purpose of the module is to combine what students have been taught in years 1 and 2 on fluid mechanics and thermodynamics and apply them to real and practical problems. The fluid mechanical element to this course is built wholly around the fascinating and important area of compressible flows. This is a problem which is highly nonlinear but still tractable analytically and using graphical solutions because the flow adjustment is either through shocks or isentropic adjustments.</p>\n<p>\n\t<strong>Topics covered:</strong></p>\n<p>\n\tThe topics that will be taught include:</p>\n<p>\n\tThermodynamics</p>\n<ul>\n\t<li>\n\t\tGlobal energy supply and usage</li>\n\t<li>\n\t\tEnergy content and sources</li>\n\t<li>\n\t\tRenewable energy</li>\n\t<li>\n\t\tCombustion and emissions</li>\n\t<li>\n\t\tExergy analysis</li>\n\t<li>\n\t\tFuel cells</li>\n</ul>\n<p>\n\tFluid Mechanics</p>\n<ul>\n\t<li>\n\t\tNormal shock analysis, discussion of T-s and p-rho diagrams</li>\n\t<li>\n\t\tOblique shock analysis and link to normal shock analysis</li>\n\t<li>\n\t\tExpansion fans and Prandtl-Meyer expansion</li>\n\t<li>\n\t\tLinearised expansions to study lifting aerofoil</li>\n\t<li>\n\t\tInlets or diffusers for supersonic aircraft</li>\n\t<li>\n\t\tDuct flow &ndash; influence of changes in cross-sectional area</li>\n\t<li>\n\t\tNozzle and exit flows&nbsp;</li>\n</ul>\n<p>\n\t<strong>Learning outcomes:</strong></p>\n<p>\n\tUpon completion of this module students will be able to:</p>\n<ul>\n\t<li>\n\t\tUnderstand and be able to work with advanced applications in thermodynamics and fluid mechanics.</li>\n\t<li>\n\t\tHave an appreciation of practical limits and constrains pertinent to thermodynamics and fluid mechanic applications.</li>\n\t<li>\n\t\tIdentify and define the requirements, constraints and design parameters of a project that involve a thermodynamics/fluid component.</li>\n\t<li>\n\t\tGenerate concepts, exercise critical thinking, implement a methodology to compare ideas and use engineering judgment to choose a viable solution in this context.</li>\n\t<li>\n\t\tGain knowledge and apply the design process, mathematics and engineering analysis to the development and creation of integrated engineering solutions within the remit of the course and through the use of combined disciplines or sub-disciplines as required.</li>\n\t<li>\n\t\tUnderstand the wide use and important of mechanics of fluids and thermodynamics in their future professional lives.</li>\n</ul>\n<p>\n\t&nbsp;</p>\n","ModuleInstanceRestriction":"","ModuleInstanceSubjectCollection":{"ModuleInstanceSubject":"Fluid Mechanics"},"ModuleDeliveryCollection":{"ModuleDelivery":{"ModuleDeliveryIdentifier":"0E63D25C73F711E89A86FAE8722E8321","LevelOfStudy":"Undergraduate","ModuleDeliveryPeriod":{"PeriodCode":"T1/2","PeriodTitle":"Terms 1 and 2"},"AcademicLevel":{"AcademicLevelCode":"L6","AcademicLevelTitle":"FHEQ Level 6"},"ModuleDeliveryType":"","ModeOfStudy":"Face-to-face","ModuleDeliveryTutor":{"PersonIdentifier":"IEAME39","Name":"Ian Eames","Email":""},"PreviousYearStudentCount":"140","NumberOfStudents":"140","ModuleDeliveryLocation":{"LocationIdentifier":"","LocationName":""},"ModuleDeliveryAssessment":{"AssessmentGroupCollection":{"@DefaultAssessmentGroup":"NULL","AssessmentGroup":[{"AssessmentGroupCode":"NULL","AssessmentGroupName":"","AssessmentComponentList":{"AssessmentComponent":[{"AssessmentComponentTitle":"Coursework two (1,800 words)","AssessmentComponentWeightPercentage":"35"},{"AssessmentComponentTitle":"Coursework three","AssessmentComponentWeightPercentage":"15"},{"AssessmentComponentTitle":"Coursework one (3,000 words)","AssessmentComponentWeightPercentage":"50"}]}},{"AssessmentGroupCode":"A","AssessmentGroupName":"","AssessmentComponentList":{"AssessmentComponent":[{"AssessmentComponentTitle":"Coursework three","AssessmentComponentWeightPercentage":"15"},{"AssessmentComponentTitle":"Coursework two (1,800 words)","AssessmentComponentWeightPercentage":"35"},{"AssessmentComponentTitle":"Coursework one (3,000 words)","AssessmentComponentWeightPercentage":"50"}]}}]}}}}}}}}