{"Response":{"Module":{"ModuleCode":"CEGE0065","ModuleIdentifier":"0E59DE4473F411E89A86FAE8722E8321","ModuleTitle":"Eng.D Thesis","ModuleContact":{"Faculty":{"FacultyCode":"ENG","FacultyName":"Faculty of Engineering Sciences"},"Department":{"DepartmentCode":"CIVLG_ENG","DepartmentName":"Civil, Environmental and Geomatic Engineering"}},"ModuleValue":"0","ModuleStudyHours":"0","ModuleLearningHours":"0","ModuleSearchKeywords":"RESEARCH","Email":"h.titheridge@ucl.ac.uk","ModuleSuperGroup":"","CEFRLevel":"","ModuleInstance":{"AcademicYearCode":"2019","AcademicYearDescription":"2019/20 academic  year","ModuleInstanceDescription":"<p>\n\tThis a 3 to 4 year research project which culminates in the submission of a thesis examined by viva voce and forms part of the Engineering Doctorate in Urban Sustainability and Resilience.&nbsp; Requirements for the thesis follow the standard requirements for a UCL doctoral thesis.&nbsp; The research presented in the thesis should be applied research related to urban sustainability or urban resilience with clear value to industry.</p>\n","ModuleInstanceRestriction":"","ModuleInstanceSubjectCollection":"","ModuleDeliveryCollection":{"ModuleDelivery":{"ModuleDeliveryIdentifier":"0E67DC5673F411E89A86FAE8722E8321","LevelOfStudy":"Postgraduate","ModuleDeliveryPeriod":{"PeriodCode":"YEAR","PeriodTitle":"Calendar Year"},"AcademicLevel":{"AcademicLevelCode":"L8","AcademicLevelTitle":"FHEQ Level 8"},"ModuleDeliveryType":"","ModeOfStudy":"Face-to-face","ModuleDeliveryTutor":{"PersonIdentifier":"HTITH94","Name":"Helena Jane Titheridge","Email":""},"PreviousYearStudentCount":"1","NumberOfStudents":"1","ModuleDeliveryLocation":{"LocationIdentifier":"","LocationName":""},"ModuleDeliveryAssessment":{"AssessmentGroupCollection":{"@DefaultAssessmentGroup":"NULL","AssessmentGroup":[{"AssessmentGroupCode":"NULL","AssessmentGroupName":"","AssessmentComponentList":{"AssessmentComponent":[{"AssessmentComponentTitle":"Coursework two (1,800 words)","AssessmentComponentWeightPercentage":"35"},{"AssessmentComponentTitle":"Coursework three","AssessmentComponentWeightPercentage":"15"},{"AssessmentComponentTitle":"Coursework one (3,000 words)","AssessmentComponentWeightPercentage":"50"}]}},{"AssessmentGroupCode":"A","AssessmentGroupName":"","AssessmentComponentList":{"AssessmentComponent":[{"AssessmentComponentTitle":"Coursework three","AssessmentComponentWeightPercentage":"15"},{"AssessmentComponentTitle":"Coursework two (1,800 words)","AssessmentComponentWeightPercentage":"35"},{"AssessmentComponentTitle":"Coursework one (3,000 words)","AssessmentComponentWeightPercentage":"50"}]}}]}}}}}}}}