{"Response":{"Module":{"ModuleCode":"CEGE0088","ModuleIdentifier":"0E7B1C8A73F411E89A86FAE8722E8321","ModuleTitle":"Design and Professional Skills II","ModuleContact":{"Faculty":{"FacultyCode":"ENG","FacultyName":"Faculty of Engineering Sciences"},"Department":{"DepartmentCode":"CIVLG_ENG","DepartmentName":"Civil, Environmental and Geomatic Engineering"}},"ModuleValue":"15","ModuleStudyHours":"150","ModuleLearningHours":"44","ModuleSearchKeywords":"DESIGN, GIS, GEODESIGN, CDM REGULATIONS, LAW, RESEARCH SKILLS, COMMUNICATION, TENDERING","Email":"james.ford@ucl.ac.uk","ModuleSuperGroup":"Design and Professional Skills II","CEFRLevel":"","ModuleInstance":{"AcademicYearCode":"2019","AcademicYearDescription":"2019/20 academic  year","ModuleInstanceDescription":"<p>\n\t<span style=\"color: rgb(0, 0, 0); font-family: calibri; font-size: 13.3333px; background-color: rgb(242, 243, 235);\">Building on the Year 1 modules Civil Engineering&nbsp;Design,&nbsp;Professional Skills in Civil Engineering, Engineering Toolkit and the Year 2 Lampeter Fieldtrip, and drawing on departmental and faculty expertise and guest lecturers from industry, this module will cover the following topics: Civil Engineering Design, GIS (Geodesign), Project Risk, Law, Health &amp; Safety (CDM - Construction (Design and Management); Risk Assessment), Costing, Tendering and Research Skills.</span></p>\n<p>\n\t<span style=\"color: rgb(0, 0, 0); font-size: 13.3333px; background-color: rgb(242, 243, 235); font-family: calibri;\">¿</span><span style=\"color: rgb(0, 0, 0); font-size: 13.3333px; background-color: rgb(242, 243, 235); font-family: arial, sans-serif;\"><span style=\"font-family: calibri;\">The aims of this module are to d</span></span><span style=\"font-family: calibri; background-color: rgb(242, 243, 235); color: rgb(0, 0, 0); font-size: 13.3333px;\">evelop students&rsquo; aptitude and understanding in d</span><span style=\"background-color: rgb(242, 243, 235); color: rgb(0, 0, 0); font-family: calibri; font-size: 13.3333px;\">esign, g</span><span style=\"background-color: rgb(242, 243, 235); color: rgb(0, 0, 0); font-family: calibri; font-size: 13.3333px;\">eodesign, professional practice and research skills - through group projects, computing practicals, workshops and lectures. Students will use the competences developed through this module in the subsequent Year 2 scenarios and the Constructionarium field course.</span></p>\n<p>\n\t<span style=\"background-color: rgb(242, 243, 235); color: rgb(0, 0, 0); font-family: calibri; font-size: 13.3333px;\">Pre-requisites to this module are Civil Engineering Design (CEGE0003) and Professional Skills in Civil Engineering (CEGE0102).</span></p>\n<p>\n\t<span style=\"background-color: rgb(242, 243, 235); color: rgb(0, 0, 0); font-family: calibri; font-size: 13.3333px;\">The module is compulsory for all &#39;Engineering (Civil)&#39; undergraduate students.</span></p>\n<p>\n\t&nbsp;</p>\n","ModuleInstanceRestriction":"","ModuleInstanceSubjectCollection":"","ModuleDeliveryCollection":{"ModuleDelivery":{"ModuleDeliveryIdentifier":"0E8901E273F411E89A86FAE8722E8321","LevelOfStudy":"Undergraduate","ModuleDeliveryPeriod":{"PeriodCode":"T1/2","PeriodTitle":"Terms 1 and 2"},"AcademicLevel":{"AcademicLevelCode":"L5","AcademicLevelTitle":"FHEQ Level 5"},"ModuleDeliveryType":"","ModeOfStudy":"Face-to-face","ModuleDeliveryTutor":{"PersonIdentifier":"AJELI24","Name":"Elizabeth Anne Jones","Email":""},"PreviousYearStudentCount":"100","NumberOfStudents":"100","ModuleDeliveryLocation":{"LocationIdentifier":"","LocationName":""},"ModuleDeliveryAssessment":{"AssessmentGroupCollection":{"@DefaultAssessmentGroup":"NULL","AssessmentGroup":[{"AssessmentGroupCode":"NULL","AssessmentGroupName":"","AssessmentComponentList":{"AssessmentComponent":[{"AssessmentComponentTitle":"Coursework two (1,800 words)","AssessmentComponentWeightPercentage":"35"},{"AssessmentComponentTitle":"Coursework three","AssessmentComponentWeightPercentage":"15"},{"AssessmentComponentTitle":"Coursework one (3,000 words)","AssessmentComponentWeightPercentage":"50"}]}},{"AssessmentGroupCode":"A","AssessmentGroupName":"","AssessmentComponentList":{"AssessmentComponent":[{"AssessmentComponentTitle":"Coursework three","AssessmentComponentWeightPercentage":"15"},{"AssessmentComponentTitle":"Coursework two (1,800 words)","AssessmentComponentWeightPercentage":"35"},{"AssessmentComponentTitle":"Coursework one (3,000 words)","AssessmentComponentWeightPercentage":"50"}]}}]}}}}}}}}