{"Response":{"Module":{"ModuleCode":"MECH0026","ModuleIdentifier":"0E9AB42A73F711E89A86FAE8722E8321","ModuleTitle":"Elasticity and Plasticity","ModuleContact":{"Faculty":{"FacultyCode":"ENG","FacultyName":"Faculty of Engineering Sciences"},"Department":{"DepartmentCode":"MECHN_ENG","DepartmentName":"Mechanical Engineering"}},"ModuleValue":"15","ModuleStudyHours":"150","ModuleLearningHours":"60","ModuleSearchKeywords":"","Email":"mecheng.ug-queries@ucl.ac.uk","ModuleSuperGroup":"Elasticity and Plasticity","CEFRLevel":"","ModuleInstance":{"AcademicYearCode":"2019","AcademicYearDescription":"2019/20 academic  year","ModuleInstanceDescription":"<p>\n\t<strong>Overview:</strong></p>\n<p>\n\tThis module develops further understanding of the static behaviour of elastic bodies as well as the new area of plasticity.</p>\n<p>\n\tStudents are introduced to fundamental aspects of the theory of elasticity and how the results can be related to engineering applications.&nbsp; This includes classical problems relating to plane stress and strain, end loading problems relating to both torsion and shear, and finally thin plates and shells.&nbsp; Although the emphasis is on theory, real-world applications are used as motivating and practice examples.&nbsp; Where practical, these examples are linked to current or recent research within the department.</p>\n<p>\n\tThe second half of the module covers plasticity theory, extending elastic stress-strain relationships to explore plastic effects and yield criteria.&nbsp; Plane strain problems relating to rigid perfectly plastic materials are explored, and limit analysis (both from the perspective of theory and design).</p>\n<p>\n\t<strong>Topics covered:</strong></p>\n<ul>\n\t<li>\n\t\tTheory of Elasticity</li>\n\t<li>\n\t\tTorsion</li>\n\t<li>\n\t\tIntroduction to the Finite Element Method</li>\n\t<li>\n\t\tConstitutive Relationships and Yield Criteria</li>\n\t<li>\n\t\tSlip Line Field</li>\n\t<li>\n\t\tLimit Analysis</li>\n</ul>\n<p>\n\t<strong>Learning outcomes:</strong></p>\n<p>\n\tUpon completion of this module students will be able to:</p>\n<ul>\n\t<li>\n\t\tDemonstrate knowledge and understanding of the essential facts, concepts, theories and principles underlying elasticity and plasticity theory, and how the two fields are underpinned by mathematics and physics.</li>\n\t<li>\n\t\tHave an appreciation of the wider multidisciplinary context of the underlying theory, including applications of both elasticity and plasticity to engineering design such as aircraft wing design and buckling in aircraft structures.</li>\n\t<li>\n\t\tApply appropriate quantitative science, engineering and mathematical tools to the analysis of problems arising in elastic and plastic material behaviours.</li>\n\t<li>\n\t\tDemonstrate creative and innovative ability in the synthesis of theoretical solutions, and linking them to the design of real-world structures.</li>\n\t<li>\n\t\tComprehend the broad picture of the application of elasticity and plasticity theory, and use this to inform an appropriate level of detail in the theoretical descriptions.</li>\n\t<li>\n\t\tDevelop transferable skills including problem solving, communication and effective sourcing of background resources and materials required for self-learning.</li>\n</ul>\n<p>\n\t&nbsp;</p>\n","ModuleInstanceRestriction":"","ModuleInstanceSubjectCollection":{"ModuleInstanceSubject":"Mechanical Engineering"},"ModuleDeliveryCollection":{"ModuleDelivery":{"ModuleDeliveryIdentifier":"0EA9374873F711E89A86FAE8722E8321","LevelOfStudy":"Undergraduate","ModuleDeliveryPeriod":{"PeriodCode":"T1/2","PeriodTitle":"Terms 1 and 2"},"AcademicLevel":{"AcademicLevelCode":"L6","AcademicLevelTitle":"FHEQ Level 6"},"ModuleDeliveryType":"","ModeOfStudy":"Face-to-face","ModuleDeliveryTutor":{"PersonIdentifier":"EBELE86","Name":"Eral Bele","Email":""},"PreviousYearStudentCount":"140","NumberOfStudents":"140","ModuleDeliveryLocation":{"LocationIdentifier":"","LocationName":""},"ModuleDeliveryAssessment":{"AssessmentGroupCollection":{"@DefaultAssessmentGroup":"NULL","AssessmentGroup":[{"AssessmentGroupCode":"NULL","AssessmentGroupName":"","AssessmentComponentList":{"AssessmentComponent":[{"AssessmentComponentTitle":"Coursework two (1,800 words)","AssessmentComponentWeightPercentage":"35"},{"AssessmentComponentTitle":"Coursework three","AssessmentComponentWeightPercentage":"15"},{"AssessmentComponentTitle":"Coursework one (3,000 words)","AssessmentComponentWeightPercentage":"50"}]}},{"AssessmentGroupCode":"A","AssessmentGroupName":"","AssessmentComponentList":{"AssessmentComponent":[{"AssessmentComponentTitle":"Coursework three","AssessmentComponentWeightPercentage":"15"},{"AssessmentComponentTitle":"Coursework two (1,800 words)","AssessmentComponentWeightPercentage":"35"},{"AssessmentComponentTitle":"Coursework one (3,000 words)","AssessmentComponentWeightPercentage":"50"}]}}]}}}}}}}}