{"Response":{"Module":{"ModuleCode":"SEEC0005","ModuleIdentifier":"0EB824F073F811E89A86FAE8722E8321","ModuleTitle":"Czech Language Level 2a-Comprehension","ModuleContact":{"Faculty":{"FacultyCode":"ART","FacultyName":"Faculty of Arts and Humanities"},"Department":{"DepartmentCode":"SSEEL_ART","DepartmentName":"SSEES - East European Languages and Culture"}},"ModuleValue":"15","ModuleStudyHours":"150","ModuleLearningHours":"40","ModuleSearchKeywords":"CZECH LANGUAGE, CZECH,","Email":"","ModuleSuperGroup":"Czech Language Level 2a-Comprehension","CEFRLevel":"","ModuleInstance":{"AcademicYearCode":"2019","AcademicYearDescription":"2019/20 academic  year","ModuleInstanceDescription":"<p>\n\tThis is a module for students who have successfully completed Czech Language Level 1, or who can demonstrate equivalent competence in Czech. The module consists of two components, comprehension and production, each of which has the value of 0.5 of a course-unit. Both components are taught in conjunction.</p>\n","ModuleInstanceRestriction":"","ModuleInstanceSubjectCollection":{"ModuleInstanceSubject":"Czech Language and Cultural Studies"},"ModuleDeliveryCollection":{"ModuleDelivery":{"ModuleDeliveryIdentifier":"0EC6F40873F811E89A86FAE8722E8321","LevelOfStudy":"Undergraduate","ModuleDeliveryPeriod":{"PeriodCode":"T1/2","PeriodTitle":"Terms 1 and 2"},"AcademicLevel":{"AcademicLevelCode":"L5","AcademicLevelTitle":"FHEQ Level 5"},"ModuleDeliveryType":"","ModeOfStudy":"Face-to-face","ModuleDeliveryTutor":{"PersonIdentifier":"LJANI19","Name":"Lucie Wiseman","Email":""},"PreviousYearStudentCount":"5","NumberOfStudents":"5","ModuleDeliveryLocation":{"LocationIdentifier":"","LocationName":""},"ModuleDeliveryAssessment":{"AssessmentGroupCollection":{"@DefaultAssessmentGroup":"NULL","AssessmentGroup":[{"AssessmentGroupCode":"NULL","AssessmentGroupName":"","AssessmentComponentList":{"AssessmentComponent":[{"AssessmentComponentTitle":"Coursework two (1,800 words)","AssessmentComponentWeightPercentage":"35"},{"AssessmentComponentTitle":"Coursework three","AssessmentComponentWeightPercentage":"15"},{"AssessmentComponentTitle":"Coursework one (3,000 words)","AssessmentComponentWeightPercentage":"50"}]}},{"AssessmentGroupCode":"A","AssessmentGroupName":"","AssessmentComponentList":{"AssessmentComponent":[{"AssessmentComponentTitle":"Coursework three","AssessmentComponentWeightPercentage":"15"},{"AssessmentComponentTitle":"Coursework two (1,800 words)","AssessmentComponentWeightPercentage":"35"},{"AssessmentComponentTitle":"Coursework one (3,000 words)","AssessmentComponentWeightPercentage":"50"}]}}]}}}}}}}}