{"Response":{"Module":{"ModuleCode":"CEGE0092","ModuleIdentifier":"0EBD34C673F411E89A86FAE8722E8321","ModuleTitle":"Reality Capture and Precision 3D Sensing","ModuleContact":{"Faculty":{"FacultyCode":"ENG","FacultyName":"Faculty of Engineering Sciences"},"Department":{"DepartmentCode":"CIVLG_ENG","DepartmentName":"Civil, Environmental and Geomatic Engineering"}},"ModuleValue":"15","ModuleStudyHours":"150","ModuleLearningHours":"50","ModuleSearchKeywords":"PHOTOGRAMMETRY, LIDAR, GNSS","Email":"j.boehm@ucl.ac.uk","ModuleSuperGroup":"","CEFRLevel":"","ModuleInstance":{"AcademicYearCode":"2019","AcademicYearDescription":"2019/20 academic  year","ModuleInstanceDescription":"<p>\n\tThis course covers advanced topics of 3D sensing. It is comprised of three roughly equal parts: photogrammetry, LiDAR and GNSS. The module introduces the fundamental principles and mathematical concepts for each sensing technique, which are independent of specific applications (airborne, mobile, static &hellip;). It then shows how these techniques are used in wide varieties of application from industrial to space-borne. In the first part the course will introduce the mathematical and geometric foundation of photogrammetry, camera calibration and its application. The second part covers theory and practice of producing and validating digital models and from laser scanning (LiDAR). The module also introduces approaches for automated point cloud processing and feature extraction. The third part introduces advanced aspects of the fundamental GNSS principles, applications and integration of GNSS phase observables and other positioning and navigation systems. Special emphasis is placed on the modelling of errors and on the control and assessment of quality.</p>\n","ModuleInstanceRestriction":"The prerequisites to this module are CEGE0044 Data Analysis and CEGE0098 Engineering Surveying","ModuleInstanceSubjectCollection":"","ModuleDeliveryCollection":{"ModuleDelivery":{"ModuleDeliveryIdentifier":"EBDCE40157D945469A6FD8167AAB57B1","LevelOfStudy":"Postgraduate","ModuleDeliveryPeriod":{"PeriodCode":"T2","PeriodTitle":"Term 2"},"AcademicLevel":{"AcademicLevelCode":"L7","AcademicLevelTitle":"FHEQ Level 7"},"ModuleDeliveryType":"","ModeOfStudy":"Face-to-face","ModuleDeliveryTutor":{"PersonIdentifier":"JOBOE65","Name":"Jan Oliver Boehm","Email":""},"PreviousYearStudentCount":"20","NumberOfStudents":"20","ModuleDeliveryLocation":{"LocationIdentifier":"","LocationName":""},"ModuleDeliveryAssessment":{"AssessmentGroupCollection":{"@DefaultAssessmentGroup":"NULL","AssessmentGroup":[{"AssessmentGroupCode":"NULL","AssessmentGroupName":"","AssessmentComponentList":{"AssessmentComponent":[{"AssessmentComponentTitle":"Coursework two (1,800 words)","AssessmentComponentWeightPercentage":"35"},{"AssessmentComponentTitle":"Coursework three","AssessmentComponentWeightPercentage":"15"},{"AssessmentComponentTitle":"Coursework one (3,000 words)","AssessmentComponentWeightPercentage":"50"}]}},{"AssessmentGroupCode":"A","AssessmentGroupName":"","AssessmentComponentList":{"AssessmentComponent":[{"AssessmentComponentTitle":"Coursework three","AssessmentComponentWeightPercentage":"15"},{"AssessmentComponentTitle":"Coursework two (1,800 words)","AssessmentComponentWeightPercentage":"35"},{"AssessmentComponentTitle":"Coursework one (3,000 words)","AssessmentComponentWeightPercentage":"50"}]}}]}}}}}}}}