{"Response":{"Module":{"ModuleCode":"ISSU0078","ModuleIdentifier":"0ED625EC086F40D09BFBCCD0FC4A1851","ModuleTitle":"Bioscience and Society: Public Engagement, Policy and Funding","ModuleContact":{"Faculty":{"FacultyCode":"ART","FacultyName":"Faculty of Arts and Humanities"},"Department":{"DepartmentCode":"LANIE_ART","DepartmentName":"Centre for Languages and International Education"}},"ModuleValue":"15","ModuleStudyHours":"150","ModuleLearningHours":"45","ModuleSearchKeywords":"BIOSCIENCE AND SOCIETY: PUBLIC ENGAGEMENT, POLICY AND FUNDING, SUMMER SCHOOL","Email":"summer@ucl.ac.uk","ModuleSuperGroup":"Bioscience and Society: Public Engagement, Policy ","CEFRLevel":"","ModuleInstance":{"AcademicYearCode":"2019","AcademicYearDescription":"2019/20 academic  year","ModuleInstanceDescription":"<p>\n\tThe purpose of this module is to explore the relationship between science and society in both an historical and contemporary context. Since the days of Christopher Columbus, right down to the Apollo Space programme and more recently the large Hadron collider at CERN, it has become clear that ambitious scientific endeavour requires public confidence, communication and funding in order to get from the original idea to something which has an impact in society. These considerations are just as valid in biology and medicine as they are in the physical sciences.</p>\n<p>\n\t&nbsp;</p>\n<p>\n\tThis course will draw on the unique range of museums, learned societies and organisations based in London to enable students to experience and appreciate the relationship between science and society and the need for scientists to engage and communicate with the wider world.&nbsp;</p>\n<p>\n\tWeek One</p>\n<p style=\"margin-left: 54pt;\">\n\t&middot;&nbsp;&nbsp;&nbsp;&nbsp;&nbsp;&nbsp;&nbsp;&nbsp; Introduction to subject and explanation of the assessment.</p>\n<p style=\"margin-left: 54pt;\">\n\t&middot;&nbsp;&nbsp;&nbsp;&nbsp;&nbsp;&nbsp;&nbsp;&nbsp; Discussion of the following: Is it possible to design and plan for scientific progress?</p>\n<p style=\"margin-left: 54pt;\">\n\t&middot;&nbsp;&nbsp;&nbsp;&nbsp;&nbsp;&nbsp;&nbsp;&nbsp; Field trip to the Francis Crick Institute &amp; British Library &ndash; to explore different models of public engagement and scientific funding policy.</p>\n<p style=\"margin-left: 72pt;\">\n\t&nbsp;</p>\n<p>\n\tWeek Two</p>\n<p style=\"margin-left: 54pt;\">\n\t&middot;&nbsp;&nbsp;&nbsp;&nbsp;&nbsp;&nbsp;&nbsp;&nbsp; External teaching event at the Wellcome Collection to understand the link between philanthropy, charity and scientific funding/policy.</p>\n<p style=\"margin-left: 54pt;\">\n\t&middot;&nbsp;&nbsp;&nbsp;&nbsp;&nbsp;&nbsp;&nbsp;&nbsp; External teaching event at the Science Museum to look at the development of key world-changing technologies since the industrial revolution and in particular the role of war, commerce and entrepreneurship in this arena.</p>\n<p style=\"margin-left: 54pt;\">\n\t&middot;&nbsp;&nbsp;&nbsp;&nbsp;&nbsp;&nbsp;&nbsp;&nbsp; Discussion on the strengths and weaknesses of non-Governmental organisations in advancing scientific knowledge and public engagement.</p>\n<p>\n\tWeek Three</p>\n<p style=\"margin-left: 54pt;\">\n\t&middot;&nbsp;&nbsp;&nbsp;&nbsp;&nbsp;&nbsp;&nbsp;&nbsp; External teaching event. Evolution at the Natural History Museum. An afternoon teaching session utilising fossils and other artefacts to explore and challenge student perceptions on human evolution and to explore the impact of radical scientific thinking on public discourse and the biomedical sciences.</p>\n<div>\n\t&nbsp;</div>\n<p>\n\tThe main aims of the module are for students to understand how science is funded, communicated and regulated, and to evaluate how these structures have developed historically and operate in the modern world to meet global challenges.&nbsp; Additionally, an overarching aim is to develop students&rsquo; abilities for deep thinking, critical analysis and debate through innovative teaching methods and learning environments.</p>\n","ModuleInstanceRestriction":"For students on the UCL Summer School.","ModuleInstanceSubjectCollection":"","ModuleDeliveryCollection":{"ModuleDelivery":{"ModuleDeliveryIdentifier":"D12F1038584D428B8FEAFD92513DCB7B","LevelOfStudy":"Undergraduate","ModuleDeliveryPeriod":{"PeriodCode":"T4","PeriodTitle":"Term 4"},"AcademicLevel":{"AcademicLevelCode":"L5","AcademicLevelTitle":"FHEQ Level 5"},"ModuleDeliveryType":"","ModeOfStudy":"Face-to-face","ModuleDeliveryTutor":{"PersonIdentifier":"","Name":"","Email":""},"PreviousYearStudentCount":"","NumberOfStudents":"","ModuleDeliveryLocation":{"LocationIdentifier":"","LocationName":""},"ModuleDeliveryAssessment":{"AssessmentGroupCollection":{"@DefaultAssessmentGroup":"NULL","AssessmentGroup":[{"AssessmentGroupCode":"NULL","AssessmentGroupName":"","AssessmentComponentList":{"AssessmentComponent":[{"AssessmentComponentTitle":"Coursework two (1,800 words)","AssessmentComponentWeightPercentage":"35"},{"AssessmentComponentTitle":"Coursework three","AssessmentComponentWeightPercentage":"15"},{"AssessmentComponentTitle":"Coursework one (3,000 words)","AssessmentComponentWeightPercentage":"50"}]}},{"AssessmentGroupCode":"A","AssessmentGroupName":"","AssessmentComponentList":{"AssessmentComponent":[{"AssessmentComponentTitle":"Coursework three","AssessmentComponentWeightPercentage":"15"},{"AssessmentComponentTitle":"Coursework two (1,800 words)","AssessmentComponentWeightPercentage":"35"},{"AssessmentComponentTitle":"Coursework one (3,000 words)","AssessmentComponentWeightPercentage":"50"}]}}]}}}}}}}}