{"Response":{"Module":{"ModuleCode":"ELEC0002","ModuleIdentifier":"0EDEECAA73F511E89A86FAE8722E8321","ModuleTitle":"Introduction to Electronic Engineering","ModuleContact":{"Faculty":{"FacultyCode":"ENG","FacultyName":"Faculty of Engineering Sciences"},"Department":{"DepartmentCode":"ELECN_ENG","DepartmentName":"Electronic and Electrical Engineering"}},"ModuleValue":"15","ModuleStudyHours":"150","ModuleLearningHours":"30","ModuleSearchKeywords":"","Email":"ugadmin@ee.ucl.ac.uk","ModuleSuperGroup":"","CEFRLevel":"","ModuleInstance":{"AcademicYearCode":"2019","AcademicYearDescription":"2019/20 academic  year","ModuleInstanceDescription":"<p>\n\tThis is the core Electronic Engineering course in term 1 for our first year students. It aims to cover a wide range of Electronic Engineering topics, providing the foundations necessary for remainder of their degree programmes. The aim of the module is to provide an introduction to a range of fundamental topics in electronic engineering, including energy sources, analogue and digital circuits, and communications systems, along with the associated practical skills including the use of test tools/instruments and the design, construction and troubleshooting of electronic circuits.</p>\n<p>\n\tBy the end of the module students will:</p>\n<p>\n\t&bull; Understand the different types of energy and fuel and the relations between force, energy and power; Carnot and endoreversible efficiencies.</p>\n<p>\n\t&bull; Apply Kirchhoff&rsquo;s current and voltage laws to calculate currents and voltages in passive linear circuits and perform circuit transformation using Thevenin and Norton equivalent sources.</p>\n<p>\n\t&bull; Understand capacitance, inductance and their relationship to impedance.</p>\n<p>\n\t&bull; Understand the requirement for maximum power transfer.</p>\n<p>\n\t&bull; Apply phasor and complex algebra in circuit analysis.</p>\n<p>\n\t&bull; Understand, analyse and design simple filters and resonant circuits.</p>\n<p>\n\t&bull; Understand and analyse simple three-phase systems and synchronous generators.</p>\n<p>\n\t&bull; Understand binary number systems and perform binary arithmetic, including Boolean algebra.</p>\n<p>\n\t&bull; Understand combinational logic functions including adders and comparators.</p>\n<p>\n\t&bull; Know how to program microcontrollers such as the MSP430.</p>\n<p>\n\t&bull; Know how to use the peripherals of such microcontrollers.</p>\n<p>\n\t&bull; Understand the operational amplifier (op-amp) and design and construct a range of op-amp circuits such amplifiers, integrator and differentiator.</p>\n<p>\n\t&bull; Describe mathematically periodic signals, including use of the Fourier series.</p>\n","ModuleInstanceRestriction":"","ModuleInstanceSubjectCollection":"","ModuleDeliveryCollection":{"ModuleDelivery":{"ModuleDeliveryIdentifier":"0EED668673F511E89A86FAE8722E8321","LevelOfStudy":"Undergraduate","ModuleDeliveryPeriod":{"PeriodCode":"T1/2","PeriodTitle":"Terms 1 and 2"},"AcademicLevel":{"AcademicLevelCode":"L4","AcademicLevelTitle":"FHEQ Level 4"},"ModuleDeliveryType":"","ModeOfStudy":"Face-to-face","ModuleDeliveryTutor":{"PersonIdentifier":"CPLIU59","Name":"Chin Pang Liu","Email":""},"PreviousYearStudentCount":"140","NumberOfStudents":"140","ModuleDeliveryLocation":{"LocationIdentifier":"","LocationName":""},"ModuleDeliveryAssessment":{"AssessmentGroupCollection":{"@DefaultAssessmentGroup":"NULL","AssessmentGroup":[{"AssessmentGroupCode":"NULL","AssessmentGroupName":"","AssessmentComponentList":{"AssessmentComponent":[{"AssessmentComponentTitle":"Coursework two (1,800 words)","AssessmentComponentWeightPercentage":"35"},{"AssessmentComponentTitle":"Coursework three","AssessmentComponentWeightPercentage":"15"},{"AssessmentComponentTitle":"Coursework one (3,000 words)","AssessmentComponentWeightPercentage":"50"}]}},{"AssessmentGroupCode":"A","AssessmentGroupName":"","AssessmentComponentList":{"AssessmentComponent":[{"AssessmentComponentTitle":"Coursework three","AssessmentComponentWeightPercentage":"15"},{"AssessmentComponentTitle":"Coursework two (1,800 words)","AssessmentComponentWeightPercentage":"35"},{"AssessmentComponentTitle":"Coursework one (3,000 words)","AssessmentComponentWeightPercentage":"50"}]}}]}}}}}}}}