{"Response":{"Module":{"ModuleCode":"MECH0028","ModuleIdentifier":"0EDF2AD873F711E89A86FAE8722E8321","ModuleTitle":"Bio Fluid Mechanics","ModuleContact":{"Faculty":{"FacultyCode":"ENG","FacultyName":"Faculty of Engineering Sciences"},"Department":{"DepartmentCode":"MECHN_ENG","DepartmentName":"Mechanical Engineering"}},"ModuleValue":"15","ModuleStudyHours":"150","ModuleLearningHours":"42","ModuleSearchKeywords":"","Email":"mecheng.ug-queries@ucl.ac.uk","ModuleSuperGroup":"","CEFRLevel":"","ModuleInstance":{"AcademicYearCode":"2019","AcademicYearDescription":"2019/20 academic  year","ModuleInstanceDescription":"<p>\n\t<strong>Overview:</strong></p>\n<p>\n\tThis is the second module of the BioMechanics Minor, which is a group of three&nbsp;modules:</p>\n<ul>\n\t<li>\n\t\tMECH0018 Fundamentals of Biomechanics</li>\n\t<li>\n\t\tMECH0028 Biofluid Mechanics</li>\n\t<li>\n\t\tMECH0029 Solid Biomechanics</li>\n</ul>\n<p>\n\tThe module covers fundamental theories of fluid flows and transport phenomena relevant to biological and bioengineering applications and provides examples of these theories applied in practice.</p>\n<p>\n\tThe module introduce fundamental fluid mechanics concepts and reveals how fluid mechanics principles can be&nbsp;applied to flows in biological systems, with emphasis on blood flows. It introduces flow measurement and modelling techniques and their application in physiology and disease.</p>\n<p>\n\t<strong>Topics covered:</strong></p>\n<ul>\n\t<li>\n\t\tFluid mechanics fundamentals</li>\n\t<li>\n\t\tMacrocirculation</li>\n\t<li>\n\t\tComputational fluid dynamics</li>\n\t<li>\n\t\tMicrocirculation</li>\n\t<li>\n\t\tOther important biological flows</li>\n\t<li>\n\t\tExperimental (in vitro) and simulation (in&nbsp;silico) techniques</li>\n</ul>\n<p>\n\t<strong>Learning outcomes:</strong></p>\n<p>\n\tUpon completion of the module, students will be able to:</p>\n<ul>\n\t<li>\n\t\tCalculate flows of biofluids in physiological situations, including interactions&nbsp;with prostheses or medical devices (e.g. heart valve leaflets, pacemaker&nbsp;leads).</li>\n\t<li>\n\t\tIdentify the important relationships between material properties and structural design for biomechanical applications, including flows of intravenously-administered fluids, and bioreactors.</li>\n\t<li>\n\t\tDevelop and solve models of blood flow in microvascular networks, and&nbsp;analyse how the network blood flow characteristics depend on the underlying network structure.</li>\n</ul>\n<p>\n\t&nbsp;</p>\n","ModuleInstanceRestriction":"","ModuleInstanceSubjectCollection":{"ModuleInstanceSubject":"Fluid Mechanics"},"ModuleDeliveryCollection":{"ModuleDelivery":{"ModuleDeliveryIdentifier":"0EEDAB9E73F711E89A86FAE8722E8321","LevelOfStudy":"Undergraduate","ModuleDeliveryPeriod":{"PeriodCode":"T1","PeriodTitle":"Term 1"},"AcademicLevel":{"AcademicLevelCode":"L6","AcademicLevelTitle":"FHEQ Level 6"},"ModuleDeliveryType":"","ModeOfStudy":"Face-to-face","ModuleDeliveryTutor":{"PersonIdentifier":"SBALA08","Name":"Stavroula Balabani","Email":""},"PreviousYearStudentCount":"30","NumberOfStudents":"30","ModuleDeliveryLocation":{"LocationIdentifier":"","LocationName":""},"ModuleDeliveryAssessment":{"AssessmentGroupCollection":{"@DefaultAssessmentGroup":"NULL","AssessmentGroup":[{"AssessmentGroupCode":"NULL","AssessmentGroupName":"","AssessmentComponentList":{"AssessmentComponent":[{"AssessmentComponentTitle":"Coursework two (1,800 words)","AssessmentComponentWeightPercentage":"35"},{"AssessmentComponentTitle":"Coursework three","AssessmentComponentWeightPercentage":"15"},{"AssessmentComponentTitle":"Coursework one (3,000 words)","AssessmentComponentWeightPercentage":"50"}]}},{"AssessmentGroupCode":"A","AssessmentGroupName":"","AssessmentComponentList":{"AssessmentComponent":[{"AssessmentComponentTitle":"Coursework three","AssessmentComponentWeightPercentage":"15"},{"AssessmentComponentTitle":"Coursework two (1,800 words)","AssessmentComponentWeightPercentage":"35"},{"AssessmentComponentTitle":"Coursework one (3,000 words)","AssessmentComponentWeightPercentage":"50"}]}}]}}}}}}}}