{"Response":{"Module":{"ModuleCode":"CEGE0093","ModuleIdentifier":"0EDFA9FC73F411E89A86FAE8722E8321","ModuleTitle":"Applied Field Project","ModuleContact":{"Faculty":{"FacultyCode":"ENG","FacultyName":"Faculty of Engineering Sciences"},"Department":{"DepartmentCode":"CIVLG_ENG","DepartmentName":"Civil, Environmental and Geomatic Engineering"}},"ModuleValue":"15","ModuleStudyHours":"150","ModuleLearningHours":"120","ModuleSearchKeywords":"RESIDENTIAL FIELD COURSE, PRACTICAL IMPLEMENTATION OF HYDROGRAPHIC KNOWLEDGE, INTEGRATED PROJECT","Email":"j.iliffe@ucl.ac.uk","ModuleSuperGroup":"","CEFRLevel":"","ModuleInstance":{"AcademicYearCode":"2019","AcademicYearDescription":"2019/20 academic  year","ModuleInstanceDescription":"<p>\n\tThe main part of this module is a concentrated three week multi-disciplinary field project, which is carried out after the Easter vacation at the PLA Hydrographic offices in Gravesend and at UCL. This will entail two weeks&rsquo; residential accommodation at Gravesend. The project will integrate all the material covered throughout the programme in an applied setting, involving vessel and land based data acquisition and subsequent processing. Building up to this, there will be a series of briefings in the first part of the term to prepare you for some of the concepts that will be required, and then in the latter part of the term the emphasis will be on project planning &ndash; including reconnaissance, client proposals, equipment selection, and so on.&nbsp;</p>\n<p>\n\tThrough taking this module you will gain practical hands-on experience of integrated hydrographic survey systems in a realistic setting. This includes planning, deployment, operation, processing and reporting. You will get a better understanding of the selection of appropriate equipment for each task and of the professional environment and the standards expected for reporting. You will gain further experience of working afloat and of working in teams.</p>\n<p>\n\tThe fundamental principles of the systems used will be covered in other modules: this one aims to give you experience of their integrated use.</p>\n<p>\n\t&nbsp;</p>\n<p>\n\t&nbsp;</p>\n<p>\n\t&nbsp;</p>\n","ModuleInstanceRestriction":"Only for students on the Hydrographic Surveying route of the MSc Geospatial Sciences.","ModuleInstanceSubjectCollection":"","ModuleDeliveryCollection":{"ModuleDelivery":[{"ModuleDeliveryIdentifier":"E173A62A231711E9A811C209A43A7D19","LevelOfStudy":"Postgraduate","ModuleDeliveryPeriod":{"PeriodCode":"T2/3","PeriodTitle":"Terms 2 and 3"},"AcademicLevel":{"AcademicLevelCode":"L7","AcademicLevelTitle":"FHEQ Level 7"},"ModuleDeliveryType":"Field Trips","ModeOfStudy":"Face-to-face","ModuleDeliveryTutor":{"PersonIdentifier":"JCILI49","Name":"Jonathan Charles Iliffe","Email":""},"PreviousYearStudentCount":"","NumberOfStudents":"10","ModuleDeliveryLocation":{"LocationIdentifier":"","LocationName":""},"ModuleDeliveryAssessment":{"AssessmentGroupCollection":{"@DefaultAssessmentGroup":"NULL","AssessmentGroup":[{"AssessmentGroupCode":"NULL","AssessmentGroupName":"","AssessmentComponentList":{"AssessmentComponent":[{"AssessmentComponentTitle":"Coursework two (1,800 words)","AssessmentComponentWeightPercentage":"35"},{"AssessmentComponentTitle":"Coursework three","AssessmentComponentWeightPercentage":"15"},{"AssessmentComponentTitle":"Coursework one (3,000 words)","AssessmentComponentWeightPercentage":"50"}]}},{"AssessmentGroupCode":"A","AssessmentGroupName":"","AssessmentComponentList":{"AssessmentComponent":[{"AssessmentComponentTitle":"Coursework three","AssessmentComponentWeightPercentage":"15"},{"AssessmentComponentTitle":"Coursework two (1,800 words)","AssessmentComponentWeightPercentage":"35"},{"AssessmentComponentTitle":"Coursework one (3,000 words)","AssessmentComponentWeightPercentage":"50"}]}}]}}},{"ModuleDeliveryIdentifier":"0EEDC13673F411E89A86FAE8722E8321","LevelOfStudy":"Postgraduate","ModuleDeliveryPeriod":{"PeriodCode":"T1","PeriodTitle":"Term 1"},"AcademicLevel":{"AcademicLevelCode":"L7","AcademicLevelTitle":"FHEQ Level 7"},"ModuleDeliveryType":"","ModeOfStudy":"Face-to-face","ModuleDeliveryTutor":{"PersonIdentifier":"JCILI49","Name":"Jonathan Charles Iliffe","Email":""},"PreviousYearStudentCount":"","NumberOfStudents":"","ModuleDeliveryLocation":{"LocationIdentifier":"","LocationName":""},"ModuleDeliveryAssessment":{"AssessmentGroupCollection":{"@DefaultAssessmentGroup":"NULL","AssessmentGroup":[{"AssessmentGroupCode":"NULL","AssessmentGroupName":"","AssessmentComponentList":{"AssessmentComponent":[{"AssessmentComponentTitle":"Coursework two (1,800 words)","AssessmentComponentWeightPercentage":"35"},{"AssessmentComponentTitle":"Coursework three","AssessmentComponentWeightPercentage":"15"},{"AssessmentComponentTitle":"Coursework one (3,000 words)","AssessmentComponentWeightPercentage":"50"}]}},{"AssessmentGroupCode":"A","AssessmentGroupName":"","AssessmentComponentList":{"AssessmentComponent":[{"AssessmentComponentTitle":"Coursework three","AssessmentComponentWeightPercentage":"15"},{"AssessmentComponentTitle":"Coursework two (1,800 words)","AssessmentComponentWeightPercentage":"35"},{"AssessmentComponentTitle":"Coursework one (3,000 words)","AssessmentComponentWeightPercentage":"50"}]}}]}}}]}}}}}