{"Response":{"Module":{"ModuleCode":"PSYC0235","ModuleIdentifier":"0EFB889CA07F4C7882FD790FCC2659B6","ModuleTitle":"Qualitative and Mixed Research Methods","ModuleContact":{"Faculty":{"FacultyCode":"BRN","FacultyName":"Faculty of Brain Sciences"},"Department":{"DepartmentCode":"PSYLA_BRN","DepartmentName":"Division of Psychology and Language Sciences"}},"ModuleValue":"15","ModuleStudyHours":"150","ModuleLearningHours":"20","ModuleSearchKeywords":"","Email":"joanna.strange@ucl.ac.uk","ModuleSuperGroup":"","CEFRLevel":"","ModuleInstance":{"AcademicYearCode":"2019","AcademicYearDescription":"2019/20 academic  year","ModuleInstanceDescription":"<p>\n\tThe first half of the module will focus on qualitative techniques including thematic analysis and grounded theory with some content delivered by guest lecturers who are currently active researchers using qualitative techniques. Students will be introduced to the NVivo software package and gain experience conducting a range of qualitative analyses before writing an assessed report using qualitative techniques. The second half of the module will focus on the use of mixed methods techniques across a range of disciplines. The module will adopt a critical approach and include discussion and comparison of the relative merits of qualitative, quantitative and mixed methods techniques. Students will complete an essay to demonstrate their understanding of this debate and will also undertake a final examination on the content of the whole module.</p>\n","ModuleInstanceRestriction":"This module is only for students on the BSc Psychology and MSci Psychology.","ModuleInstanceSubjectCollection":"","ModuleDeliveryCollection":{"ModuleDelivery":{"ModuleDeliveryIdentifier":"E0D22B0873224C21A4B4CDB69F991762","LevelOfStudy":"Undergraduate","ModuleDeliveryPeriod":{"PeriodCode":"T1","PeriodTitle":"Term 1"},"AcademicLevel":{"AcademicLevelCode":"L5","AcademicLevelTitle":"FHEQ Level 5"},"ModuleDeliveryType":"","ModeOfStudy":"Face-to-face","ModuleDeliveryTutor":{"PersonIdentifier":"DEWIT52","Name":"Stephen Harrison Dewitt","Email":""},"PreviousYearStudentCount":"130","NumberOfStudents":"130","ModuleDeliveryLocation":{"LocationIdentifier":"","LocationName":""},"ModuleDeliveryAssessment":{"AssessmentGroupCollection":{"@DefaultAssessmentGroup":"NULL","AssessmentGroup":[{"AssessmentGroupCode":"NULL","AssessmentGroupName":"","AssessmentComponentList":{"AssessmentComponent":[{"AssessmentComponentTitle":"Coursework two (1,800 words)","AssessmentComponentWeightPercentage":"35"},{"AssessmentComponentTitle":"Coursework three","AssessmentComponentWeightPercentage":"15"},{"AssessmentComponentTitle":"Coursework one (3,000 words)","AssessmentComponentWeightPercentage":"50"}]}},{"AssessmentGroupCode":"A","AssessmentGroupName":"","AssessmentComponentList":{"AssessmentComponent":[{"AssessmentComponentTitle":"Coursework three","AssessmentComponentWeightPercentage":"15"},{"AssessmentComponentTitle":"Coursework two (1,800 words)","AssessmentComponentWeightPercentage":"35"},{"AssessmentComponentTitle":"Coursework one (3,000 words)","AssessmentComponentWeightPercentage":"50"}]}}]}}}}}}}}