{"Response":{"Module":{"ModuleCode":"ELEC0003","ModuleIdentifier":"0F0114D873F511E89A86FAE8722E8321","ModuleTitle":"Analog and Power Electronics 1","ModuleContact":{"Faculty":{"FacultyCode":"ENG","FacultyName":"Faculty of Engineering Sciences"},"Department":{"DepartmentCode":"ELECN_ENG","DepartmentName":"Electronic and Electrical Engineering"}},"ModuleValue":"15","ModuleStudyHours":"150","ModuleLearningHours":"30","ModuleSearchKeywords":"","Email":"ugadmin@ee.ucl.ac.uk","ModuleSuperGroup":"","CEFRLevel":"","ModuleInstance":{"AcademicYearCode":"2019","AcademicYearDescription":"2019/20 academic  year","ModuleInstanceDescription":"<p>\n\tThis course provides a comprehensive introduction to analogue electronics, circuit analysis and power electronics. The aim of the module is to deliver a basic understanding of the principles of analogue electronics, circuit analysis and power electronics, the means by which the response of systems can be analysed and modeled in both the time and frequency domain, and to understand and model the small signal response of amplifier circuits.</p>\n<p>\n\tBy the end of the module students will:</p>\n<ul>\n\t<li>\n\t\tUnderstand, and be able to apply to a range of practical situations, the basic scientific principles underlying electrical circuit theory;</li>\n\t<li>\n\t\tCalculate the voltages, currents and powers in DC, AC and transient circuits.</li>\n\t<li>\n\t\tUnderstand the concept of linearity and time-invariance in electrical circuits.</li>\n\t<li>\n\t\tApply appropriate quantitative mathematical, scientific and engineering tools (including complex algebra and differential equations) to the analysis of circuit-related problems, such as calculating power factor, roll-off, cut-off frequency, resonant frequency, damping factor, Q-factor, and circuit time constant.</li>\n\t<li>\n\t\tDesign circuits for practical applications, such as a resonant RLC circuit for bandpass filtering in a wireless receiver.</li>\n\t<li>\n\t\tUnderstand the concept of power in ac and dc circuits and be able to analyse the power efficiency of real transformer and other circuits including concepts of 3-phase power and its advantages. Analyse different 3-phase configurations using electrical circuit theory.</li>\n\t<li>\n\t\tUnderstand the physical principles, operating parameters and small signal analysis of BJT and MOSFET.&nbsp; Understand the limitations and advantages/disadvantages of different devices.</li>\n\t<li>\n\t\tDesign amplifier circuits to have desired gain and output voltage range characteristics. Understand and be able to apply trade-offs between parameters in the design process.</li>\n\t<li>\n\t\tUnderstand the concepts of rectification and regulation and be able to design simple power supply and regulation circuitry.</li>\n\t<li>\n\t\tUnderstand the design &nbsp;issues in building multistage amplifiers with desired gain and bandwidth - choice of building blocks, input and output characteristics, driving loads.&nbsp;</li>\n</ul>\n","ModuleInstanceRestriction":"","ModuleInstanceSubjectCollection":"","ModuleDeliveryCollection":{"ModuleDelivery":{"ModuleDeliveryIdentifier":"0F0FA15673F511E89A86FAE8722E8321","LevelOfStudy":"Undergraduate","ModuleDeliveryPeriod":{"PeriodCode":"T2","PeriodTitle":"Term 2"},"AcademicLevel":{"AcademicLevelCode":"L4","AcademicLevelTitle":"FHEQ Level 4"},"ModuleDeliveryType":"","ModeOfStudy":"Face-to-face","ModuleDeliveryTutor":{"PersonIdentifier":"EROMA03","Name":"Edward John Romans","Email":""},"PreviousYearStudentCount":"140","NumberOfStudents":"140","ModuleDeliveryLocation":{"LocationIdentifier":"","LocationName":""},"ModuleDeliveryAssessment":{"AssessmentGroupCollection":{"@DefaultAssessmentGroup":"NULL","AssessmentGroup":[{"AssessmentGroupCode":"NULL","AssessmentGroupName":"","AssessmentComponentList":{"AssessmentComponent":[{"AssessmentComponentTitle":"Coursework two (1,800 words)","AssessmentComponentWeightPercentage":"35"},{"AssessmentComponentTitle":"Coursework three","AssessmentComponentWeightPercentage":"15"},{"AssessmentComponentTitle":"Coursework one (3,000 words)","AssessmentComponentWeightPercentage":"50"}]}},{"AssessmentGroupCode":"A","AssessmentGroupName":"","AssessmentComponentList":{"AssessmentComponent":[{"AssessmentComponentTitle":"Coursework three","AssessmentComponentWeightPercentage":"15"},{"AssessmentComponentTitle":"Coursework two (1,800 words)","AssessmentComponentWeightPercentage":"35"},{"AssessmentComponentTitle":"Coursework one (3,000 words)","AssessmentComponentWeightPercentage":"50"}]}}]}}}}}}}}