{"Response":{"Module":{"ModuleCode":"MECH0029","ModuleIdentifier":"0F013B5073F711E89A86FAE8722E8321","ModuleTitle":"Solid Biomechanics","ModuleContact":{"Faculty":{"FacultyCode":"ENG","FacultyName":"Faculty of Engineering Sciences"},"Department":{"DepartmentCode":"MECHN_ENG","DepartmentName":"Mechanical Engineering"}},"ModuleValue":"15","ModuleStudyHours":"150","ModuleLearningHours":"40","ModuleSearchKeywords":"","Email":"mecheng.ug-queries@ucl.ac.uk","ModuleSuperGroup":"","CEFRLevel":"","ModuleInstance":{"AcademicYearCode":"2019","AcademicYearDescription":"2019/20 academic  year","ModuleInstanceDescription":"<p>\n\t<strong>Overview:</strong></p>\n<p>\n\tThis is the third module of the BioMechanics Minor, which is a group of three&nbsp;modules:</p>\n<ul>\n\t<li>\n\t\tMECH0018 Fundamentals of Biomechanics</li>\n\t<li>\n\t\tMECH0028 Biofluid Mechanics</li>\n\t<li>\n\t\tMECH0029 Solid Biomechanics</li>\n</ul>\n<p>\n\tThis module is taught in two parts:&nbsp;<strong>Basics</strong>&nbsp;and&nbsp;<strong>Applied</strong>&nbsp;solid biomechanics. The Basics part covers molecular, cellular and tissue solid biomechanics. The Applied part covers basic design, development and overview of some of the current implants in the field of orthopaedic and trauma e.g. fracture fixation devices, hip, and knee joint replacements.</p>\n<p>\n\tVarious aspects of solid biomechanics from a molecule and cell to medical devices for repair of bone and joint related conditions are covered.</p>\n<p>\n\t<strong>Topics covered:</strong></p>\n<p>\n\t<strong>Basics</strong></p>\n<ul>\n\t<li>\n\t\tLength, time, &amp; molecular forces in Biology</li>\n\t<li>\n\t\tMolecular origins of mechanical properties: polymer physics</li>\n\t<li>\n\t\tElastic and viscoelastic properties of polymeric networks</li>\n\t<li>\n\t\tCell mechanics and cytoskeleton</li>\n\t<li>\n\t\tMeasurement tools in cell mechanics</li>\n\t<li>\n\t\tModelling cell mechanics</li>\n\t<li>\n\t\tViscoelastic models</li>\n\t<li>\n\t\tPoroelastic Models</li>\n\t<li>\n\t\tPoroelastic models</li>\n\t<li>\n\t\tNeuro mechanobiology</li>\n\t<li>\n\t\tCancer mechanobiology</li>\n</ul>\n<p>\n\t<strong>Applied</strong></p>\n<ul>\n\t<li>\n\t\tBone fracture</li>\n\t<li>\n\t\tFracture management</li>\n\t<li>\n\t\tNatural joints</li>\n\t<li>\n\t\tArtificial hip joints</li>\n\t<li>\n\t\tArtificial knee joints</li>\n\t<li>\n\t\tArtificial ankle joints</li>\n\t<li>\n\t\tArtificual upper limb joints</li>\n\t<li>\n\t\tSpine</li>\n</ul>\n<p>\n\t<strong>Learning outcomes:</strong></p>\n<p>\n\tUpon&nbsp;successful completion of this module, students will be able to:</p>\n<ul>\n\t<li>\n\t\tCalculate deformations of soft tissues, bones, and implants comprised of biomaterials including composite materials<strong>.</strong></li>\n\t<li>\n\t\tIdentify the important relationships between material properties and structural design for biomechanical applications.</li>\n\t<li>\n\t\tIdentify and link geometry and stress with application to design, for example of implants and prostheses.</li>\n</ul>\n<p>\n\t&nbsp;</p>\n","ModuleInstanceRestriction":"","ModuleInstanceSubjectCollection":{"ModuleInstanceSubject":"Mechanical Engineering"},"ModuleDeliveryCollection":{"ModuleDelivery":{"ModuleDeliveryIdentifier":"0F0FDA2A73F711E89A86FAE8722E8321","LevelOfStudy":"Undergraduate","ModuleDeliveryPeriod":{"PeriodCode":"T2","PeriodTitle":"Term 2"},"AcademicLevel":{"AcademicLevelCode":"L6","AcademicLevelTitle":"FHEQ Level 6"},"ModuleDeliveryType":"","ModeOfStudy":"Face-to-face","ModuleDeliveryTutor":{"PersonIdentifier":"MMOAZ42","Name":"Mehran Moazen","Email":""},"PreviousYearStudentCount":"30","NumberOfStudents":"30","ModuleDeliveryLocation":{"LocationIdentifier":"","LocationName":""},"ModuleDeliveryAssessment":{"AssessmentGroupCollection":{"@DefaultAssessmentGroup":"NULL","AssessmentGroup":[{"AssessmentGroupCode":"NULL","AssessmentGroupName":"","AssessmentComponentList":{"AssessmentComponent":[{"AssessmentComponentTitle":"Coursework two (1,800 words)","AssessmentComponentWeightPercentage":"35"},{"AssessmentComponentTitle":"Coursework three","AssessmentComponentWeightPercentage":"15"},{"AssessmentComponentTitle":"Coursework one (3,000 words)","AssessmentComponentWeightPercentage":"50"}]}},{"AssessmentGroupCode":"A","AssessmentGroupName":"","AssessmentComponentList":{"AssessmentComponent":[{"AssessmentComponentTitle":"Coursework three","AssessmentComponentWeightPercentage":"15"},{"AssessmentComponentTitle":"Coursework two (1,800 words)","AssessmentComponentWeightPercentage":"35"},{"AssessmentComponentTitle":"Coursework one (3,000 words)","AssessmentComponentWeightPercentage":"50"}]}}]}}}}}}}}