{"Response":{"Module":{"ModuleCode":"ELEC0004","ModuleIdentifier":"0F22EB6C73F511E89A86FAE8722E8321","ModuleTitle":"Digital Electronics 1","ModuleContact":{"Faculty":{"FacultyCode":"ENG","FacultyName":"Faculty of Engineering Sciences"},"Department":{"DepartmentCode":"ELECN_ENG","DepartmentName":"Electronic and Electrical Engineering"}},"ModuleValue":"15","ModuleStudyHours":"150","ModuleLearningHours":"0","ModuleSearchKeywords":"","Email":"","ModuleSuperGroup":"","CEFRLevel":"","ModuleInstance":{"AcademicYearCode":"2019","AcademicYearDescription":"2019/20 academic  year","ModuleInstanceDescription":"<p>\n\tThis module provides the knowledge and skills to analyse, design and implement digital electronic systems, including simple microprocessors, from the transistor and logic gate level. Digital systems are all around us from the computer or mobile device that you are reading this on, the internet infrastructure that supplied the information, the chip in your oyster card, to the machine that washes your clothes. This course introduces the tools required to design, synthesize and implement the digital circuits that are embedded in all these devices and systems.&nbsp;</p>\n<p>\n\t<span style=\"font-family: Arial, sans-serif; font-size: 9pt;\">By the end of the module s</span>tudents should be able to:</p>\n<ul>\n\t<li>\n\t\tManipulate binary expressions.</li>\n\t<li>\n\t\tApply appropriate methods to design combinational digital circuits based on specification of functionality, and carry out circuit minimization, using graphical methods (Karnaugh maps) and algorithmic methods.</li>\n\t<li>\n\t\tIdentify hazards in digital circuit designs, and adapt the design to avoid them.</li>\n\t<li>\n\t\tDesign arithmetic (adder/subtractor) circuits, making use of 1&rsquo;s and 2&rsquo;s&nbsp;complement numbers.&nbsp;</li>\n\t<li>\n\t\tUse Multiplexers to implement logical functions.</li>\n\t<li>\n\t\tConstruct decoders.</li>\n\t<li>\n\t\tConvert design problems into formalised finite state machines and&nbsp;implement them in hardware.</li>\n\t<li>\n\t\tUnderstand the function of flip-flops, registers and memory, and their application in&nbsp;sequential logic circuits.&nbsp;</li>\n\t<li>\n\t\tDescribe the internal architecture of a typical microprocessor system.</li>\n\t<li>\n\t\tUnderstand how the ALU, PC, Memory and decoder blocks are constructed</li>\n\t<li>\n\t\tUnderstand how the above blocks are put together to make a microprocessor</li>\n\t<li>\n\t\tUnderstand the relationship between assembly language and machine code</li>\n\t<li>\n\t\tBe able to describe the data path for the implementation of a single clock cycle per instruction microprocessor</li>\n\t<li>\n\t\tUnderstand the operation of the ALU and the relationship to the instruction</li>\n</ul>\n","ModuleInstanceRestriction":"","ModuleInstanceSubjectCollection":"","ModuleDeliveryCollection":{"ModuleDelivery":{"ModuleDeliveryIdentifier":"0F30E85C73F511E89A86FAE8722E8321","LevelOfStudy":"Undergraduate","ModuleDeliveryPeriod":{"PeriodCode":"T2","PeriodTitle":"Term 2"},"AcademicLevel":{"AcademicLevelCode":"L4","AcademicLevelTitle":"FHEQ Level 4"},"ModuleDeliveryType":"","ModeOfStudy":"Face-to-face","ModuleDeliveryTutor":{"PersonIdentifier":"RIKIL69","Name":"Robert Ian Killey","Email":""},"PreviousYearStudentCount":"140","NumberOfStudents":"140","ModuleDeliveryLocation":{"LocationIdentifier":"","LocationName":""},"ModuleDeliveryAssessment":{"AssessmentGroupCollection":{"@DefaultAssessmentGroup":"NULL","AssessmentGroup":[{"AssessmentGroupCode":"NULL","AssessmentGroupName":"","AssessmentComponentList":{"AssessmentComponent":[{"AssessmentComponentTitle":"Coursework two (1,800 words)","AssessmentComponentWeightPercentage":"35"},{"AssessmentComponentTitle":"Coursework three","AssessmentComponentWeightPercentage":"15"},{"AssessmentComponentTitle":"Coursework one (3,000 words)","AssessmentComponentWeightPercentage":"50"}]}},{"AssessmentGroupCode":"A","AssessmentGroupName":"","AssessmentComponentList":{"AssessmentComponent":[{"AssessmentComponentTitle":"Coursework three","AssessmentComponentWeightPercentage":"15"},{"AssessmentComponentTitle":"Coursework two (1,800 words)","AssessmentComponentWeightPercentage":"35"},{"AssessmentComponentTitle":"Coursework one (3,000 words)","AssessmentComponentWeightPercentage":"50"}]}}]}}}}}}}}