{"Response":{"Module":{"ModuleCode":"MECH0030","ModuleIdentifier":"0F23A46A73F711E89A86FAE8722E8321","ModuleTitle":"Maritime Design","ModuleContact":{"Faculty":{"FacultyCode":"ENG","FacultyName":"Faculty of Engineering Sciences"},"Department":{"DepartmentCode":"MECHN_ENG","DepartmentName":"Mechanical Engineering"}},"ModuleValue":"15","ModuleStudyHours":"150","ModuleLearningHours":"40","ModuleSearchKeywords":"","Email":"mecheng.ug-queries@ucl.ac.uk","ModuleSuperGroup":"","CEFRLevel":"","ModuleInstance":{"AcademicYearCode":"2019","AcademicYearDescription":"2019/20 academic  year","ModuleInstanceDescription":"<p>\n\t<strong>Overview:</strong></p>\n<p>\n\tThis module provides a systematic understanding, and the ability to deploy accurately, established naval architectural and ocean engineering analyses for the design of ocean vehicles and structures, which are informed by the forefront of the maritime engineering field.</p>\n<p>\n\tThe module develops design skills to enable students to solve design problems for a marine vessel (such as a ferry, cargo ship, superyacht or naval platform) or structure (such as an oil and gas platform or marine renewable energy facility) design. This includes commercial, regulatory and environmental aspects. Students also gain an appreciation of the uncertainty, ambiguity and limits of knowledge within the marine design space.</p>\n<p>\n\tThis module is the third of three of three for the Ocean Engineering Minor:</p>\n<ul>\n\t<li>\n\t\tModule 1 (Y2) &ndash; Ocean Engineering Fundamentals</li>\n\t<li>\n\t\tModule 2 (Y3) &ndash; Offshore &amp; Coastal Engineering</li>\n\t<li>\n\t\tModule 3 (Y3) &ndash; Maritime Design</li>\n</ul>\n<p>\n\t<strong>Topics covered:</strong></p>\n<ul>\n\t<li>\n\t\tIntroduction to maritime design</li>\n\t<li>\n\t\tWeight, space and margins</li>\n\t<li>\n\t\tContainer ships</li>\n\t<li>\n\t\tStability and safety</li>\n\t<li>\n\t\tOPV design drivers</li>\n\t<li>\n\t\tHull form design</li>\n\t<li>\n\t\tMachinery and emissions reduction</li>\n\t<li>\n\t\tTechnical drawing and report writing</li>\n\t<li>\n\t\tAdvanced marine vehicles</li>\n\t<li>\n\t\tDesign for production</li>\n</ul>\n<p>\n\t<strong>Learning outcomes:</strong></p>\n<p>\n\tUpon completion of this module students will be able to:</p>\n<ul>\n\t<li>\n\t\tDemonstrate knowledge and understanding of mathematical and computer models relevant to maritime engineering and apply them for solving problems in maritime engineering design. In addition students should be able to assess their limitations when applied in particular cases.</li>\n\t<li>\n\t\tInvestigate and define a problem and identify constraints including environmental and sustainability limitations, regulations, safety and risk assessment issues. Understand customer and user needs and the importance of considerations such as aesthetics.</li>\n\t<li>\n\t\tGenerate an innovative design for a vessel or offshore structure design compliant with practical operational and performance requirements and appropriate codes and regulations.</li>\n\t<li>\n\t\tManage the design process, present [through written report, drawings and viva (oral presentation followed by Q&amp;A)] and evaluate outcomes.</li>\n</ul>\n<p>\n\t&nbsp;</p>\n","ModuleInstanceRestriction":"","ModuleInstanceSubjectCollection":{"ModuleInstanceSubject":"Marine Engineering"},"ModuleDeliveryCollection":{"ModuleDelivery":{"ModuleDeliveryIdentifier":"0F32675C73F711E89A86FAE8722E8321","LevelOfStudy":"Undergraduate","ModuleDeliveryPeriod":{"PeriodCode":"T2","PeriodTitle":"Term 2"},"AcademicLevel":{"AcademicLevelCode":"L6","AcademicLevelTitle":"FHEQ Level 6"},"ModuleDeliveryType":"","ModeOfStudy":"Face-to-face","ModuleDeliveryTutor":{"PersonIdentifier":"GTHOM34","Name":"Giles Anthony Thomas","Email":""},"PreviousYearStudentCount":"20","NumberOfStudents":"20","ModuleDeliveryLocation":{"LocationIdentifier":"","LocationName":""},"ModuleDeliveryAssessment":{"AssessmentGroupCollection":{"@DefaultAssessmentGroup":"NULL","AssessmentGroup":[{"AssessmentGroupCode":"NULL","AssessmentGroupName":"","AssessmentComponentList":{"AssessmentComponent":[{"AssessmentComponentTitle":"Coursework two (1,800 words)","AssessmentComponentWeightPercentage":"35"},{"AssessmentComponentTitle":"Coursework three","AssessmentComponentWeightPercentage":"15"},{"AssessmentComponentTitle":"Coursework one (3,000 words)","AssessmentComponentWeightPercentage":"50"}]}},{"AssessmentGroupCode":"A","AssessmentGroupName":"","AssessmentComponentList":{"AssessmentComponent":[{"AssessmentComponentTitle":"Coursework three","AssessmentComponentWeightPercentage":"15"},{"AssessmentComponentTitle":"Coursework two (1,800 words)","AssessmentComponentWeightPercentage":"35"},{"AssessmentComponentTitle":"Coursework one (3,000 words)","AssessmentComponentWeightPercentage":"50"}]}}]}}}}}}}}