{"Response":{"Module":{"ModuleCode":"CEGE0095","ModuleIdentifier":"0F237DEE73F411E89A86FAE8722E8321","ModuleTitle":"Sensors and Location","ModuleContact":{"Faculty":{"FacultyCode":"ENG","FacultyName":"Faculty of Engineering Sciences"},"Department":{"DepartmentCode":"CIVLG_ENG","DepartmentName":"Civil, Environmental and Geomatic Engineering"}},"ModuleValue":"15","ModuleStudyHours":"150","ModuleLearningHours":"40","ModuleSearchKeywords":"SENSORS, LOCATION, POSITIONING, GNSS, PHOTOGRAMMETRY, CROWDSOURCING","Email":"mark.fairweather@ucl.ac.uk","ModuleSuperGroup":"","CEFRLevel":"","ModuleInstance":{"AcademicYearCode":"2019","AcademicYearDescription":"2019/20 academic  year","ModuleInstanceDescription":"<p>\n\tBasic principles of operation, applications and integration of sensors used in smartphones and professional geomatic engineering equipment. Location technology with an emphasis on Global Navigation Satellite Systems (GNSSs), but also other radio signals, inertial sensors, digital maps (for map matching), vehicle odometers, compasses, sonar/radar and cameras. Context determination using smartphone sensors. Application of low-cost imaging and 3D imaging sensors to 3D reconstruction and positioning. Students will be introduced to the principles of citizen science and crowd sourcing and how low cost sensors and smart phones can be used to gather data about the urban environment. Strengths (e.g. ability to represent individual views) and issues (data quality, coverage) will be discussed in theory and validated via practical sessions. ¿The aim of this module is to give students a broad understanding of the capabilities of smartphone and geomatics sensors and their application in location, context determination, image understanding and crowdsourcing for both geomatics professionals and consumers. Students will develop a broad knowledge of sensors used both by geomatic engineering professionals and by consumers on smartphones, including their basic principles of operation and their applications. There will be a particular focus on location technology, including global navigation satellite systems (GNSS). Students will learn the strengths and weaknesses of the different location technologies and how to select different combinations of sensors for different location tasks. Students will also learn how to use imaging sensors for 3D reconstruction, how to determine context from smartphone sensors and how to crowdsource data.</p>\n","ModuleInstanceRestriction":"","ModuleInstanceSubjectCollection":{"ModuleInstanceSubject":["Geomatic Engineering","Navigation","Positioning","Sensors and sensing"]},"ModuleDeliveryCollection":{"ModuleDelivery":{"ModuleDeliveryIdentifier":"0F31522A73F411E89A86FAE8722E8321","LevelOfStudy":"Postgraduate","ModuleDeliveryPeriod":{"PeriodCode":"T2","PeriodTitle":"Term 2"},"AcademicLevel":{"AcademicLevelCode":"L7","AcademicLevelTitle":"FHEQ Level 7"},"ModuleDeliveryType":"","ModeOfStudy":"Face-to-face","ModuleDeliveryTutor":{"PersonIdentifier":"PDGRO34","Name":"Paul David Groves","Email":""},"PreviousYearStudentCount":"40","NumberOfStudents":"40","ModuleDeliveryLocation":{"LocationIdentifier":"","LocationName":""},"ModuleDeliveryAssessment":{"AssessmentGroupCollection":{"@DefaultAssessmentGroup":"NULL","AssessmentGroup":[{"AssessmentGroupCode":"NULL","AssessmentGroupName":"","AssessmentComponentList":{"AssessmentComponent":[{"AssessmentComponentTitle":"Coursework two (1,800 words)","AssessmentComponentWeightPercentage":"35"},{"AssessmentComponentTitle":"Coursework three","AssessmentComponentWeightPercentage":"15"},{"AssessmentComponentTitle":"Coursework one (3,000 words)","AssessmentComponentWeightPercentage":"50"}]}},{"AssessmentGroupCode":"A","AssessmentGroupName":"","AssessmentComponentList":{"AssessmentComponent":[{"AssessmentComponentTitle":"Coursework three","AssessmentComponentWeightPercentage":"15"},{"AssessmentComponentTitle":"Coursework two (1,800 words)","AssessmentComponentWeightPercentage":"35"},{"AssessmentComponentTitle":"Coursework one (3,000 words)","AssessmentComponentWeightPercentage":"50"}]}}]}}}}}}}}