{"Response":{"Module":{"ModuleCode":"ELEC0005","ModuleIdentifier":"0F44127473F511E89A86FAE8722E8321","ModuleTitle":"Physics of Electronics and Nanotechnology 1","ModuleContact":{"Faculty":{"FacultyCode":"ENG","FacultyName":"Faculty of Engineering Sciences"},"Department":{"DepartmentCode":"ELECN_ENG","DepartmentName":"Electronic and Electrical Engineering"}},"ModuleValue":"15","ModuleStudyHours":"150","ModuleLearningHours":"0","ModuleSearchKeywords":"","Email":"ugadmin@ee.ucl.ac.uk","ModuleSuperGroup":"","CEFRLevel":"","ModuleInstance":{"AcademicYearCode":"2019","AcademicYearDescription":"2019/20 academic  year","ModuleInstanceDescription":"<p>\n\tThe module will give students a grounding in the underlying physics for electronic engineering, in particular the principles of electromagnetics and the physics of electronic materials applied to electronic devices and systems. The course will develop an understanding of the integral forms of Maxwell&rsquo;s equations as well as basic concepts used to understand the way in which the electrical properties of semiconductors are controlled and used in electronic devices. The module will help student to appreciate the need for a description and analysis of electromagnetic fields applied electronic engineering and the extent to which an understanding of these is needed beyond the use of current and voltage in circuits and other electronic systems, to formalise in vector notation the description of electric and magnetic fields, and to have a physical insight into the use of Gauss&#39; Law and Faraday&#39;s Law for analyzing electronic devices. The module will also provide an introduction to basic concepts behind the physics of electronic materials and devices and show how they can be used to understand the operation of devices such as diodes, LEDs, solar cells and transistors.</p>\n<p>\n\tBy the end of the course students should be able to:</p>\n<ul>\n\t<li>\n\t\tSolve electrostatic and magnetostatic problems with a high degree of symmetry.</li>\n\t<li>\n\t\tUnderstand the integral forms of Maxwell&#39;s equations</li>\n\t<li>\n\t\tApply the principles to simple forms of applications in electronics</li>\n\t<li>\n\t\tUnderstand the link between electric and magnetic fields.</li>\n</ul>\n<p>\n\t&nbsp;</p>\n","ModuleInstanceRestriction":"","ModuleInstanceSubjectCollection":"","ModuleDeliveryCollection":{"ModuleDelivery":{"ModuleDeliveryIdentifier":"0F52123473F511E89A86FAE8722E8321","LevelOfStudy":"Undergraduate","ModuleDeliveryPeriod":{"PeriodCode":"T2","PeriodTitle":"Term 2"},"AcademicLevel":{"AcademicLevelCode":"L4","AcademicLevelTitle":"FHEQ Level 4"},"ModuleDeliveryType":"","ModeOfStudy":"Face-to-face","ModuleDeliveryTutor":{"PersonIdentifier":"SEDAY53","Name":"Sally Elizabeth Day","Email":""},"PreviousYearStudentCount":"140","NumberOfStudents":"140","ModuleDeliveryLocation":{"LocationIdentifier":"","LocationName":""},"ModuleDeliveryAssessment":{"AssessmentGroupCollection":{"@DefaultAssessmentGroup":"NULL","AssessmentGroup":[{"AssessmentGroupCode":"NULL","AssessmentGroupName":"","AssessmentComponentList":{"AssessmentComponent":[{"AssessmentComponentTitle":"Coursework two (1,800 words)","AssessmentComponentWeightPercentage":"35"},{"AssessmentComponentTitle":"Coursework three","AssessmentComponentWeightPercentage":"15"},{"AssessmentComponentTitle":"Coursework one (3,000 words)","AssessmentComponentWeightPercentage":"50"}]}},{"AssessmentGroupCode":"A","AssessmentGroupName":"","AssessmentComponentList":{"AssessmentComponent":[{"AssessmentComponentTitle":"Coursework three","AssessmentComponentWeightPercentage":"15"},{"AssessmentComponentTitle":"Coursework two (1,800 words)","AssessmentComponentWeightPercentage":"35"},{"AssessmentComponentTitle":"Coursework one (3,000 words)","AssessmentComponentWeightPercentage":"50"}]}}]}}}}}}}}