{"Response":{"Module":{"ModuleCode":"ELEC0006","ModuleIdentifier":"0F65A4A273F511E89A86FAE8722E8321","ModuleTitle":"Signals and Systems 1","ModuleContact":{"Faculty":{"FacultyCode":"ENG","FacultyName":"Faculty of Engineering Sciences"},"Department":{"DepartmentCode":"ELECN_ENG","DepartmentName":"Electronic and Electrical Engineering"}},"ModuleValue":"7.5","ModuleStudyHours":"75","ModuleLearningHours":"0","ModuleSearchKeywords":"","Email":"ugadmin@ee.ucl.ac.uk","ModuleSuperGroup":"","CEFRLevel":"","ModuleInstance":{"AcademicYearCode":"2019","AcademicYearDescription":"2019/20 academic  year","ModuleInstanceDescription":"<p>\n\tThis module covers the basic principles of modelling signals in communications and control systems. It looks at how signals are described in both time and frequency and how translation occurs between the two. It considers how signals are manipulated by typical systems looking at applications in both communications and control. The aim of the module is to deliver a basic understanding of the principles of communications and control systems and means by which signals can be analysed, modelled and manipulated. This will include standard techniques and technologies to produce, modulate, code, demodulate and decode communications signals.</p>\n<p>\n\tUpon completion of this module students should be able to:</p>\n<ul>\n\t<li>\n\t\tUnderstand, and be able to apply to a range of practical situations, the basic scientific principles underlying communications and control systems, including information theory and basic means of analysing and modelling signals.</li>\n\t<li>\n\t\tApply appropriate quantitative mathematical, scientific and engineering tools to the analysis of communications-related problems, for instance, calculation of signal-to-noise ratio in a satcom link.</li>\n\t<li>\n\t\tAnalyse a range of practical communications systems, both digital and analog, determining performance and limits of operation (e.g. modulation depth, modulation speed, communications distance).</li>\n\t<li>\n\t\tDesign circuits and systems to implement communications systems and sub-systems, such as a QAM modulator and a single-sideband mixer;</li>\n\t<li>\n\t\tQuantify the effects of noise in a communications system and its impact on system performance, such as bit error rate.</li>\n\t<li>\n\t\tBe able to analyse and design basic control systems and to have knowledge of the fundamental tools and techniques applicable to control, for instance Mason&rsquo;s rule.</li>\n\t<li>\n\t\tBe able to minimize the environmental impact of their designs, in terms of power consumption and choice of components.</li>\n\t<li>\n\t\tBe proficient in the use of relevant software, in particular Matlab, for the analysis, design and simulation of communications systems and to estimate performance.</li>\n</ul>\n","ModuleInstanceRestriction":"","ModuleInstanceSubjectCollection":"","ModuleDeliveryCollection":{"ModuleDelivery":{"ModuleDeliveryIdentifier":"0F73DA2273F511E89A86FAE8722E8321","LevelOfStudy":"Undergraduate","ModuleDeliveryPeriod":{"PeriodCode":"T2","PeriodTitle":"Term 2"},"AcademicLevel":{"AcademicLevelCode":"L4","AcademicLevelTitle":"FHEQ Level 4"},"ModuleDeliveryType":"","ModeOfStudy":"Face-to-face","ModuleDeliveryTutor":{"PersonIdentifier":"PVBRE73","Name":"Paul Victor Brennan","Email":""},"PreviousYearStudentCount":"140","NumberOfStudents":"140","ModuleDeliveryLocation":{"LocationIdentifier":"","LocationName":""},"ModuleDeliveryAssessment":{"AssessmentGroupCollection":{"@DefaultAssessmentGroup":"NULL","AssessmentGroup":[{"AssessmentGroupCode":"NULL","AssessmentGroupName":"","AssessmentComponentList":{"AssessmentComponent":[{"AssessmentComponentTitle":"Coursework two (1,800 words)","AssessmentComponentWeightPercentage":"35"},{"AssessmentComponentTitle":"Coursework three","AssessmentComponentWeightPercentage":"15"},{"AssessmentComponentTitle":"Coursework one (3,000 words)","AssessmentComponentWeightPercentage":"50"}]}},{"AssessmentGroupCode":"A","AssessmentGroupName":"","AssessmentComponentList":{"AssessmentComponent":[{"AssessmentComponentTitle":"Coursework three","AssessmentComponentWeightPercentage":"15"},{"AssessmentComponentTitle":"Coursework two (1,800 words)","AssessmentComponentWeightPercentage":"35"},{"AssessmentComponentTitle":"Coursework one (3,000 words)","AssessmentComponentWeightPercentage":"50"}]}}]}}}}}}}}