{"Response":{"Module":{"ModuleCode":"ELEC0007","ModuleIdentifier":"0F873F7C73F511E89A86FAE8722E8321","ModuleTitle":"Programming 1","ModuleContact":{"Faculty":{"FacultyCode":"ENG","FacultyName":"Faculty of Engineering Sciences"},"Department":{"DepartmentCode":"ELECN_ENG","DepartmentName":"Electronic and Electrical Engineering"}},"ModuleValue":"7.5","ModuleStudyHours":"75","ModuleLearningHours":"0","ModuleSearchKeywords":"","Email":"","ModuleSuperGroup":"Programming 1","CEFRLevel":"","ModuleInstance":{"AcademicYearCode":"2019","AcademicYearDescription":"2019/20 academic  year","ModuleInstanceDescription":"<p>\n\tThis module aims to provide basic and intermediate computer programming skills using the C programming language as an example. Computer programming and software development and crucial skills for any engineer. An electrical engineering in particular requires some level of computer programming in almost every task. From programming microcontrollers, to robotics, to applying Artificial intelligence to any electronics bases system, basic and intermediate software design skills are absolutely critical. This course introduces basic concepts of computer programming like variables, loops and functions. It then teaches intermediate level concepts like pointers and dynamic memory. It finally explains the basis of microcontroller programming.</p>\n<p>\n\tAt the end of this module Students should be able to:</p>\n<ul>\n\t<li>\n\t\tCompile and run a basic C program</li>\n\t<li>\n\t\tTo define variables of the right type according to the task at hand</li>\n\t<li>\n\t\tTo use arrays of multiple dimensions</li>\n\t<li>\n\t\tTo use more complex data structures (<em>structs</em>)</li>\n\t<li>\n\t\tTo use different types of loop (while, do, for) according to the task at hand</li>\n\t<li>\n\t\tTo use the conditional operations with <em>if, else </em>&nbsp;and <em>switch</em></li>\n\t<li>\n\t\tTo defined and use functions with input and output parameters</li>\n\t<li>\n\t\tTo use pointers and know the difference between passing arguments by value or reference</li>\n\t<li>\n\t\tTo be able to design programs that allocate and de-allocate memory on demand (with <em>malloc</em> and <em>free</em>)</li>\n\t<li>\n\t\tTo insert and remove dynamic memory using linked lists and binary trees</li>\n\t<li>\n\t\tTo be able to compile and run code in a microcontroller</li>\n</ul>\n","ModuleInstanceRestriction":"","ModuleInstanceSubjectCollection":"","ModuleDeliveryCollection":{"ModuleDelivery":{"ModuleDeliveryIdentifier":"0F95934C73F511E89A86FAE8722E8321","LevelOfStudy":"Undergraduate","ModuleDeliveryPeriod":{"PeriodCode":"T2","PeriodTitle":"Term 2"},"AcademicLevel":{"AcademicLevelCode":"L4","AcademicLevelTitle":"FHEQ Level 4"},"ModuleDeliveryType":"","ModeOfStudy":"Face-to-face","ModuleDeliveryTutor":{"PersonIdentifier":"MJGRI50","Name":"Miguel Joaquim Garcia Rio","Email":""},"PreviousYearStudentCount":"140","NumberOfStudents":"140","ModuleDeliveryLocation":{"LocationIdentifier":"","LocationName":""},"ModuleDeliveryAssessment":{"AssessmentGroupCollection":{"@DefaultAssessmentGroup":"NULL","AssessmentGroup":[{"AssessmentGroupCode":"NULL","AssessmentGroupName":"","AssessmentComponentList":{"AssessmentComponent":[{"AssessmentComponentTitle":"Coursework two (1,800 words)","AssessmentComponentWeightPercentage":"35"},{"AssessmentComponentTitle":"Coursework three","AssessmentComponentWeightPercentage":"15"},{"AssessmentComponentTitle":"Coursework one (3,000 words)","AssessmentComponentWeightPercentage":"50"}]}},{"AssessmentGroupCode":"A","AssessmentGroupName":"","AssessmentComponentList":{"AssessmentComponent":[{"AssessmentComponentTitle":"Coursework three","AssessmentComponentWeightPercentage":"15"},{"AssessmentComponentTitle":"Coursework two (1,800 words)","AssessmentComponentWeightPercentage":"35"},{"AssessmentComponentTitle":"Coursework one (3,000 words)","AssessmentComponentWeightPercentage":"50"}]}}]}}}}}}}}