{"Response":{"Module":{"ModuleCode":"OPHT0045","ModuleIdentifier":"0F8DFC894E534247BD4C3237CEDEAF5B","ModuleTitle":"Glaucoma Level 2","ModuleContact":{"Faculty":{"FacultyCode":"BRN","FacultyName":"Faculty of Brain Sciences"},"Department":{"DepartmentCode":"OPHTH_BRN","DepartmentName":"Institute of Ophthalmology"}},"ModuleValue":"15","ModuleStudyHours":"150","ModuleLearningHours":"0","ModuleSearchKeywords":"GLAUCOMA LEVEL 2","Email":"msc.ioo@ucl.ac.uk","ModuleSuperGroup":"","CEFRLevel":"","ModuleInstance":{"AcademicYearCode":"2019","AcademicYearDescription":"2019/20 academic  year","ModuleInstanceDescription":"<div class=\"OutlineElement Ltr  BCX0 SCXW242558236\" segoe=\"\" style=\"margin: 0px; padding: 0px; user-select: text; -webkit-user-drag: none; -webkit-tap-highlight-color: transparent; overflow: visible; cursor: text; clear: both; position: relative; direction: ltr; color: rgb(0, 0, 0); font-family: \" ui=\"\">\n\t<p font-size:=\"\" new=\"\" style=\"font-family: \" times=\"\">\n\t\tThis module follows on from level 1 to further develop your knowledge and skills in the detection, evaluation and management of patients with stable ocular hypertension (OHT) and open angle glaucoma (OAG). You will further develop your skills in detecting change in clinical status and decision-making in patients at risk of developing glaucoma. The module centred around critical evaluation of the evidence base and clinical decision making. The learning outcomes of this module include: * an ability to perform a gonioscopic examination of the anterior chamber angle and to identify anatomical structures, accurately grade the angle width and interpret the significance of clinical findings * an ability to diagnose OHT or OAG through an integration of clinical observations/results of clinical investigations * an ability to make appropriate management decisions in a patient with OHT</p>\n\t<p font-size:=\"\" new=\"\" style=\"font-family: \" times=\"\">\n\t\t* an ability to monitor the response to treatment in a patient with OHT and modify the management plan or refer if necessary * an awareness of the contraindications of anti-glaucoma medications and an ability to detect and manage drug-induced side effects * an ability to inform patients of the rationale for monitoring their condition and an ability to explain the risk of developing glaucoma * an ability to counsel patients regarding the risk of blindness associated with glaucoma, risk to family members, and potential impact of the disease on lifestyle</p>\n</div>\n<div class=\"ListContainerWrapper SCXW242558236 BCX0\" segoe=\"\" style=\"margin: 0px; padding: 0px; user-select: text; -webkit-user-drag: none; -webkit-tap-highlight-color: transparent; position: relative; color: rgb(0, 0, 0);\" ui=\"\">\n\t<ul class=\"BulletListStyle1 SCXW242558236 BCX0\" role=\"list\" style=\"padding-right: 0px; padding-left: 0px; margin: 0px; user-select: text; -webkit-user-drag: none; -webkit-tap-highlight-color: transparent; overflow: visible; cursor: text; font-family: verdana;\">\n\t\t<li aria-setsize=\"-1\" class=\"OutlineElement Ltr  BCX0 SCXW242558236\" data-aria-level=\"1\" data-aria-posinset=\"14\" data-font=\"Symbol\" data-leveltext=\"¿\" data-listid=\"3\" role=\"listitem\" style=\"margin: 0px 0px 0px 24px; padding: 0px; user-select: text; -webkit-user-drag: none; -webkit-tap-highlight-color: transparent; overflow: visible; cursor: text; clear: both; position: relative; direction: ltr; display: block; font-size: 11pt; font-family: Calibri, sans-serif; vertical-align: baseline;\">\n\t\t\t<div>\n\t\t\t\t&nbsp;</div>\n\t\t</li>\n\t</ul>\n</div>\n<p>\n\t&nbsp;</p>\n","ModuleInstanceRestriction":"Available only to students of Advanced Clinical Optometry and Ophthalmology & students of Advanced Clinical Practice in Ophthalmology (Integrated Degree Apprenticeship)","ModuleInstanceSubjectCollection":"","ModuleDeliveryCollection":{"ModuleDelivery":{"ModuleDeliveryIdentifier":"15867ADBB56F4F76BBB4F643C96B3E27","LevelOfStudy":"Postgraduate","ModuleDeliveryPeriod":{"PeriodCode":"T1","PeriodTitle":"Term 1"},"AcademicLevel":{"AcademicLevelCode":"L7","AcademicLevelTitle":"FHEQ Level 7"},"ModuleDeliveryType":"","ModeOfStudy":"Face-to-face","ModuleDeliveryTutor":{"PersonIdentifier":"JVARI80","Name":"Jayshree Varia","Email":""},"PreviousYearStudentCount":"20","NumberOfStudents":"20","ModuleDeliveryLocation":{"LocationIdentifier":"","LocationName":""},"ModuleDeliveryAssessment":{"AssessmentGroupCollection":{"@DefaultAssessmentGroup":"NULL","AssessmentGroup":[{"AssessmentGroupCode":"NULL","AssessmentGroupName":"","AssessmentComponentList":{"AssessmentComponent":[{"AssessmentComponentTitle":"Coursework two (1,800 words)","AssessmentComponentWeightPercentage":"35"},{"AssessmentComponentTitle":"Coursework three","AssessmentComponentWeightPercentage":"15"},{"AssessmentComponentTitle":"Coursework one (3,000 words)","AssessmentComponentWeightPercentage":"50"}]}},{"AssessmentGroupCode":"A","AssessmentGroupName":"","AssessmentComponentList":{"AssessmentComponent":[{"AssessmentComponentTitle":"Coursework three","AssessmentComponentWeightPercentage":"15"},{"AssessmentComponentTitle":"Coursework two (1,800 words)","AssessmentComponentWeightPercentage":"35"},{"AssessmentComponentTitle":"Coursework one (3,000 words)","AssessmentComponentWeightPercentage":"50"}]}}]}}}}}}}}