{"Response":{"Module":{"ModuleCode":"MECH0033","ModuleIdentifier":"0FA42B4473F711E89A86FAE8722E8321","ModuleTitle":"New and Renewable Energy Systems A","ModuleContact":{"Faculty":{"FacultyCode":"ENG","FacultyName":"Faculty of Engineering Sciences"},"Department":{"DepartmentCode":"MECHN_ENG","DepartmentName":"Mechanical Engineering"}},"ModuleValue":"7.5","ModuleStudyHours":"750","ModuleLearningHours":"20","ModuleSearchKeywords":"","Email":"mecheng.pg-queries@ucl.ac.uk","ModuleSuperGroup":"New and Renewable Energy Systems","CEFRLevel":"","ModuleInstance":{"AcademicYearCode":"2019","AcademicYearDescription":"2019/20 academic  year","ModuleInstanceDescription":"<p>\n\t<strong>Overview:</strong></p>\n<p>\n\tThis module aims to help students achieve competency in using analytical methods for understanding the design and behaviour of new and renewable energy systems: design, operational and integration issues.</p>\n<p>\n\tThe module provides technical knowledge in renewable technologies so as to appreciate the design features for different systems on land and at sea.</p>\n<p>\n\t<strong>Topics covered:</strong></p>\n<ul>\n\t<li>\n\t\tCurrent main sources of energy</li>\n\t<li>\n\t\tSolar energy</li>\n\t<li>\n\t\tWind energy</li>\n\t<li>\n\t\tHydro, tide and wave energy</li>\n\t<li>\n\t\tGeothermal energy</li>\n\t<li>\n\t\tFuel cells</li>\n\t<li>\n\t\tAlternative fuels</li>\n\t<li>\n\t\tOther renewable energy sources</li>\n\t<li>\n\t\tMechanical energy storage systems</li>\n\t<li>\n\t\tUK national grid</li>\n\t<li>\n\t\tConnecting energy sources to the grid</li>\n\t<li>\n\t\tMarine renewable energy</li>\n</ul>\n<p>\n\t<strong>Learning outcomes:</strong></p>\n<p>\n\tUpon completion of this module students will be able to:</p>\n<ol>\n\t<li>\n\t\tAppreciate the range of renewable and alternative power systems and understand why different designs are used in different power applications and appreciate their technical limits.</li>\n\t<li>\n\t\tAnalyse renewable power systems so as to calculate and relate key parameters such as fluid flow, torque, speed, efficiency, and power under steady-state conditions, etc.</li>\n\t<li>\n\t\tUnderstand the &lsquo;state of the art&rsquo; in renewable power systems and appreciate advances in new technologies that will influence future designs.</li>\n</ol>\n<p>\n\t&nbsp;</p>\n","ModuleInstanceRestriction":"Only available to Term 1 only affiliate students","ModuleInstanceSubjectCollection":"","ModuleDeliveryCollection":{"ModuleDelivery":[{"ModuleDeliveryIdentifier":"0FC8F2DA73F711E89A86FAE8722E8321","LevelOfStudy":"Undergraduate","ModuleDeliveryPeriod":{"PeriodCode":"T1","PeriodTitle":"Term 1"},"AcademicLevel":{"AcademicLevelCode":"L7","AcademicLevelTitle":"FHEQ Level 7"},"ModuleDeliveryType":"","ModeOfStudy":"Face-to-face","ModuleDeliveryTutor":{"PersonIdentifier":"RBUCK26","Name":"Richard William Gordon Bucknall","Email":""},"PreviousYearStudentCount":"","NumberOfStudents":"1","ModuleDeliveryLocation":{"LocationIdentifier":"","LocationName":""},"ModuleDeliveryAssessment":{"AssessmentGroupCollection":{"@DefaultAssessmentGroup":"NULL","AssessmentGroup":[{"AssessmentGroupCode":"NULL","AssessmentGroupName":"","AssessmentComponentList":{"AssessmentComponent":[{"AssessmentComponentTitle":"Coursework two (1,800 words)","AssessmentComponentWeightPercentage":"35"},{"AssessmentComponentTitle":"Coursework three","AssessmentComponentWeightPercentage":"15"},{"AssessmentComponentTitle":"Coursework one (3,000 words)","AssessmentComponentWeightPercentage":"50"}]}},{"AssessmentGroupCode":"A","AssessmentGroupName":"","AssessmentComponentList":{"AssessmentComponent":[{"AssessmentComponentTitle":"Coursework three","AssessmentComponentWeightPercentage":"15"},{"AssessmentComponentTitle":"Coursework two (1,800 words)","AssessmentComponentWeightPercentage":"35"},{"AssessmentComponentTitle":"Coursework one (3,000 words)","AssessmentComponentWeightPercentage":"50"}]}}]}}},{"ModuleDeliveryIdentifier":"0FB3117C73F711E89A86FAE8722E8321","LevelOfStudy":"Postgraduate","ModuleDeliveryPeriod":{"PeriodCode":"T1","PeriodTitle":"Term 1"},"AcademicLevel":{"AcademicLevelCode":"L7","AcademicLevelTitle":"FHEQ Level 7"},"ModuleDeliveryType":"","ModeOfStudy":"Face-to-face","ModuleDeliveryTutor":{"PersonIdentifier":"KLUOX54","Name":"Kai Luo","Email":""},"PreviousYearStudentCount":"5","NumberOfStudents":"5","ModuleDeliveryLocation":{"LocationIdentifier":"","LocationName":""},"ModuleDeliveryAssessment":{"AssessmentGroupCollection":{"@DefaultAssessmentGroup":"NULL","AssessmentGroup":[{"AssessmentGroupCode":"NULL","AssessmentGroupName":"","AssessmentComponentList":{"AssessmentComponent":[{"AssessmentComponentTitle":"Coursework two (1,800 words)","AssessmentComponentWeightPercentage":"35"},{"AssessmentComponentTitle":"Coursework three","AssessmentComponentWeightPercentage":"15"},{"AssessmentComponentTitle":"Coursework one (3,000 words)","AssessmentComponentWeightPercentage":"50"}]}},{"AssessmentGroupCode":"A","AssessmentGroupName":"","AssessmentComponentList":{"AssessmentComponent":[{"AssessmentComponentTitle":"Coursework three","AssessmentComponentWeightPercentage":"15"},{"AssessmentComponentTitle":"Coursework two (1,800 words)","AssessmentComponentWeightPercentage":"35"},{"AssessmentComponentTitle":"Coursework one (3,000 words)","AssessmentComponentWeightPercentage":"50"}]}}]}}}]}}}}}