{"Response":{"Module":{"ModuleCode":"ELEC0008","ModuleIdentifier":"0FA944F073F511E89A86FAE8722E8321","ModuleTitle":"Design and Professional Practice 2","ModuleContact":{"Faculty":{"FacultyCode":"ENG","FacultyName":"Faculty of Engineering Sciences"},"Department":{"DepartmentCode":"ELECN_ENG","DepartmentName":"Electronic and Electrical Engineering"}},"ModuleValue":"15","ModuleStudyHours":"150","ModuleLearningHours":"0","ModuleSearchKeywords":"","Email":"ugadmin@ee.ucl.ac.uk","ModuleSuperGroup":"","CEFRLevel":"","ModuleInstance":{"AcademicYearCode":"2019","AcademicYearDescription":"2019/20 academic  year","ModuleInstanceDescription":"<p>\n\tThis module provides&nbsp;<span style=\"color: black; font-family: Arial, sans-serif; font-size: 10.5pt;\">students with an understanding of the engineering process and practice in carrying it out. The aim of the course is to deliver training in design, engineering practice and the economic, environmental and social context which will enable our graduates to achieve the requirements of Chartered Engineering status.</span></p>\n<p>\n\tBy the end of the module students will:</p>\n<ul>\n\t<li style=\"margin-left: 18pt;\">\n\t\tUnderstand and apply a systems engineering process over the full product lifecycle;</li>\n\t<li style=\"margin-left: 18pt;\">\n\t\tUnderstand and write specifications and data sheets for electronic components and systems;</li>\n\t<li style=\"margin-left: 18pt;\">\n\t\tComplete an electronic design to meet a given set of requirements and effectively communicate the design though documentation and presentation;</li>\n\t<li style=\"margin-left: 18pt;\">\n\t\tUnderstand the economic and risk aspects of engineering design and manufacturing;&nbsp;</li>\n\t<li style=\"margin-left: 18pt;\">\n\t\tFind relevant technical literature and write a reasoned assessment of it;</li>\n\t<li style=\"margin-left: 18pt;\">\n\t\tUnderstand situations arising in the practice of engineering which may have legal ramifications</li>\n</ul>\n","ModuleInstanceRestriction":"","ModuleInstanceSubjectCollection":"","ModuleDeliveryCollection":{"ModuleDelivery":{"ModuleDeliveryIdentifier":"0FB837E473F511E89A86FAE8722E8321","LevelOfStudy":"Undergraduate","ModuleDeliveryPeriod":{"PeriodCode":"T1/2","PeriodTitle":"Terms 1 and 2"},"AcademicLevel":{"AcademicLevelCode":"L5","AcademicLevelTitle":"FHEQ Level 5"},"ModuleDeliveryType":"","ModeOfStudy":"Face-to-face","ModuleDeliveryTutor":{"PersonIdentifier":"DRSEL91","Name":"David Richard Selviah","Email":""},"PreviousYearStudentCount":"130","NumberOfStudents":"130","ModuleDeliveryLocation":{"LocationIdentifier":"","LocationName":""},"ModuleDeliveryAssessment":{"AssessmentGroupCollection":{"@DefaultAssessmentGroup":"NULL","AssessmentGroup":[{"AssessmentGroupCode":"NULL","AssessmentGroupName":"","AssessmentComponentList":{"AssessmentComponent":[{"AssessmentComponentTitle":"Coursework two (1,800 words)","AssessmentComponentWeightPercentage":"35"},{"AssessmentComponentTitle":"Coursework three","AssessmentComponentWeightPercentage":"15"},{"AssessmentComponentTitle":"Coursework one (3,000 words)","AssessmentComponentWeightPercentage":"50"}]}},{"AssessmentGroupCode":"A","AssessmentGroupName":"","AssessmentComponentList":{"AssessmentComponent":[{"AssessmentComponentTitle":"Coursework three","AssessmentComponentWeightPercentage":"15"},{"AssessmentComponentTitle":"Coursework two (1,800 words)","AssessmentComponentWeightPercentage":"35"},{"AssessmentComponentTitle":"Coursework one (3,000 words)","AssessmentComponentWeightPercentage":"50"}]}}]}}}}}}}}