{"Response":{"Module":{"ModuleCode":"ELEC0009","ModuleIdentifier":"0FCC3E6A73F511E89A86FAE8722E8321","ModuleTitle":"Analog Electronics","ModuleContact":{"Faculty":{"FacultyCode":"ENG","FacultyName":"Faculty of Engineering Sciences"},"Department":{"DepartmentCode":"ELECN_ENG","DepartmentName":"Electronic and Electrical Engineering"}},"ModuleValue":"15","ModuleStudyHours":"150","ModuleLearningHours":"0","ModuleSearchKeywords":"","Email":"ugadmin@ee.ucl.ac.uk","ModuleSuperGroup":"","CEFRLevel":"","ModuleInstance":{"AcademicYearCode":"2019","AcademicYearDescription":"2019/20 academic  year","ModuleInstanceDescription":"<p>\n\tThis module builds on the concepts in analog electronics that students have encountered in their first year, including fundamentals of low and high frequency small signal analysis of BJT and MOSFET circuits. Fundamental concepts such as filters, feedback, bode plots, power amplifiers and oscillators will be explored.&nbsp;The aim of this module is to give students a good introduction to the analysis of standard circuit configurations, such as single-stage amplifiers and feedback circuits, and the design of advanced circuits, such as operational amplifiers and oscillators.</p>\n<p>\n\tBy the end of the module students should be able to:</p>\n<ul>\n\t<li style=\"margin-left: 18pt;\">\n\t\tUnderstand basic single-transistor amplifier configurations, i.e., CE, CB and emitter follower for BJT, and CS, CG and source follower for MOSFET.</li>\n\t<li style=\"margin-left: 18pt;\">\n\t\tUse small-signal equivalent circuits in analysing circuit performance</li>\n\t<li style=\"margin-left: 18pt;\">\n\t\tAnalyse the low-frequency response of discrete-circuit amplifiers and estimate the corner frequency.</li>\n\t<li style=\"margin-left: 18pt;\">\n\t\tAnalyse the high-frequency response of discrete and integrated amplifiers using Miller theorem and open-circuit time constant methods</li>\n\t<li style=\"margin-left: 18pt;\">\n\t\tSketch the magnitude and phase response of an amplifier in a Bode plot</li>\n\t<li style=\"margin-left: 18pt;\">\n\t\tUnderstand filter basics</li>\n\t<li style=\"margin-left: 18pt;\">\n\t\tUnderstand general structure of negative feedback amplifiers and the basic principle that underlies their operation</li>\n\t<li style=\"margin-left: 18pt;\">\n\t\tUse positive or negative feedbacks in realizing analog circuit blocks</li>\n\t<li style=\"margin-left: 18pt;\">\n\t\tDesign differential and multi-stage amplifiers down to transistor level</li>\n\t<li style=\"margin-left: 18pt;\">\n\t\tUnderstand the different classes of power amplifier and be able to analyse them (class A, B, and AB)</li>\n\t<li style=\"margin-left: 18pt;\">\n\t\tLearn how positive feedback is applied to make oscillators and be able to analyse different types of oscillator circuits</li>\n\t<li style=\"margin-left: 18pt;\">\n\t\tUnderstand the operating principles of tuned amplifiers</li>\n\t<li style=\"margin-left: 18pt;\">\n\t\tUse SPICE to simulate circuit behaviour</li>\n</ul>\n","ModuleInstanceRestriction":"","ModuleInstanceSubjectCollection":"","ModuleDeliveryCollection":{"ModuleDelivery":{"ModuleDeliveryIdentifier":"0FDAA4A073F511E89A86FAE8722E8321","LevelOfStudy":"Undergraduate","ModuleDeliveryPeriod":{"PeriodCode":"T1","PeriodTitle":"Term 1"},"AcademicLevel":{"AcademicLevelCode":"L5","AcademicLevelTitle":"FHEQ Level 5"},"ModuleDeliveryType":"","ModeOfStudy":"Face-to-face","ModuleDeliveryTutor":{"PersonIdentifier":"ACDEM08","Name":"Andreas Christodoulou Demosthenous","Email":""},"PreviousYearStudentCount":"130","NumberOfStudents":"130","ModuleDeliveryLocation":{"LocationIdentifier":"","LocationName":""},"ModuleDeliveryAssessment":{"AssessmentGroupCollection":{"@DefaultAssessmentGroup":"NULL","AssessmentGroup":[{"AssessmentGroupCode":"NULL","AssessmentGroupName":"","AssessmentComponentList":{"AssessmentComponent":[{"AssessmentComponentTitle":"Coursework two (1,800 words)","AssessmentComponentWeightPercentage":"35"},{"AssessmentComponentTitle":"Coursework three","AssessmentComponentWeightPercentage":"15"},{"AssessmentComponentTitle":"Coursework one (3,000 words)","AssessmentComponentWeightPercentage":"50"}]}},{"AssessmentGroupCode":"A","AssessmentGroupName":"","AssessmentComponentList":{"AssessmentComponent":[{"AssessmentComponentTitle":"Coursework three","AssessmentComponentWeightPercentage":"15"},{"AssessmentComponentTitle":"Coursework two (1,800 words)","AssessmentComponentWeightPercentage":"35"},{"AssessmentComponentTitle":"Coursework one (3,000 words)","AssessmentComponentWeightPercentage":"50"}]}}]}}}}}}}}