{"Response":{"Module":{"ModuleCode":"CEGE0099","ModuleIdentifier":"0FDEABB473F411E89A86FAE8722E8321","ModuleTitle":"Engineering: Impact Assessment","ModuleContact":{"Faculty":{"FacultyCode":"ENG","FacultyName":"Faculty of Engineering Sciences"},"Department":{"DepartmentCode":"CIVLG_ENG","DepartmentName":"Civil, Environmental and Geomatic Engineering"}},"ModuleValue":"15","ModuleStudyHours":"150","ModuleLearningHours":"96","ModuleSearchKeywords":"SUSTAINABLE DEVELOPMENT, SOCIAL ECONOMIC AND ENVIRONMENTAL IMPACTS OF ENGINEERING PROJECTS","Email":"","ModuleSuperGroup":"Engineering: Impact Assessment","CEFRLevel":"","ModuleInstance":{"AcademicYearCode":"2019","AcademicYearDescription":"2019/20 academic  year","ModuleInstanceDescription":"<p>\n\tMaking the world a better place means engaging with society. All engineering activities take place in the context of society at large. They are driven by society&rsquo;s needs &ndash; for clean water, sanitation, transport, buildings, waste disposal, energy etc. &ndash; and they have an impact on society when they are implemented. Not all these interactions are positive and we need to understand how to try to make sure that our activities work for the best in society, both now and for future generations. This course explores these interactions and brings students to participate in live issues as well as to understand the impacts of engineering decisions and the role and responsibility of engineers to minimise those impacts. These concepts will be applied in Scenario A and B where the students will be given briefs that covers the societal impacts on delivering civil engineering projects.</p>\n","ModuleInstanceRestriction":"","ModuleInstanceSubjectCollection":"","ModuleDeliveryCollection":{"ModuleDelivery":{"ModuleDeliveryIdentifier":"1001D80A73F411E89A86FAE8722E8321","LevelOfStudy":"Undergraduate","ModuleDeliveryPeriod":{"PeriodCode":"T2","PeriodTitle":"Term 2"},"AcademicLevel":{"AcademicLevelCode":"L4","AcademicLevelTitle":"FHEQ Level 4"},"ModuleDeliveryType":"","ModeOfStudy":"Face-to-face","ModuleDeliveryTutor":{"PersonIdentifier":"NCHRI60","Name":"Nicola Christie","Email":""},"PreviousYearStudentCount":"90","NumberOfStudents":"90","ModuleDeliveryLocation":{"LocationIdentifier":"","LocationName":""},"ModuleDeliveryAssessment":{"AssessmentGroupCollection":{"@DefaultAssessmentGroup":"NULL","AssessmentGroup":[{"AssessmentGroupCode":"NULL","AssessmentGroupName":"","AssessmentComponentList":{"AssessmentComponent":[{"AssessmentComponentTitle":"Coursework two (1,800 words)","AssessmentComponentWeightPercentage":"35"},{"AssessmentComponentTitle":"Coursework three","AssessmentComponentWeightPercentage":"15"},{"AssessmentComponentTitle":"Coursework one (3,000 words)","AssessmentComponentWeightPercentage":"50"}]}},{"AssessmentGroupCode":"A","AssessmentGroupName":"","AssessmentComponentList":{"AssessmentComponent":[{"AssessmentComponentTitle":"Coursework three","AssessmentComponentWeightPercentage":"15"},{"AssessmentComponentTitle":"Coursework two (1,800 words)","AssessmentComponentWeightPercentage":"35"},{"AssessmentComponentTitle":"Coursework one (3,000 words)","AssessmentComponentWeightPercentage":"50"}]}}]}}}}}}}}