{"Response":{"Module":{"ModuleCode":"HIST0632","ModuleIdentifier":"0FFBA52873F611E89A86FAE8722E8321","ModuleTitle":"Hellenistic Epigraphy","ModuleContact":{"Faculty":{"FacultyCode":"SHS","FacultyName":"Faculty of Social and Historical Sciences"},"Department":{"DepartmentCode":"HISTR_SHS","DepartmentName":"History"}},"ModuleValue":"15","ModuleStudyHours":"150","ModuleLearningHours":"20","ModuleSearchKeywords":"ANCIENT HISTORY","Email":"history-pg-enquiries@ucl.ac.uk","ModuleSuperGroup":"","CEFRLevel":"","ModuleInstance":{"AcademicYearCode":"2019","AcademicYearDescription":"2019/20 academic  year","ModuleInstanceDescription":"<p>\n\tThis course introduces students to a very important and exciting source of evidence for the history of the Hellenistic world, namely inscriptions on stone. Much of Hellenistic history, be it &lsquo;high&rsquo; politics and diplomacy, economic history, the history of institutions, religious or cultural history, cannot be known or studied other than through inscriptions. As the annual volumes of the Supplementum Epigraphicum Graecum (SEG) show, this is one of the few branches of ancient history where source material does not remain static, but is constantly renewed. Every newly discovered inscription may bring the solution to a long-standing problem, reveal a previously unknown new cult, illuminate aspects of civic finance or social organization. Certain areas of life (the world of athletics, the gymnasium and Panhellenic festivals; religion; all kinds of financial transactions; royal diplomacy) are known largely through inscriptions. Hellenistic epigrams and longer literary inscriptions provide points of reference for those interested in the literature and poetry of this period. Inscriptions offer essential information about prosopography (the study of individuals and their connections) and onomastics (the study of names), and of topograhy.</p>\n<p>\n\tThis part of the course offers an introduction to the techniques of Greek epigraphy, the different categories of documentation and the bewildering array of publications. It will give an overview of the history of the subject, and of the different ways in which epigraphy has been used by historians. By the end of it, students should be able to to understand the processes of editing and restoring a text, working from stone to page, read photographs and squeezes, have a good knowledge of collections and on-line resources and databases, recognize different types of documents and date them, and have a sense of regional variations in dialect and style.</p>\n","ModuleInstanceRestriction":"Prerequisite for this course is a good knowledge of ancient Greek (A-level or equivalent). A reading knowledge of French and/or German (or modern Greek) would be useful but is not a requirement.","ModuleInstanceSubjectCollection":{"ModuleInstanceSubject":"Ancient History"},"ModuleDeliveryCollection":{"ModuleDelivery":[{"ModuleDeliveryIdentifier":"100A792273F611E89A86FAE8722E8321","LevelOfStudy":"Postgraduate","ModuleDeliveryPeriod":{"PeriodCode":"T1","PeriodTitle":"Term 1"},"AcademicLevel":{"AcademicLevelCode":"L7","AcademicLevelTitle":"FHEQ Level 7"},"ModuleDeliveryType":"","ModeOfStudy":"Face-to-face","ModuleDeliveryTutor":{"PersonIdentifier":"RCVAN78","Name":"Hendrika Christina Van Bremen","Email":""},"PreviousYearStudentCount":"12","NumberOfStudents":"12","ModuleDeliveryLocation":{"LocationIdentifier":"","LocationName":""},"ModuleDeliveryAssessment":{"AssessmentGroupCollection":{"@DefaultAssessmentGroup":"NULL","AssessmentGroup":[{"AssessmentGroupCode":"NULL","AssessmentGroupName":"","AssessmentComponentList":{"AssessmentComponent":[{"AssessmentComponentTitle":"Coursework two (1,800 words)","AssessmentComponentWeightPercentage":"35"},{"AssessmentComponentTitle":"Coursework three","AssessmentComponentWeightPercentage":"15"},{"AssessmentComponentTitle":"Coursework one (3,000 words)","AssessmentComponentWeightPercentage":"50"}]}},{"AssessmentGroupCode":"A","AssessmentGroupName":"","AssessmentComponentList":{"AssessmentComponent":[{"AssessmentComponentTitle":"Coursework three","AssessmentComponentWeightPercentage":"15"},{"AssessmentComponentTitle":"Coursework two (1,800 words)","AssessmentComponentWeightPercentage":"35"},{"AssessmentComponentTitle":"Coursework one (3,000 words)","AssessmentComponentWeightPercentage":"50"}]}}]}}},{"ModuleDeliveryIdentifier":"128CC9343A9311E9AB35EEDD949DA705","LevelOfStudy":"Postgraduate","ModuleDeliveryPeriod":{"PeriodCode":"T2","PeriodTitle":"Term 2"},"AcademicLevel":{"AcademicLevelCode":"L7","AcademicLevelTitle":"FHEQ Level 7"},"ModuleDeliveryType":"","ModeOfStudy":"Face-to-face","ModuleDeliveryTutor":{"PersonIdentifier":"RCVAN78","Name":"Hendrika Christina Van Bremen","Email":""},"PreviousYearStudentCount":"12","NumberOfStudents":"12","ModuleDeliveryLocation":{"LocationIdentifier":"","LocationName":""},"ModuleDeliveryAssessment":{"AssessmentGroupCollection":{"@DefaultAssessmentGroup":"NULL","AssessmentGroup":[{"AssessmentGroupCode":"NULL","AssessmentGroupName":"","AssessmentComponentList":{"AssessmentComponent":[{"AssessmentComponentTitle":"Coursework two (1,800 words)","AssessmentComponentWeightPercentage":"35"},{"AssessmentComponentTitle":"Coursework three","AssessmentComponentWeightPercentage":"15"},{"AssessmentComponentTitle":"Coursework one (3,000 words)","AssessmentComponentWeightPercentage":"50"}]}},{"AssessmentGroupCode":"A","AssessmentGroupName":"","AssessmentComponentList":{"AssessmentComponent":[{"AssessmentComponentTitle":"Coursework three","AssessmentComponentWeightPercentage":"15"},{"AssessmentComponentTitle":"Coursework two (1,800 words)","AssessmentComponentWeightPercentage":"35"},{"AssessmentComponentTitle":"Coursework one (3,000 words)","AssessmentComponentWeightPercentage":"50"}]}}]}}}]}}}}}