{"Response":{"Module":{"ModuleCode":"MECH0035","ModuleIdentifier":"10011B8873F711E89A86FAE8722E8321","ModuleTitle":"Biomaterials A","ModuleContact":{"Faculty":{"FacultyCode":"ENG","FacultyName":"Faculty of Engineering Sciences"},"Department":{"DepartmentCode":"MECHN_ENG","DepartmentName":"Mechanical Engineering"}},"ModuleValue":"7.5","ModuleStudyHours":"75","ModuleLearningHours":"20","ModuleSearchKeywords":"","Email":"mecheng.pg-queries@ucl.ac.uk","ModuleSuperGroup":"Biomaterials","CEFRLevel":"","ModuleInstance":{"AcademicYearCode":"2019","AcademicYearDescription":"2019/20 academic  year","ModuleInstanceDescription":"<p>\n\tThe first few lectures of this module present an overview of biomaterials, including the properties of natural biomaterials such as skin, bone, hair etc. Metallic biomaterials, including stainless steel and titanium are discussed. This is followed by a few lectures on other metallic alloys such as Co-Cr-Mo.&nbsp; The use of metals in orthopaedic prostheses for the knee, shoulder and hip as well as in fracture fixation devices are critically reviewed. An insight into the types of polymers and their potential applications as biomaterials is presented, including polymer devices.&nbsp; Using a case study (such as shape memory polymers) developmental stages during the design and synthesis of a biomedical polymer are elucidated.</p>\n<p>\n\tMethods of analysing biomedical polymeric materials from the laboratory to&nbsp;<em>in-vitro</em>&nbsp;testing are described. Examples of how degradation of polymeric materials can be useful or harmful to their surroundings and methods which have been developed to overcome such issues are discussed. Bioceramics are discussed in detail, including a case study on hydroxyapatite. A few lectures cover the development of composites for biomedical applications.</p>\n<p>\n\tThe module covers details of biomaterials processing, forming and relating manufacturing, this part will be supplemented by an industrial visit and the module is boosted by supplementary lectures from the Professor of Engineering and Surgery in the UCL Department of Mechanical Engineering.</p>\n<p>\n\t&nbsp;</p>\n","ModuleInstanceRestriction":"Only available to Term 1 only affiliate students","ModuleInstanceSubjectCollection":{"ModuleInstanceSubject":"Biomaterials"},"ModuleDeliveryCollection":{"ModuleDelivery":{"ModuleDeliveryIdentifier":"1010246673F711E89A86FAE8722E8321","LevelOfStudy":"Postgraduate","ModuleDeliveryPeriod":{"PeriodCode":"T1","PeriodTitle":"Term 1"},"AcademicLevel":{"AcademicLevelCode":"L7","AcademicLevelTitle":"FHEQ Level 7"},"ModuleDeliveryType":"","ModeOfStudy":"Face-to-face","ModuleDeliveryTutor":{"PersonIdentifier":"MJEDE48","Name":"Mohan Jayantha Edirisinghe","Email":""},"PreviousYearStudentCount":"5","NumberOfStudents":"5","ModuleDeliveryLocation":{"LocationIdentifier":"","LocationName":""},"ModuleDeliveryAssessment":{"AssessmentGroupCollection":{"@DefaultAssessmentGroup":"NULL","AssessmentGroup":[{"AssessmentGroupCode":"NULL","AssessmentGroupName":"","AssessmentComponentList":{"AssessmentComponent":[{"AssessmentComponentTitle":"Coursework two (1,800 words)","AssessmentComponentWeightPercentage":"35"},{"AssessmentComponentTitle":"Coursework three","AssessmentComponentWeightPercentage":"15"},{"AssessmentComponentTitle":"Coursework one (3,000 words)","AssessmentComponentWeightPercentage":"50"}]}},{"AssessmentGroupCode":"A","AssessmentGroupName":"","AssessmentComponentList":{"AssessmentComponent":[{"AssessmentComponentTitle":"Coursework three","AssessmentComponentWeightPercentage":"15"},{"AssessmentComponentTitle":"Coursework two (1,800 words)","AssessmentComponentWeightPercentage":"35"},{"AssessmentComponentTitle":"Coursework one (3,000 words)","AssessmentComponentWeightPercentage":"50"}]}}]}}}}}}}}