{"Response":{"Module":{"ModuleCode":"IRDR0016","ModuleIdentifier":"10217484DCD54D85ABA97AF6CCCE37A3","ModuleTitle":"Gender, Disaster and Conflict","ModuleContact":{"Faculty":{"FacultyCode":"MAP","FacultyName":"Faculty of Mathematical and Physical Sciences"},"Department":{"DepartmentCode":"EARTH_MAP","DepartmentName":"Earth Sciences"}},"ModuleValue":"15","ModuleStudyHours":"150","ModuleLearningHours":"40","ModuleSearchKeywords":"VULNERABILITY, RISK, DISASTER, GENDER, CONFLICT, HUMANITARIAN CRISES, RESILIENCE, POLICY","Email":"irdr-enquiries@ucl.ac.uk","ModuleSuperGroup":"","CEFRLevel":"","ModuleInstance":{"AcademicYearCode":"2019","AcademicYearDescription":"2019/20 academic  year","ModuleInstanceDescription":"<p class=\"p\" helvetica=\"\" lucida=\"\" style=\"margin: 0px 0px 1.5em; padding: 0px; border: 0px; outline: 0px; font-size: 16px; vertical-align: baseline; background-image: initial; background-position: 0px 0px; background-size: initial; background-repeat: initial; background-attachment: initial; background-origin: initial; background-clip: initial; color: rgb(51, 51, 51); font-family: \">\n\tThe module aims to advance students&rsquo; understanding around gender responsiveness in Disaster Risk Reduction (DRR) by analyzing the structural causes of vulnerabilities. This module also aims to enhance students&rsquo; knowledge and understanding on the links between gender, disaster and conflict. The module is divided into three parts. The first part will focus on theoretical debates around Gender, Disaster and Conflict. The second part will focus on policies and practices and the third part will focus on examining the real-life experiences of people living in conflict and disaster vulnerable countries and contexts.</p>\n<p class=\"p\" helvetica=\"\" lucida=\"\" style=\"margin: 0px 0px 1.5em; padding: 0px; border: 0px; outline: 0px; font-size: 16px; vertical-align: baseline; background-image: initial; background-position: 0px 0px; background-size: initial; background-repeat: initial; background-attachment: initial; background-origin: initial; background-clip: initial; color: rgb(51, 51, 51); font-family: \">\n\t<br />\n\tAs a student on this module, you will learn about the following topics through lectures, seminars and discussions:</p>\n<ul>\n\t<li helvetica=\"\" lucida=\"\" style=\"margin: 0px; padding: 0px; border: 0px; outline: 0px; font-size: 16px; vertical-align: baseline; background-image: initial; background-position: 0px 0px; background-size: initial; background-repeat: initial; background-attachment: initial; background-origin: initial; background-clip: initial; color: rgb(51, 51, 51); font-family: \">\n\t\tThe basic concept of gender and gender theories</li>\n\t<li helvetica=\"\" lucida=\"\" style=\"margin: 0px; padding: 0px; border: 0px; outline: 0px; font-size: 16px; vertical-align: baseline; background-image: initial; background-position: 0px 0px; background-size: initial; background-repeat: initial; background-attachment: initial; background-origin: initial; background-clip: initial; color: rgb(51, 51, 51); font-family: \">\n\t\tThe significance and the relevance of gender to DRR and humanitarian crisis</li>\n\t<li helvetica=\"\" lucida=\"\" style=\"margin: 0px; padding: 0px; border: 0px; outline: 0px; font-size: 16px; vertical-align: baseline; background-image: initial; background-position: 0px 0px; background-size: initial; background-repeat: initial; background-attachment: initial; background-origin: initial; background-clip: initial; color: rgb(51, 51, 51); font-family: \">\n\t\tThe relationships between gender, conflict and disaster Gender and Vulnerability Gender, Risk and Resilience</li>\n\t<li helvetica=\"\" lucida=\"\" style=\"margin: 0px; padding: 0px; border: 0px; outline: 0px; font-size: 16px; vertical-align: baseline; background-image: initial; background-position: 0px 0px; background-size: initial; background-repeat: initial; background-attachment: initial; background-origin: initial; background-clip: initial; color: rgb(51, 51, 51); font-family: \">\n\t\tThe inclusion of gender in national and global policy frameworks, for example, Sendai Framework; Sustainable Development Goals, UN Security Council Resolutions on Women, Peace and Security and National Action Plans Gendered impacts of conflict and disasters &ndash; case studies Gender responsive approaches to DRR&nbsp;</li>\n</ul>\n","ModuleInstanceRestriction":"","ModuleInstanceSubjectCollection":"","ModuleDeliveryCollection":{"ModuleDelivery":{"ModuleDeliveryIdentifier":"FA0E6AB8100B4E92986BD72AB6B94403","LevelOfStudy":"Postgraduate","ModuleDeliveryPeriod":{"PeriodCode":"T2","PeriodTitle":"Term 2"},"AcademicLevel":{"AcademicLevelCode":"L7","AcademicLevelTitle":"FHEQ Level 7"},"ModuleDeliveryType":"","ModeOfStudy":"Face-to-face","ModuleDeliveryTutor":{"PersonIdentifier":"PYADA89","Name":"Punam Kumari Yadav","Email":""},"PreviousYearStudentCount":"","NumberOfStudents":"20","ModuleDeliveryLocation":{"LocationIdentifier":"","LocationName":""},"ModuleDeliveryAssessment":{"AssessmentGroupCollection":{"@DefaultAssessmentGroup":"NULL","AssessmentGroup":[{"AssessmentGroupCode":"NULL","AssessmentGroupName":"","AssessmentComponentList":{"AssessmentComponent":[{"AssessmentComponentTitle":"Coursework two (1,800 words)","AssessmentComponentWeightPercentage":"35"},{"AssessmentComponentTitle":"Coursework three","AssessmentComponentWeightPercentage":"15"},{"AssessmentComponentTitle":"Coursework one (3,000 words)","AssessmentComponentWeightPercentage":"50"}]}},{"AssessmentGroupCode":"A","AssessmentGroupName":"","AssessmentComponentList":{"AssessmentComponent":[{"AssessmentComponentTitle":"Coursework three","AssessmentComponentWeightPercentage":"15"},{"AssessmentComponentTitle":"Coursework two (1,800 words)","AssessmentComponentWeightPercentage":"35"},{"AssessmentComponentTitle":"Coursework one (3,000 words)","AssessmentComponentWeightPercentage":"50"}]}}]}}}}}}}}