{"Response":{"Module":{"ModuleCode":"MECH0036","ModuleIdentifier":"102416C473F711E89A86FAE8722E8321","ModuleTitle":"Biofluids and Medical Devices","ModuleContact":{"Faculty":{"FacultyCode":"ENG","FacultyName":"Faculty of Engineering Sciences"},"Department":{"DepartmentCode":"MECHN_ENG","DepartmentName":"Mechanical Engineering"}},"ModuleValue":"15","ModuleStudyHours":"150","ModuleLearningHours":"40","ModuleSearchKeywords":"","Email":"mecheng.pg-queries@ucl.ac.uk","ModuleSuperGroup":"Biofluids and Medical Devices","CEFRLevel":"","ModuleInstance":{"AcademicYearCode":"2019","AcademicYearDescription":"2019/20 academic  year","ModuleInstanceDescription":"<p>\n\t<strong>Overview:</strong></p>\n<p>\n\tThe aim of this module is to apply the basic principles of fluid mechanics to the scientific understanding and modelling of fluid flow in physiological systems.</p>\n<p>\n\tMost of the module is devoted to the study of the blood flow in the cardiovascular system, but other fluid flow systems in the body may be analysed.</p>\n<p>\n\tThe first part of the module provides an introduction to fluid mechanics and its application to physiological models, to the rheological properties of blood, and an insight of the cardiovascular system and its modelling<strong>.</strong></p>\n<p>\n\tThe second part of the module aims at analysing the interaction between physiological flows and artificial systems, identifying the most important parameters to control in the design of medical devices.</p>\n<p>\n\tApplications to cardiovascular implantable devices such as artificial heart valves are examined.</p>\n<p>\n\tEmphasis is placed on a physical rather than mathematical understanding of the relevant phenomena, to allow a realistic appraisal of flow dynamics in the body. By the end of the module students will have a sound knowledge and understanding of fluid dynamics in physiological systems, and the interaction between physiological flows and medical devices.</p>\n<p>\n\t<strong>Topics covered:</strong></p>\n<ul>\n\t<li>\n\t\tCardiovascular physiology and disease</li>\n\t<li>\n\t\tFundamentals of fluid mechanics</li>\n\t<li>\n\t\tModelling</li>\n\t<li>\n\t\tCardiac fluid mechanics</li>\n\t<li>\n\t\tFlow measurement techniques</li>\n\t<li>\n\t\tRheology</li>\n\t<li>\n\t\tMedical devices</li>\n</ul>\n<p>\n\t&nbsp;</p>\n","ModuleInstanceRestriction":"","ModuleInstanceSubjectCollection":{"ModuleInstanceSubject":"Biomaterials"},"ModuleDeliveryCollection":{"ModuleDelivery":{"ModuleDeliveryIdentifier":"10331E6273F711E89A86FAE8722E8321","LevelOfStudy":"Postgraduate","ModuleDeliveryPeriod":{"PeriodCode":"T1/2","PeriodTitle":"Terms 1 and 2"},"AcademicLevel":{"AcademicLevelCode":"L7","AcademicLevelTitle":"FHEQ Level 7"},"ModuleDeliveryType":"","ModeOfStudy":"Face-to-face","ModuleDeliveryTutor":{"PersonIdentifier":"GBURR49","Name":"Gaetano Burriesci","Email":""},"PreviousYearStudentCount":"30","NumberOfStudents":"30","ModuleDeliveryLocation":{"LocationIdentifier":"","LocationName":""},"ModuleDeliveryAssessment":{"AssessmentGroupCollection":{"@DefaultAssessmentGroup":"NULL","AssessmentGroup":[{"AssessmentGroupCode":"NULL","AssessmentGroupName":"","AssessmentComponentList":{"AssessmentComponent":[{"AssessmentComponentTitle":"Coursework two (1,800 words)","AssessmentComponentWeightPercentage":"35"},{"AssessmentComponentTitle":"Coursework three","AssessmentComponentWeightPercentage":"15"},{"AssessmentComponentTitle":"Coursework one (3,000 words)","AssessmentComponentWeightPercentage":"50"}]}},{"AssessmentGroupCode":"A","AssessmentGroupName":"","AssessmentComponentList":{"AssessmentComponent":[{"AssessmentComponentTitle":"Coursework three","AssessmentComponentWeightPercentage":"15"},{"AssessmentComponentTitle":"Coursework two (1,800 words)","AssessmentComponentWeightPercentage":"35"},{"AssessmentComponentTitle":"Coursework one (3,000 words)","AssessmentComponentWeightPercentage":"50"}]}}]}}}}}}}}