{"Response":{"Module":{"ModuleCode":"CEGE0101","ModuleIdentifier":"10393D3673F411E89A86FAE8722E8321","ModuleTitle":"Structural Mechanics","ModuleContact":{"Faculty":{"FacultyCode":"ENG","FacultyName":"Faculty of Engineering Sciences"},"Department":{"DepartmentCode":"CIVLG_ENG","DepartmentName":"Civil, Environmental and Geomatic Engineering"}},"ModuleValue":"15","ModuleStudyHours":"150","ModuleLearningHours":"200","ModuleSearchKeywords":"STRUCTURAL ANALYSIS, NEWTON¿S LAWS, FREE BODY DIAGRAMS, PRINCIPLES OF EQUILIBRIUM, TRUSS, FRAME,","Email":"","ModuleSuperGroup":"","CEFRLevel":"","ModuleInstance":{"AcademicYearCode":"2019","AcademicYearDescription":"2019/20 academic  year","ModuleInstanceDescription":"<p>\n\tThis is an introduction to structural engineering. It teaches students to determine the expected behaviour under loading of several simple yet fundamental structural typologies such as statistically determinate frames and pin-jointed trusses. The module gives students an appreciation of how structural fit into the bigger picture of civil engineering design and provides them with fundamental tools and knowledge necessary to analyse and design structures.</p>\n<p>\n\tKey Deliverables:</p>\n<ul>\n\t<li>\n\t\tUnderstand Newton&rsquo;s laws</li>\n\t<li>\n\t\tUnderstand principles of equilibrium and draw &lsquo;Free Body Diagrams&rsquo;</li>\n\t<li>\n\t\tDifferentiate between statically determinate and indeterminate structures</li>\n\t<li>\n\t\tUnderstand the notion of linear elastic behaviour</li>\n\t<li>\n\t\tUnderstand the behaviour of different structural members and the forces they are subject to</li>\n\t<li>\n\t\tAnalyse statistically determinate pin jointed trusses</li>\n\t<li>\n\t\tCalculate and draw shear and bending moment diagrams in statically determinate beams</li>\n\t<li>\n\t\tCalculate stresses in beams due to shear and bending</li>\n\t<li>\n\t\tCalculate the deflection of statically determinate beams</li>\n\t<li>\n\t\tUnderstand the principle of virtual work</li>\n\t<li>\n\t\tApply the principle of virtual work to calculate deflection of trusses</li>\n\t<li>\n\t\tCalculate and draw shear and bending moment diagrams in statically determinate frames</li>\n\t<li>\n\t\tApply the principle of virtual work to calculate deflection of statically determinate frames</li>\n\t<li>\n\t\tUnderstand the methodology followed in the design of structural members¿</li>\n</ul>\n","ModuleInstanceRestriction":"","ModuleInstanceSubjectCollection":{"ModuleInstanceSubject":["Structural Engineering","Structural Mechanics","Civil and Environmental Engineering"]},"ModuleDeliveryCollection":{"ModuleDelivery":{"ModuleDeliveryIdentifier":"10478DDC73F411E89A86FAE8722E8321","LevelOfStudy":"Undergraduate","ModuleDeliveryPeriod":{"PeriodCode":"T1","PeriodTitle":"Term 1"},"AcademicLevel":{"AcademicLevelCode":"L4","AcademicLevelTitle":"FHEQ Level 4"},"ModuleDeliveryType":"","ModeOfStudy":"Face-to-face","ModuleDeliveryTutor":{"PersonIdentifier":"NASSI34","Name":"Arash Nassirpour Oskouei","Email":""},"PreviousYearStudentCount":"100","NumberOfStudents":"100","ModuleDeliveryLocation":{"LocationIdentifier":"","LocationName":""},"ModuleDeliveryAssessment":{"AssessmentGroupCollection":{"@DefaultAssessmentGroup":"NULL","AssessmentGroup":[{"AssessmentGroupCode":"NULL","AssessmentGroupName":"","AssessmentComponentList":{"AssessmentComponent":[{"AssessmentComponentTitle":"Coursework two (1,800 words)","AssessmentComponentWeightPercentage":"35"},{"AssessmentComponentTitle":"Coursework three","AssessmentComponentWeightPercentage":"15"},{"AssessmentComponentTitle":"Coursework one (3,000 words)","AssessmentComponentWeightPercentage":"50"}]}},{"AssessmentGroupCode":"A","AssessmentGroupName":"","AssessmentComponentList":{"AssessmentComponent":[{"AssessmentComponentTitle":"Coursework three","AssessmentComponentWeightPercentage":"15"},{"AssessmentComponentTitle":"Coursework two (1,800 words)","AssessmentComponentWeightPercentage":"35"},{"AssessmentComponentTitle":"Coursework one (3,000 words)","AssessmentComponentWeightPercentage":"50"}]}}]}}}}}}}}