{"Response":{"Module":{"ModuleCode":"XQML0010","ModuleIdentifier":"1056DC0673F911E89A86FAE8722E8321","ModuleTitle":"Queen Mary: Saladin, Richard the Lionheart and the Third Crusade","ModuleContact":{"Faculty":{"FacultyCode":"NFA","FacultyName":"No Faculty"},"Department":{"DepartmentCode":"ICQMY_NFA","DepartmentName":"Queen Mary"}},"ModuleValue":"60","ModuleStudyHours":"600","ModuleLearningHours":"","ModuleSearchKeywords":"","Email":"","ModuleSuperGroup":"","CEFRLevel":"","ModuleInstance":{"AcademicYearCode":"2019","AcademicYearDescription":"2019/20 academic  year","ModuleInstanceDescription":"","ModuleInstanceRestriction":"","ModuleInstanceSubjectCollection":"","ModuleDeliveryCollection":{"ModuleDelivery":{"ModuleDeliveryIdentifier":"1065F89473F911E89A86FAE8722E8321","LevelOfStudy":"Undergraduate","ModuleDeliveryPeriod":{"PeriodCode":"T1/2","PeriodTitle":"Terms 1 and 2"},"AcademicLevel":{"AcademicLevelCode":"L6","AcademicLevelTitle":"FHEQ Level 6"},"ModuleDeliveryType":"","ModeOfStudy":"Face-to-face","ModuleDeliveryTutor":{"PersonIdentifier":"","Name":"","Email":""},"PreviousYearStudentCount":"","NumberOfStudents":"0","ModuleDeliveryLocation":{"LocationIdentifier":"","LocationName":""},"ModuleDeliveryAssessment":{"AssessmentGroupCollection":{"@DefaultAssessmentGroup":"NULL","AssessmentGroup":[{"AssessmentGroupCode":"NULL","AssessmentGroupName":"","AssessmentComponentList":{"AssessmentComponent":[{"AssessmentComponentTitle":"Coursework two (1,800 words)","AssessmentComponentWeightPercentage":"35"},{"AssessmentComponentTitle":"Coursework three","AssessmentComponentWeightPercentage":"15"},{"AssessmentComponentTitle":"Coursework one (3,000 words)","AssessmentComponentWeightPercentage":"50"}]}},{"AssessmentGroupCode":"A","AssessmentGroupName":"","AssessmentComponentList":{"AssessmentComponent":[{"AssessmentComponentTitle":"Coursework three","AssessmentComponentWeightPercentage":"15"},{"AssessmentComponentTitle":"Coursework two (1,800 words)","AssessmentComponentWeightPercentage":"35"},{"AssessmentComponentTitle":"Coursework one (3,000 words)","AssessmentComponentWeightPercentage":"50"}]}}]}}}}}}}}