{"Response":{"Module":{"ModuleCode":"CEGE0102","ModuleIdentifier":"105BC48C73F411E89A86FAE8722E8321","ModuleTitle":"Professional Skills in Civil Engineering","ModuleContact":{"Faculty":{"FacultyCode":"ENG","FacultyName":"Faculty of Engineering Sciences"},"Department":{"DepartmentCode":"CIVLG_ENG","DepartmentName":"Civil, Environmental and Geomatic Engineering"}},"ModuleValue":"15","ModuleStudyHours":"150","ModuleLearningHours":"44","ModuleSearchKeywords":"PROFESSIONAL SKILLS, CIVIL ENGINEERING, DRAWING, AUTOCAD, SKETCHING, GIS","Email":"e.kedzierska@ucl.ac.uk","ModuleSuperGroup":"Professional Skills in Civil Engineering","CEFRLevel":"","ModuleInstance":{"AcademicYearCode":"2019","AcademicYearDescription":"2019/20 academic  year","ModuleInstanceDescription":"<p>\n\tThis module&nbsp;will introduce you&nbsp;to the civil engineering profession. In particular it will introduce commonly used tools, and the professional skillset and behaviors needed to be a successful civil engineer. Specific components will include, introduction to civil engineering, critical thinking/problem solving, team working, ethics for engineers, sourcing information and technical literature, visualization, introduction to engineering drawing, introduction to AutoCAD, introduction to Geographic information system (GIS), technical writing and presentation, industry standards/professional conduct. All material will be discipline-specific to Civil Engineering.</p>\n<p>\n\tThe aim of this module is for you to develop your awareness and knowledge of key professional skills required in&nbsp;Civil Engineering&nbsp;today. You will draw on these skills across a range of activities during your first year, including: Challenges, Scenarios A &amp; B, and&nbsp; the Lampeter surveying field course. The learning outcomes for this module relate directly to acquired knowledge in the main topic areas but also include the ability to self-appraise against a number of key development objectives, linked to the chartership process for civil engineers.</p>\n<p>\n\tThe course is delivered by lectures, drawing workshops and software practicals.</p>\n<p>\n\t&nbsp;</p>\n<p>\n\t&nbsp;</p>\n<p>\n\t&nbsp;</p>\n<p>\n\t&nbsp;</p>\n","ModuleInstanceRestriction":"","ModuleInstanceSubjectCollection":{"ModuleInstanceSubject":"Civil and Environmental Engineering"},"ModuleDeliveryCollection":{"ModuleDelivery":{"ModuleDeliveryIdentifier":"1095978473F411E89A86FAE8722E8321","LevelOfStudy":"Undergraduate","ModuleDeliveryPeriod":{"PeriodCode":"T1/2","PeriodTitle":"Terms 1 and 2"},"AcademicLevel":{"AcademicLevelCode":"L4","AcademicLevelTitle":"FHEQ Level 4"},"ModuleDeliveryType":"","ModeOfStudy":"Face-to-face","ModuleDeliveryTutor":{"PersonIdentifier":"AJELI24","Name":"Elizabeth Anne Jones","Email":""},"PreviousYearStudentCount":"100","NumberOfStudents":"100","ModuleDeliveryLocation":{"LocationIdentifier":"","LocationName":""},"ModuleDeliveryAssessment":{"AssessmentGroupCollection":{"@DefaultAssessmentGroup":"NULL","AssessmentGroup":[{"AssessmentGroupCode":"NULL","AssessmentGroupName":"","AssessmentComponentList":{"AssessmentComponent":[{"AssessmentComponentTitle":"Coursework two (1,800 words)","AssessmentComponentWeightPercentage":"35"},{"AssessmentComponentTitle":"Coursework three","AssessmentComponentWeightPercentage":"15"},{"AssessmentComponentTitle":"Coursework one (3,000 words)","AssessmentComponentWeightPercentage":"50"}]}},{"AssessmentGroupCode":"A","AssessmentGroupName":"","AssessmentComponentList":{"AssessmentComponent":[{"AssessmentComponentTitle":"Coursework three","AssessmentComponentWeightPercentage":"15"},{"AssessmentComponentTitle":"Coursework two (1,800 words)","AssessmentComponentWeightPercentage":"35"},{"AssessmentComponentTitle":"Coursework one (3,000 words)","AssessmentComponentWeightPercentage":"50"}]}}]}}}}}}}}