{"Response":{"Module":{"ModuleCode":"HIST0635","ModuleIdentifier":"1079FED273F611E89A86FAE8722E8321","ModuleTitle":"Crown Church and Estates in Central Europe 1500-1700 A","ModuleContact":{"Faculty":{"FacultyCode":"SHS","FacultyName":"Faculty of Social and Historical Sciences"},"Department":{"DepartmentCode":"HISTR_SHS","DepartmentName":"History"}},"ModuleValue":"15","ModuleStudyHours":"150","ModuleLearningHours":"20","ModuleSearchKeywords":"","Email":"","ModuleSuperGroup":"Crown Church and Estates in Central Europe 1500-17","CEFRLevel":"","ModuleInstance":{"AcademicYearCode":"2019","AcademicYearDescription":"2019/20 academic  year","ModuleInstanceDescription":"This module is for term 2 affiliate students only (students arriving in January).\n\nBy the end of the fifteenth century, the estate of nobility had accumulated substantial political power in Central Europe. Through the institutions of the local diets and counties, the nobilities had encroached upon the reserved rights of the crown and reinforced their legal jurisdiction over the peasantry. This course will examine how the newly-installed Habsburg rulers began the slow process of recovering the authority of the crown, which by the seventeenth century had not only obtained a high degree of confessional uniformity within its territories but had also completed the expulsion of the Turks from Central Europe.\n\nAlthough this paper concentrates on kingship, confession and noble estates in Central Europe (defined as the Austrian hereditary provinces and the lands of the Bohemian and Hungarian crowns, including Transylvania and Croatia), there will be some comparative study of relevant developments in surrounding territories, and attention will also be paid to the 'economic estates' of peasants and townsmen, to the alchemical and mystical concepts of government dominant in Central Europe at this time, to the Turkish wars, and to forms of government within the area of Turkish occupation.","ModuleInstanceRestriction":"","ModuleInstanceSubjectCollection":"","ModuleDeliveryCollection":{"ModuleDelivery":{"ModuleDeliveryIdentifier":"10886A0873F611E89A86FAE8722E8321","LevelOfStudy":"Undergraduate","ModuleDeliveryPeriod":{"PeriodCode":"T2","PeriodTitle":"Term 2"},"AcademicLevel":{"AcademicLevelCode":"L6","AcademicLevelTitle":"FHEQ Level 6"},"ModuleDeliveryType":"","ModeOfStudy":"Face-to-face","ModuleDeliveryTutor":{"PersonIdentifier":"MCRAD30","Name":"Martyn Charles Rady","Email":""},"PreviousYearStudentCount":"5","NumberOfStudents":"5","ModuleDeliveryLocation":{"LocationIdentifier":"","LocationName":""},"ModuleDeliveryAssessment":{"AssessmentGroupCollection":{"@DefaultAssessmentGroup":"NULL","AssessmentGroup":[{"AssessmentGroupCode":"NULL","AssessmentGroupName":"","AssessmentComponentList":{"AssessmentComponent":[{"AssessmentComponentTitle":"Coursework two (1,800 words)","AssessmentComponentWeightPercentage":"35"},{"AssessmentComponentTitle":"Coursework three","AssessmentComponentWeightPercentage":"15"},{"AssessmentComponentTitle":"Coursework one (3,000 words)","AssessmentComponentWeightPercentage":"50"}]}},{"AssessmentGroupCode":"A","AssessmentGroupName":"","AssessmentComponentList":{"AssessmentComponent":[{"AssessmentComponentTitle":"Coursework three","AssessmentComponentWeightPercentage":"15"},{"AssessmentComponentTitle":"Coursework two (1,800 words)","AssessmentComponentWeightPercentage":"35"},{"AssessmentComponentTitle":"Coursework one (3,000 words)","AssessmentComponentWeightPercentage":"50"}]}}]}}}}}}}}