{"Response":{"Module":{"ModuleCode":"MECH0039","ModuleIdentifier":"108D2F4273F711E89A86FAE8722E8321","ModuleTitle":"Biomechanics and Biostructures A","ModuleContact":{"Faculty":{"FacultyCode":"ENG","FacultyName":"Faculty of Engineering Sciences"},"Department":{"DepartmentCode":"MECHN_ENG","DepartmentName":"Mechanical Engineering"}},"ModuleValue":"7.5","ModuleStudyHours":"75","ModuleLearningHours":"20","ModuleSearchKeywords":"","Email":"mecheng.pg-queries@ucl.ac.uk","ModuleSuperGroup":"Biomechanics and Biostructures","CEFRLevel":"","ModuleInstance":{"AcademicYearCode":"2019","AcademicYearDescription":"2019/20 academic  year","ModuleInstanceDescription":"<p>\n\t<em>This description relates to the full year version of the module. Only the topics and content that is taught in Term 1 will be covered in this module.</em></p>\n<p>\n\tThis module is intended to provide an introduction to the principles of biomechanics and the structures of biological tissues. It covers the basic anatomy and physiology of the human body, the hierarchical levels of the structures of biological tissues, the mechanical behaviour of the human body. It also discusses the structure and functional relationship in tissues, and the applications of stress and strain analysis applied to biological tissues.</p>\n<p>\n\tLecture topics include:</p>\n<ul>\n\t<li>\n\t\tStructural Organisation of the Human Body</li>\n\t<li>\n\t\tFundamental Mechanics</li>\n\t<li>\n\t\tBiomechanics of Bone</li>\n\t<li>\n\t\tArticular Cartilage</li>\n\t<li>\n\t\tSkeletal Muscle</li>\n\t<li>\n\t\tSpine, Friction/Lubrication/Wear at the Joints</li>\n\t<li>\n\t\tBiomechanics of Joint Replacement</li>\n\t<li>\n\t\tBasic Cell Biology</li>\n\t<li>\n\t\tHistology</li>\n</ul>\n<p>\n\t&nbsp;</p>\n","ModuleInstanceRestriction":"Only available to Term 1 only affiliate students","ModuleInstanceSubjectCollection":{"ModuleInstanceSubject":"Biomaterials"},"ModuleDeliveryCollection":{"ModuleDelivery":{"ModuleDeliveryIdentifier":"109BC6C473F711E89A86FAE8722E8321","LevelOfStudy":"Postgraduate","ModuleDeliveryPeriod":{"PeriodCode":"T1","PeriodTitle":"Term 1"},"AcademicLevel":{"AcademicLevelCode":"L7","AcademicLevelTitle":"FHEQ Level 7"},"ModuleDeliveryType":"","ModeOfStudy":"Face-to-face","ModuleDeliveryTutor":{"PersonIdentifier":"JHUAN03","Name":"Jie Huang","Email":""},"PreviousYearStudentCount":"5","NumberOfStudents":"5","ModuleDeliveryLocation":{"LocationIdentifier":"","LocationName":""},"ModuleDeliveryAssessment":{"AssessmentGroupCollection":{"@DefaultAssessmentGroup":"NULL","AssessmentGroup":[{"AssessmentGroupCode":"NULL","AssessmentGroupName":"","AssessmentComponentList":{"AssessmentComponent":[{"AssessmentComponentTitle":"Coursework two (1,800 words)","AssessmentComponentWeightPercentage":"35"},{"AssessmentComponentTitle":"Coursework three","AssessmentComponentWeightPercentage":"15"},{"AssessmentComponentTitle":"Coursework one (3,000 words)","AssessmentComponentWeightPercentage":"50"}]}},{"AssessmentGroupCode":"A","AssessmentGroupName":"","AssessmentComponentList":{"AssessmentComponent":[{"AssessmentComponentTitle":"Coursework three","AssessmentComponentWeightPercentage":"15"},{"AssessmentComponentTitle":"Coursework two (1,800 words)","AssessmentComponentWeightPercentage":"35"},{"AssessmentComponentTitle":"Coursework one (3,000 words)","AssessmentComponentWeightPercentage":"50"}]}}]}}}}}}}}