{"Response":{"Module":{"ModuleCode":"HIST0636","ModuleIdentifier":"109BFE9273F611E89A86FAE8722E8321","ModuleTitle":"Successors to the Habsburgs: East-Central Europe, 1914-1945 A","ModuleContact":{"Faculty":{"FacultyCode":"SHS","FacultyName":"Faculty of Social and Historical Sciences"},"Department":{"DepartmentCode":"HISTR_SHS","DepartmentName":"History"}},"ModuleValue":"15","ModuleStudyHours":"150","ModuleLearningHours":"20","ModuleSearchKeywords":"","Email":"","ModuleSuperGroup":"Successors to the Habsburgs: East-Central Europe, ","CEFRLevel":"","ModuleInstance":{"AcademicYearCode":"2019","AcademicYearDescription":"2019/20 academic  year","ModuleInstanceDescription":"This module is for term 2 affiliate students only (students arriving in January).\n\nThis course investigates the problems caused by the collapse of Austria-Hungary and the creation of new states in East-Central Europe (Austria, Czechoslovakia, Hungary, Poland, Romania, Yugoslavia). These Habsburg `successor¿ states were burdened with nationality problems as complex as those of the former Empire and were constantly under threat of territorial revision. In addition, these states lacked strong traditions of representative government and faced serious social and economic problems which were further aggravated by the onset of the Depression. They thus fell easy prey to authoritarian solutions and looked for support to the Great Powers who in turn sought to influence events within these countries. The history of these states thus tends to follow a similar pattern: a brief experiment with democracy after the First World War followed by the imposition of authoritarian rule; competition between authoritarian rulers and fascist movements in the 1930s; competition with one another in foreign policy; German occupation; war and communist takeover. Weekly seminars will be structured around both individual `country histories¿ and themes common to all the `successor¿ states, together with a study of the interaction between these states and the Great Powers.","ModuleInstanceRestriction":"","ModuleInstanceSubjectCollection":"","ModuleDeliveryCollection":{"ModuleDelivery":{"ModuleDeliveryIdentifier":"10AA87C873F611E89A86FAE8722E8321","LevelOfStudy":"Undergraduate","ModuleDeliveryPeriod":{"PeriodCode":"T2","PeriodTitle":"Term 2"},"AcademicLevel":{"AcademicLevelCode":"L6","AcademicLevelTitle":"FHEQ Level 6"},"ModuleDeliveryType":"","ModeOfStudy":"Face-to-face","ModuleDeliveryTutor":{"PersonIdentifier":"RAHAY20","Name":"Rebecca Ann Haynes","Email":""},"PreviousYearStudentCount":"5","NumberOfStudents":"5","ModuleDeliveryLocation":{"LocationIdentifier":"","LocationName":""},"ModuleDeliveryAssessment":{"AssessmentGroupCollection":{"@DefaultAssessmentGroup":"NULL","AssessmentGroup":[{"AssessmentGroupCode":"NULL","AssessmentGroupName":"","AssessmentComponentList":{"AssessmentComponent":[{"AssessmentComponentTitle":"Coursework two (1,800 words)","AssessmentComponentWeightPercentage":"35"},{"AssessmentComponentTitle":"Coursework three","AssessmentComponentWeightPercentage":"15"},{"AssessmentComponentTitle":"Coursework one (3,000 words)","AssessmentComponentWeightPercentage":"50"}]}},{"AssessmentGroupCode":"A","AssessmentGroupName":"","AssessmentComponentList":{"AssessmentComponent":[{"AssessmentComponentTitle":"Coursework three","AssessmentComponentWeightPercentage":"15"},{"AssessmentComponentTitle":"Coursework two (1,800 words)","AssessmentComponentWeightPercentage":"35"},{"AssessmentComponentTitle":"Coursework one (3,000 words)","AssessmentComponentWeightPercentage":"50"}]}}]}}}}}}}}