{"Response":{"Module":{"ModuleCode":"MECH0040","ModuleIdentifier":"10AFB5D073F711E89A86FAE8722E8321","ModuleTitle":"Applications of Biomedical Engineering","ModuleContact":{"Faculty":{"FacultyCode":"ENG","FacultyName":"Faculty of Engineering Sciences"},"Department":{"DepartmentCode":"MECHN_ENG","DepartmentName":"Mechanical Engineering"}},"ModuleValue":"15","ModuleStudyHours":"150","ModuleLearningHours":"52","ModuleSearchKeywords":"","Email":"mecheng.pg-queries@ucl.ac.uk","ModuleSuperGroup":"Applications of Biomedical Engineering","CEFRLevel":"","ModuleInstance":{"AcademicYearCode":"2019","AcademicYearDescription":"2019/20 academic  year","ModuleInstanceDescription":"<p>\n\t<strong>Overview:</strong></p>\n<p>\n\tThis module aims to impart knowledge of the latest applications in the wide area of biomedical engineering such as drug delivery, cardiovascular engineering, biophysics, dental materials, and orthopaedic engineering.&nbsp;The lectures are delivered by UCL lecturers and other visiting experts. The module will include contributions from the Orthopaedic Research UK, UCL School of Pharmacy, Eastman Dental Institute, UK industry, foreign &amp; UK university&nbsp; visiting speakers, UCL visiting and honorary professors and research &amp; academic staff from the Department of Mechanical Engineering.</p>\n<p>\n\tExamples of components delivered under the theme of this module include:</p>\n<p>\n\t<strong>Drug Delivery &amp; Targeting:&nbsp;</strong>This series of lectures includes the general principle and state-of-the-art of drug delivery and targeting and is delivered by the UCL School of Pharmacy. Several new methods useful for drug delivery capsule preparation, scaffold deposition, multilayer coating and microbubbling have been developed in the Department of Mechanical&nbsp; Engineering at UCL. A summary of these new developments is described in other lectures. This later section also includes laboratory demonstrations and these are compulsory.</p>\n<p>\n\t<strong>Cardiovascular Engineering:</strong>&nbsp;This part of the module looks at the heart as a complex and efficient electrically-controlled mechanical pump. We investigate its function from a mechanical point of view and consider the implications of various heart diseases. We then review ways in which engineers have attempted to restore the performance of weakened or failing hearts. Students investigate these issues using a computer-based model of the cardiovascular system. Topics covered include: Cardiovascular mechanics, Modelling heart diseases and their consequences, Cardiac assist devices and pacemakers.</p>\n<p>\n\t<strong>Biophysics</strong>: These lectures endeavour to cover the current&nbsp;<em>status quo</em>&nbsp;and on-going developmental studies carried out with a molecular biology approach, which has exploited the physical sciences. The course introduces, in particular&nbsp;and in detail, all the associated fundamentals of florescent activated cell sorting (FACScan) with particular emphasis on flow cytometry, thus covering all the closely linked science and technology connected with both hydrodynamics (fluid focusing) and lasers to those novel approaches for de-clustering/agglomerating cellular clumps through advances in fluid dynamics.</p>\n<p>\n\tThe module not only introduces research and developmental aspects of florescent activated cell sorting, but proceeds to demonstrate medical relevance for a wide range of cellular/tissue malignancies in a clinical setting.</p>\n<p>\n\t&nbsp;</p>\n","ModuleInstanceRestriction":"","ModuleInstanceSubjectCollection":"","ModuleDeliveryCollection":{"ModuleDelivery":[{"ModuleDeliveryIdentifier":"10D6582073F711E89A86FAE8722E8321","LevelOfStudy":"Undergraduate","ModuleDeliveryPeriod":{"PeriodCode":"T1/2","PeriodTitle":"Terms 1 and 2"},"AcademicLevel":{"AcademicLevelCode":"L7","AcademicLevelTitle":"FHEQ Level 7"},"ModuleDeliveryType":"","ModeOfStudy":"Face-to-face","ModuleDeliveryTutor":{"PersonIdentifier":"MJEDE48","Name":"Mohan Jayantha Edirisinghe","Email":""},"PreviousYearStudentCount":"10","NumberOfStudents":"10","ModuleDeliveryLocation":{"LocationIdentifier":"","LocationName":""},"ModuleDeliveryAssessment":{"AssessmentGroupCollection":{"@DefaultAssessmentGroup":"NULL","AssessmentGroup":[{"AssessmentGroupCode":"NULL","AssessmentGroupName":"","AssessmentComponentList":{"AssessmentComponent":[{"AssessmentComponentTitle":"Coursework two (1,800 words)","AssessmentComponentWeightPercentage":"35"},{"AssessmentComponentTitle":"Coursework three","AssessmentComponentWeightPercentage":"15"},{"AssessmentComponentTitle":"Coursework one (3,000 words)","AssessmentComponentWeightPercentage":"50"}]}},{"AssessmentGroupCode":"A","AssessmentGroupName":"","AssessmentComponentList":{"AssessmentComponent":[{"AssessmentComponentTitle":"Coursework three","AssessmentComponentWeightPercentage":"15"},{"AssessmentComponentTitle":"Coursework two (1,800 words)","AssessmentComponentWeightPercentage":"35"},{"AssessmentComponentTitle":"Coursework one (3,000 words)","AssessmentComponentWeightPercentage":"50"}]}}]}}},{"ModuleDeliveryIdentifier":"10BF9D9273F711E89A86FAE8722E8321","LevelOfStudy":"Postgraduate","ModuleDeliveryPeriod":{"PeriodCode":"T1/2","PeriodTitle":"Terms 1 and 2"},"AcademicLevel":{"AcademicLevelCode":"L7","AcademicLevelTitle":"FHEQ Level 7"},"ModuleDeliveryType":"","ModeOfStudy":"Face-to-face","ModuleDeliveryTutor":{"PersonIdentifier":"MJEDE48","Name":"Mohan Jayantha Edirisinghe","Email":""},"PreviousYearStudentCount":"45","NumberOfStudents":"45","ModuleDeliveryLocation":{"LocationIdentifier":"","LocationName":""},"ModuleDeliveryAssessment":{"AssessmentGroupCollection":{"@DefaultAssessmentGroup":"NULL","AssessmentGroup":[{"AssessmentGroupCode":"NULL","AssessmentGroupName":"","AssessmentComponentList":{"AssessmentComponent":[{"AssessmentComponentTitle":"Coursework two (1,800 words)","AssessmentComponentWeightPercentage":"35"},{"AssessmentComponentTitle":"Coursework three","AssessmentComponentWeightPercentage":"15"},{"AssessmentComponentTitle":"Coursework one (3,000 words)","AssessmentComponentWeightPercentage":"50"}]}},{"AssessmentGroupCode":"A","AssessmentGroupName":"","AssessmentComponentList":{"AssessmentComponent":[{"AssessmentComponentTitle":"Coursework three","AssessmentComponentWeightPercentage":"15"},{"AssessmentComponentTitle":"Coursework two (1,800 words)","AssessmentComponentWeightPercentage":"35"},{"AssessmentComponentTitle":"Coursework one (3,000 words)","AssessmentComponentWeightPercentage":"50"}]}}]}}}]}}}}}