{"Response":{"Module":{"ModuleCode":"HIST0637","ModuleIdentifier":"10BE4C2C73F611E89A86FAE8722E8321","ModuleTitle":"Poland and Lithuania Transformed, 1569 B","ModuleContact":{"Faculty":{"FacultyCode":"SHS","FacultyName":"Faculty of Social and Historical Sciences"},"Department":{"DepartmentCode":"HISTR_SHS","DepartmentName":"History"}},"ModuleValue":"15","ModuleStudyHours":"150","ModuleLearningHours":"20","ModuleSearchKeywords":"","Email":"","ModuleSuperGroup":"The Fall and Rise of the Polish Nation, 1648-1921","CEFRLevel":"","ModuleInstance":{"AcademicYearCode":"2019","AcademicYearDescription":"2019/20 academic  year","ModuleInstanceDescription":"<p>\n\tThis module is for term 2 affiliate students only (students arriving in January). This course charts the changing meanings of &lsquo;Poland&rsquo; and &lsquo;Polish&rsquo; over an extended period, the protracted decline and fall of one &lsquo;Polish&rsquo; state and the extended struggle to resurrect another, as well as the social and cultural transformations affecting the people who were at various times considered to constitute the &lsquo;Polish nation&rsquo;. It does so in the context of changing Jewish, &lsquo;Lithuanian&rsquo; and &lsquo;Ruthenian/Ukrainian&rsquo; identities, whose threads intertwined with, and were later painfully disentangled from, those of &lsquo;Poland&rsquo;. The course begins with an exploration of the ethnically and religiously variegated &lsquo;Commonwealth of the Two Nations, Polish and Lithuanian&rsquo;, at the zenith of its prestige and territorial extent in 1648. It then analyses the impact of of seven disastrous decades of warfare, paying special attention to the confessional and national identities of the Commonwealth&rsquo;s citizens, especially the role of &lsquo;Sarmatian&rsquo; culture. Calls for reform gathered strength from about 1730, including the reconsideration and reconfiguration of the idea of the nation, to include, ultimately, all inhabitants of the Commonwealth. Before this vision could be effected, the Commonwealth had been partitioned. The implications for &lsquo;Poland&rsquo; of armed efforts to resurrect the state, the debate on the peasantry, as well as the efforts undertaken to protect and encourage the spread of Polish culture, and to shape and inculcate a national memory, will be the focus of the next part of the course. The failure of the uprising of 1863-64 soon led to further reconfigurations of the nation in an age of rapid population growth and industrialization. In the harsh world of pseudo-Darwinian competition between nations, and faced with the siren calls of internationalist socialism, the &lsquo;modernization&rsquo; of a population into a self-conscious &lsquo;nation&rsquo; seemed more necessary than ever to many nationalists. The final part of the course examines the ideologies and programmes of Polish political groupings, notably the National Democrats and the Socialists, on the eve of the First World War and the struggle to achieve them in the course of Poland&rsquo;s resurrection in 1914-21.</p>\n","ModuleInstanceRestriction":"","ModuleInstanceSubjectCollection":"","ModuleDeliveryCollection":{"ModuleDelivery":{"ModuleDeliveryIdentifier":"10CDAA1E73F611E89A86FAE8722E8321","LevelOfStudy":"Undergraduate","ModuleDeliveryPeriod":{"PeriodCode":"T2","PeriodTitle":"Term 2"},"AcademicLevel":{"AcademicLevelCode":"L6","AcademicLevelTitle":"FHEQ Level 6"},"ModuleDeliveryType":"","ModeOfStudy":"Face-to-face","ModuleDeliveryTutor":{"PersonIdentifier":"TLORM79","Name":"Thomas Anselm Lorman","Email":""},"PreviousYearStudentCount":"5","NumberOfStudents":"5","ModuleDeliveryLocation":{"LocationIdentifier":"","LocationName":""},"ModuleDeliveryAssessment":{"AssessmentGroupCollection":{"@DefaultAssessmentGroup":"NULL","AssessmentGroup":[{"AssessmentGroupCode":"NULL","AssessmentGroupName":"","AssessmentComponentList":{"AssessmentComponent":[{"AssessmentComponentTitle":"Coursework two (1,800 words)","AssessmentComponentWeightPercentage":"35"},{"AssessmentComponentTitle":"Coursework three","AssessmentComponentWeightPercentage":"15"},{"AssessmentComponentTitle":"Coursework one (3,000 words)","AssessmentComponentWeightPercentage":"50"}]}},{"AssessmentGroupCode":"A","AssessmentGroupName":"","AssessmentComponentList":{"AssessmentComponent":[{"AssessmentComponentTitle":"Coursework three","AssessmentComponentWeightPercentage":"15"},{"AssessmentComponentTitle":"Coursework two (1,800 words)","AssessmentComponentWeightPercentage":"35"},{"AssessmentComponentTitle":"Coursework one (3,000 words)","AssessmentComponentWeightPercentage":"50"}]}}]}}}}}}}}