{"Response":{"Module":{"ModuleCode":"CEGE0103","ModuleIdentifier":"10C1C39073F411E89A86FAE8722E8321","ModuleTitle":"Urban Railway Business Management","ModuleContact":{"Faculty":{"FacultyCode":"ENG","FacultyName":"Faculty of Engineering Sciences"},"Department":{"DepartmentCode":"CIVLG_ENG","DepartmentName":"Civil, Environmental and Geomatic Engineering"}},"ModuleValue":"15","ModuleStudyHours":"150","ModuleLearningHours":"20","ModuleSearchKeywords":"URBAN, RAILWAY, BUSINES MODELS, MANAGEMENT,","Email":"cege-pg-admissions@ucl.ac.uk","ModuleSuperGroup":"","CEFRLevel":"","ModuleInstance":{"AcademicYearCode":"2019","AcademicYearDescription":"2019/20 academic  year","ModuleInstanceDescription":"<p>\n\tThe student will gain basic skills and knowledge required in business management of urban railways. The module has emphasis on innovation and changing the ways of running businesses because the rail industry is old with a business-as-usual culture and there are many opportunities to exploit.</p>\n<p>\n\tBy the end of the course, the student should be able to:</p>\n<ul>\n\t<li>\n\t\tIdentify opportunities to create new businesses and/or to change the ways of running businesses within the urban rail industry with strategic views in consideration of non-railway economic, social and technical environments and opportunities.</li>\n\t<li>\n\t\tUse appropriate methods for management in urban railway businesses.</li>\n</ul>\n<p>\n\tBelow are indicative lecture topics:</p>\n<p>\n\t<strong>Principle Cluster</strong></p>\n<ul>\n\t<li>\n\t\tIntroduction: Opportunities around mass transport systems&nbsp;</li>\n\t<li>\n\t\tIntegration with other transport modes, city planning and other social/economic opportunities</li>\n\t<li>\n\t\tTechnology and innovation in railways</li>\n\t<li>\n\t\tRailway Business Models (Comparing railway business models around the world, and Emerging business models)&nbsp;</li>\n\t<li>\n\t\tRail Industry Business&amp;Finance Structure and Opportunities</li>\n</ul>\n<p>\n\t<strong>Financing and Appraisal Cluster</strong></p>\n<ul>\n\t<li>\n\t\tRailway Finance Models</li>\n\t<li>\n\t\tTransport Project Appraisal by Governments</li>\n\t<li>\n\t\tYield Development (learning from the aviation industry)</li>\n</ul>\n<p>\n\tUsing the skills and knowledge obtained in the module, the student will develop a business plan. There will be three outputs:</p>\n<ul>\n\t<li>\n\t\tInterim presentation: Core idea and market</li>\n\t<li>\n\t\tScheme presentation: Scheme details</li>\n\t<li>\n\t\tFinal report &nbsp;</li>\n</ul>\n<p>\n\tThe presentations will be opportunities for students to obtain comments and suggestions which help them further develop their plan.</p>\n","ModuleInstanceRestriction":"","ModuleInstanceSubjectCollection":{"ModuleInstanceSubject":"Urban Railways"},"ModuleDeliveryCollection":{"ModuleDelivery":{"ModuleDeliveryIdentifier":"10D05B5873F411E89A86FAE8722E8321","LevelOfStudy":"Postgraduate","ModuleDeliveryPeriod":{"PeriodCode":"T2","PeriodTitle":"Term 2"},"AcademicLevel":{"AcademicLevelCode":"L7","AcademicLevelTitle":"FHEQ Level 7"},"ModuleDeliveryType":"","ModeOfStudy":"Face-to-face","ModuleDeliveryTutor":{"PersonIdentifier":"TFUJI93","Name":"Taku Fujiyama","Email":""},"PreviousYearStudentCount":"20","NumberOfStudents":"20","ModuleDeliveryLocation":{"LocationIdentifier":"","LocationName":""},"ModuleDeliveryAssessment":{"AssessmentGroupCollection":{"@DefaultAssessmentGroup":"NULL","AssessmentGroup":[{"AssessmentGroupCode":"NULL","AssessmentGroupName":"","AssessmentComponentList":{"AssessmentComponent":[{"AssessmentComponentTitle":"Coursework two (1,800 words)","AssessmentComponentWeightPercentage":"35"},{"AssessmentComponentTitle":"Coursework three","AssessmentComponentWeightPercentage":"15"},{"AssessmentComponentTitle":"Coursework one (3,000 words)","AssessmentComponentWeightPercentage":"50"}]}},{"AssessmentGroupCode":"A","AssessmentGroupName":"","AssessmentComponentList":{"AssessmentComponent":[{"AssessmentComponentTitle":"Coursework three","AssessmentComponentWeightPercentage":"15"},{"AssessmentComponentTitle":"Coursework two (1,800 words)","AssessmentComponentWeightPercentage":"35"},{"AssessmentComponentTitle":"Coursework one (3,000 words)","AssessmentComponentWeightPercentage":"50"}]}}]}}}}}}}}