{"Response":{"Module":{"ModuleCode":"CEGE0104","ModuleIdentifier":"10E3B6B273F411E89A86FAE8722E8321","ModuleTitle":"Urban Railways in Global Contexts","ModuleContact":{"Faculty":{"FacultyCode":"ENG","FacultyName":"Faculty of Engineering Sciences"},"Department":{"DepartmentCode":"CIVLG_ENG","DepartmentName":"Civil, Environmental and Geomatic Engineering"}},"ModuleValue":"15","ModuleStudyHours":"150","ModuleLearningHours":"36","ModuleSearchKeywords":"PROBLEM-BASED LEARNING, RAILWAY DESIGNS","Email":"cege-pg-admissions@ucl.ac.uk","ModuleSuperGroup":"","CEFRLevel":"","ModuleInstance":{"AcademicYearCode":"2019","AcademicYearDescription":"2019/20 academic  year","ModuleInstanceDescription":"<p>\n\tThis is a week-long intensive module with problem-based learning. Students work in teams on an urban railway project outside the UK. On the module, students need to, on their own, solve complex problems and develop plans, while they are given opportunities to consult with a team of tutors that include guest lecturers from the country of the case study. It is a self-working/learning module with responsive help from tutors. The task will be set in the Monday morning, and students need to produce project schemes by the end of Friday of the same week (Coursework 1). Students will have no lecture of other modules during the week. After submission of Coursework 1, each student will continue working on a specific issue agreed by subject tutors and submit a report (Coursework 2).</p>\n<p>\n\tThe student will learn skills to put their railway-related expertise into practice through interdisciplinary and design-centred project-based learning experience. In practice, urban railway planners and engineers always face data scarcity and conditions that are more complex than what textbook theories and approaches assume, and this module ensures that students will be able to address such challenges. &nbsp;&nbsp;&nbsp;</p>\n","ModuleInstanceRestriction":"","ModuleInstanceSubjectCollection":"","ModuleDeliveryCollection":{"ModuleDelivery":{"ModuleDeliveryIdentifier":"110664C873F411E89A86FAE8722E8321","LevelOfStudy":"Postgraduate","ModuleDeliveryPeriod":{"PeriodCode":"T2","PeriodTitle":"Term 2"},"AcademicLevel":{"AcademicLevelCode":"L7","AcademicLevelTitle":"FHEQ Level 7"},"ModuleDeliveryType":"","ModeOfStudy":"Face-to-face","ModuleDeliveryTutor":{"PersonIdentifier":"TFUJI93","Name":"Taku Fujiyama","Email":""},"PreviousYearStudentCount":"20","NumberOfStudents":"20","ModuleDeliveryLocation":{"LocationIdentifier":"","LocationName":""},"ModuleDeliveryAssessment":{"AssessmentGroupCollection":{"@DefaultAssessmentGroup":"NULL","AssessmentGroup":[{"AssessmentGroupCode":"NULL","AssessmentGroupName":"","AssessmentComponentList":{"AssessmentComponent":[{"AssessmentComponentTitle":"Coursework two (1,800 words)","AssessmentComponentWeightPercentage":"35"},{"AssessmentComponentTitle":"Coursework three","AssessmentComponentWeightPercentage":"15"},{"AssessmentComponentTitle":"Coursework one (3,000 words)","AssessmentComponentWeightPercentage":"50"}]}},{"AssessmentGroupCode":"A","AssessmentGroupName":"","AssessmentComponentList":{"AssessmentComponent":[{"AssessmentComponentTitle":"Coursework three","AssessmentComponentWeightPercentage":"15"},{"AssessmentComponentTitle":"Coursework two (1,800 words)","AssessmentComponentWeightPercentage":"35"},{"AssessmentComponentTitle":"Coursework one (3,000 words)","AssessmentComponentWeightPercentage":"50"}]}}]}}}}}}}}