{"Response":{"Module":{"ModuleCode":"ELEC0018","ModuleIdentifier":"110384F073F511E89A86FAE8722E8321","ModuleTitle":"Introduction to Nanotechnology","ModuleContact":{"Faculty":{"FacultyCode":"ENG","FacultyName":"Faculty of Engineering Sciences"},"Department":{"DepartmentCode":"ELECN_ENG","DepartmentName":"Electronic and Electrical Engineering"}},"ModuleValue":"15","ModuleStudyHours":"150","ModuleLearningHours":"0","ModuleSearchKeywords":"","Email":"ugadmin@ee.ucl.ac.uk","ModuleSuperGroup":"","CEFRLevel":"","ModuleInstance":{"AcademicYearCode":"2019","AcademicYearDescription":"2019/20 academic  year","ModuleInstanceDescription":"<p>\n\tThe aim of this course is to introduce engineering students to the materials, methodology and applications for the topic known as &lsquo;nanotechnology&rsquo;, that is the application of nanometre scale material and devices for Engineering.</p>\n<div>\n\tUpon completion of this module students should be able to:</div>\n<ul>\n\t<li>\n\t\tUnderstand materials at the nanoscale.</li>\n\t<li>\n\t\tAcquire an insight into nanoscale devices for electronic, photonic, magnetic, mechanical, chemical and biological uses.</li>\n\t<li>\n\t\tBe familiar with differing methodologies for building nanoscale devices;</li>\n\t<li>\n\t\tUnderstand issues associated with scaling and the needs of manufacturing with regard to nanoscale materials and devices in all fields of Engineering;</li>\n\t<li>\n\t\tConsider different methods and techniques for characterising nanomaterials and nanoscale devices;</li>\n\t<li>\n\t\tConsider key future nanotechnology enabled technologies;</li>\n\t<li>\n\t\tThrough case studies, consider the impact of nanotechnology on selected Engineering topics;</li>\n\t<li>\n\t\tPractically use scanning probe methods to visulize the nanoscale</li>\n</ul>\n","ModuleInstanceRestriction":"","ModuleInstanceSubjectCollection":"","ModuleDeliveryCollection":{"ModuleDelivery":{"ModuleDeliveryIdentifier":"1112A6F673F511E89A86FAE8722E8321","LevelOfStudy":"Undergraduate","ModuleDeliveryPeriod":{"PeriodCode":"T2","PeriodTitle":"Term 2"},"AcademicLevel":{"AcademicLevelCode":"L5","AcademicLevelTitle":"FHEQ Level 5"},"ModuleDeliveryType":"","ModeOfStudy":"Face-to-face","ModuleDeliveryTutor":{"PersonIdentifier":"RBJAC40","Name":"Richard Brett Jackman","Email":""},"PreviousYearStudentCount":"40","NumberOfStudents":"40","ModuleDeliveryLocation":{"LocationIdentifier":"","LocationName":""},"ModuleDeliveryAssessment":{"AssessmentGroupCollection":{"@DefaultAssessmentGroup":"NULL","AssessmentGroup":[{"AssessmentGroupCode":"NULL","AssessmentGroupName":"","AssessmentComponentList":{"AssessmentComponent":[{"AssessmentComponentTitle":"Coursework two (1,800 words)","AssessmentComponentWeightPercentage":"35"},{"AssessmentComponentTitle":"Coursework three","AssessmentComponentWeightPercentage":"15"},{"AssessmentComponentTitle":"Coursework one (3,000 words)","AssessmentComponentWeightPercentage":"50"}]}},{"AssessmentGroupCode":"A","AssessmentGroupName":"","AssessmentComponentList":{"AssessmentComponent":[{"AssessmentComponentTitle":"Coursework three","AssessmentComponentWeightPercentage":"15"},{"AssessmentComponentTitle":"Coursework two (1,800 words)","AssessmentComponentWeightPercentage":"35"},{"AssessmentComponentTitle":"Coursework one (3,000 words)","AssessmentComponentWeightPercentage":"50"}]}}]}}}}}}}}