{"Response":{"Module":{"ModuleCode":"HIST0639","ModuleIdentifier":"1104BBA873F611E89A86FAE8722E8321","ModuleTitle":"Dictatorship as Experience. The Coexistence of Consensus and Refusal in the German Democratic Republic A","ModuleContact":{"Faculty":{"FacultyCode":"SHS","FacultyName":"Faculty of Social and Historical Sciences"},"Department":{"DepartmentCode":"HISTR_SHS","DepartmentName":"History"}},"ModuleValue":"15","ModuleStudyHours":"150","ModuleLearningHours":"20","ModuleSearchKeywords":"","Email":"","ModuleSuperGroup":"Dictatorship as Experience. The Coexistence of Con","CEFRLevel":"","ModuleInstance":{"AcademicYearCode":"2019","AcademicYearDescription":"2019/20 academic  year","ModuleInstanceDescription":"This module is for term 2 affiliate students only (students arriving in January).\n\nIn March 1990 the East German writer Stefan Heym feared that the GDR could wind up as `footnote in world history¿. As far as historiography is concerned, this prophecy turned out to be too pessimistic.\n\nThe opening of the archives resulted in an upsurge in historical analyses of the East German state and thereby new insights into its politics, culture and society. However, the availability of new material did not result in historical consensus about the nature of the socialist system. The revival of totalitarian theory, with its focus on the instruments of repression and control, was challenged by models that sought to understand GDR society from the inside, as a `participatory dictatorship¿ (Fulbrook), in which individuals negotiated a `normal life¿ within the boundaries of the regime. Nevertheless, focusing on cultural aspects of the GDR runs into danger to downplay the ever-present confinement and the subtle practices of intimidation.\n\nThe seminar aims for a holistic approach to the history of the German Democratic Republic. Hence it covers political, economic, social and cultural issues as well.","ModuleInstanceRestriction":"","ModuleInstanceSubjectCollection":"","ModuleDeliveryCollection":{"ModuleDelivery":{"ModuleDeliveryIdentifier":"1113A1F473F611E89A86FAE8722E8321","LevelOfStudy":"Undergraduate","ModuleDeliveryPeriod":{"PeriodCode":"T2","PeriodTitle":"Term 2"},"AcademicLevel":{"AcademicLevelCode":"L6","AcademicLevelTitle":"FHEQ Level 6"},"ModuleDeliveryType":"","ModeOfStudy":"Face-to-face","ModuleDeliveryTutor":{"PersonIdentifier":"UGRAS90","Name":"Udo Roland Grashoff","Email":""},"PreviousYearStudentCount":"5","NumberOfStudents":"5","ModuleDeliveryLocation":{"LocationIdentifier":"","LocationName":""},"ModuleDeliveryAssessment":{"AssessmentGroupCollection":{"@DefaultAssessmentGroup":"NULL","AssessmentGroup":[{"AssessmentGroupCode":"NULL","AssessmentGroupName":"","AssessmentComponentList":{"AssessmentComponent":[{"AssessmentComponentTitle":"Coursework two (1,800 words)","AssessmentComponentWeightPercentage":"35"},{"AssessmentComponentTitle":"Coursework three","AssessmentComponentWeightPercentage":"15"},{"AssessmentComponentTitle":"Coursework one (3,000 words)","AssessmentComponentWeightPercentage":"50"}]}},{"AssessmentGroupCode":"A","AssessmentGroupName":"","AssessmentComponentList":{"AssessmentComponent":[{"AssessmentComponentTitle":"Coursework three","AssessmentComponentWeightPercentage":"15"},{"AssessmentComponentTitle":"Coursework two (1,800 words)","AssessmentComponentWeightPercentage":"35"},{"AssessmentComponentTitle":"Coursework one (3,000 words)","AssessmentComponentWeightPercentage":"50"}]}}]}}}}}}}}