{"Response":{"Module":{"ModuleCode":"MECH0042","ModuleIdentifier":"110E269273F711E89A86FAE8722E8321","ModuleTitle":"Bioengineering","ModuleContact":{"Faculty":{"FacultyCode":"ENG","FacultyName":"Faculty of Engineering Sciences"},"Department":{"DepartmentCode":"MECHN_ENG","DepartmentName":"Mechanical Engineering"}},"ModuleValue":"15","ModuleStudyHours":"150","ModuleLearningHours":"42","ModuleSearchKeywords":"","Email":"mecheng.pg-queries@ucl.ac.uk","ModuleSuperGroup":"Bioengineering","CEFRLevel":"","ModuleInstance":{"AcademicYearCode":"2019","AcademicYearDescription":"2019/20 academic  year","ModuleInstanceDescription":"<p>\n\tThis module sets out to give students a sound understanding in the direct engineering of all living cells and organisms (multicellular systems). This includes the understanding of all processing sciences associated with the engineering of living cells and organisms for the fabrication of tissues and microenvironments, which will have the potential as a front running strategy for tissue engineering and regenerative medicine.</p>\n<p>\n\tThe module consists of understanding all the advanced processing approaches in-depth from lithography-based to ink-jet technology leading to emerging technologies. All the physical science issues related to the processing sciences of active cells are addressed, including the advantages and disadvantages of each process elucidating the necessity for the unearthing of novel approaches. The next stage allows students to gain a good understanding of the associated biology during the formation of tissues and structures from a genetic, genomic to physiological level.</p>\n<p>\n\tTwo visiting lecturers (molecular and cellular biologists) address issues in basic biology to those intricacies when directly engineering tissues and/or organs. In addition to these physical and life sciences based lectures, students have several invited lectures from tissue engineering and biological centres with excellence in regenerative medicine and genomics.</p>\n<p>\n\tThe module ends with a live demonstration of two jet-based technologies that are competing &ldquo;head to head&rdquo; for forming active biological structures from living cells and/or organisms.</p>\n<p>\n\tThe intention of this module is twofold. Firstly, it endeavours to bring all students who are from a wide background to one level of understanding with respect to all the associated engineering and biological sciences. In harnessing this one level of &ldquo;hybrid&rdquo; students, in-depth understanding of the associated engineering sciences and biology will be taught further where all the associated scientific considerations will be understood for making either a fully functional multi-cellular tissue and/or organ.</p>\n<p>\n\t&nbsp;</p>\n","ModuleInstanceRestriction":"","ModuleInstanceSubjectCollection":{"ModuleInstanceSubject":"Bioengineering, Biomedical Engineering and Clinical Engineering"},"ModuleDeliveryCollection":{"ModuleDelivery":{"ModuleDeliveryIdentifier":"111CDFF273F711E89A86FAE8722E8321","LevelOfStudy":"Postgraduate","ModuleDeliveryPeriod":{"PeriodCode":"T1/2","PeriodTitle":"Terms 1 and 2"},"AcademicLevel":{"AcademicLevelCode":"L7","AcademicLevelTitle":"FHEQ Level 7"},"ModuleDeliveryType":"","ModeOfStudy":"Face-to-face","ModuleDeliveryTutor":{"PersonIdentifier":"SNJAY90","Name":"Suwan Nalin Jayasinghe","Email":""},"PreviousYearStudentCount":"30","NumberOfStudents":"30","ModuleDeliveryLocation":{"LocationIdentifier":"","LocationName":""},"ModuleDeliveryAssessment":{"AssessmentGroupCollection":{"@DefaultAssessmentGroup":"NULL","AssessmentGroup":[{"AssessmentGroupCode":"NULL","AssessmentGroupName":"","AssessmentComponentList":{"AssessmentComponent":[{"AssessmentComponentTitle":"Coursework two (1,800 words)","AssessmentComponentWeightPercentage":"35"},{"AssessmentComponentTitle":"Coursework three","AssessmentComponentWeightPercentage":"15"},{"AssessmentComponentTitle":"Coursework one (3,000 words)","AssessmentComponentWeightPercentage":"50"}]}},{"AssessmentGroupCode":"A","AssessmentGroupName":"","AssessmentComponentList":{"AssessmentComponent":[{"AssessmentComponentTitle":"Coursework three","AssessmentComponentWeightPercentage":"15"},{"AssessmentComponentTitle":"Coursework two (1,800 words)","AssessmentComponentWeightPercentage":"35"},{"AssessmentComponentTitle":"Coursework one (3,000 words)","AssessmentComponentWeightPercentage":"50"}]}}]}}}}}}}}