{"Response":{"Module":{"ModuleCode":"ELEC0019","ModuleIdentifier":"112701BE73F511E89A86FAE8722E8321","ModuleTitle":"Electromagnetic Theory and Semiconductor Devices","ModuleContact":{"Faculty":{"FacultyCode":"ENG","FacultyName":"Faculty of Engineering Sciences"},"Department":{"DepartmentCode":"ELECN_ENG","DepartmentName":"Electronic and Electrical Engineering"}},"ModuleValue":"15","ModuleStudyHours":"150","ModuleLearningHours":"30","ModuleSearchKeywords":"","Email":"ugadmin@ee.ucl.ac.uk","ModuleSuperGroup":"","CEFRLevel":"","ModuleInstance":{"AcademicYearCode":"2019","AcademicYearDescription":"2019/20 academic  year","ModuleInstanceDescription":"<p>\n\tThis module is divided into two significant strands; electromagnetic theory and semiconductor devices.</p>\n<p>\n\t<strong>EM Theory</strong></p>\n<p>\n\tThis part of the course starts with a review of basic revision of Electromagnetics and the associated mathematical concepts and then concentrates on fundamental aspects of electromagnetic wave propagation, starting with plane waves, which are used to introduce the basic concepts related to wave propagation and continuing with guided waves.</p>\n<p>\n\tThe module aims to provide a fundamental understanding of electromagnetic waves and their properties in free space and in&nbsp; waveguides in order to enable the analysis and design of high frequency electronic systems and components.</p>\n<p>\n\tUpon completion of this module students should be able to understand and apply to a range of practical situations, the basic scientific principles underlying electromagnetic wave propagation in free space and waveguides.</p>\n<p>\n\t<strong>Semiconductor Devices:&nbsp; </strong>The second part of the course will cover fundamentals of semiconductor materials and device operation and basics of quantum mechanics. Lectures will provide basic concepts of these topics as well as problem-solving to be able to apply them to more real device problems.</p>\n<p>\n\tThis course extends the insight into the solid state fundamentals and device concepts established in First Year and considers the principles of state-of-the-art silicon diode and transistor operation. A range of devices are studied including current industry standards for fabrication, including the impact of nanotechnology on current and future devices. Basics of Quantum mechanics will be newly introduced from this year, which covers the wave-particle duality, time-independent Schrodinger equation and electron tunnelling.</p>\n<p>\n\tUpon the completion of the course, students will be able to:</p>\n<ul>\n\t<li>\n\t\tunderstand and read the semiconductor (energy-wavevector) band diagrams;</li>\n\t<li>\n\t\tdescribe basic concepts of solid state semiconductor physics;</li>\n\t<li>\n\t\tsolve time-independent Schrodinger equations for simple cases;</li>\n\t<li>\n\t\tdescribe formation, electrostatics and transport of metal-semiconductor contacts;</li>\n\t<li>\n\t\tdescribe formation, electrostatics and transport of metal-oxide-semiconductor contacts;</li>\n\t<li>\n\t\tunderstand the scaling of CMOS technologies.</li>\n</ul>\n<p>\n\t&nbsp;</p>\n<p>\n\t&nbsp;</p>\n<p>\n\t&nbsp;</p>\n","ModuleInstanceRestriction":"","ModuleInstanceSubjectCollection":"","ModuleDeliveryCollection":{"ModuleDelivery":{"ModuleDeliveryIdentifier":"1136CD9273F511E89A86FAE8722E8321","LevelOfStudy":"Undergraduate","ModuleDeliveryPeriod":{"PeriodCode":"T2","PeriodTitle":"Term 2"},"AcademicLevel":{"AcademicLevelCode":"L5","AcademicLevelTitle":"FHEQ Level 5"},"ModuleDeliveryType":"","ModeOfStudy":"Face-to-face","ModuleDeliveryTutor":{"PersonIdentifier":"FAFER74","Name":"Federico Anibal Fernandez","Email":""},"PreviousYearStudentCount":"130","NumberOfStudents":"130","ModuleDeliveryLocation":{"LocationIdentifier":"","LocationName":""},"ModuleDeliveryAssessment":{"AssessmentGroupCollection":{"@DefaultAssessmentGroup":"NULL","AssessmentGroup":[{"AssessmentGroupCode":"NULL","AssessmentGroupName":"","AssessmentComponentList":{"AssessmentComponent":[{"AssessmentComponentTitle":"Coursework two (1,800 words)","AssessmentComponentWeightPercentage":"35"},{"AssessmentComponentTitle":"Coursework three","AssessmentComponentWeightPercentage":"15"},{"AssessmentComponentTitle":"Coursework one (3,000 words)","AssessmentComponentWeightPercentage":"50"}]}},{"AssessmentGroupCode":"A","AssessmentGroupName":"","AssessmentComponentList":{"AssessmentComponent":[{"AssessmentComponentTitle":"Coursework three","AssessmentComponentWeightPercentage":"15"},{"AssessmentComponentTitle":"Coursework two (1,800 words)","AssessmentComponentWeightPercentage":"35"},{"AssessmentComponentTitle":"Coursework one (3,000 words)","AssessmentComponentWeightPercentage":"50"}]}}]}}}}}}}}