{"Response":{"Module":{"ModuleCode":"HIST0640","ModuleIdentifier":"1127E70E73F611E89A86FAE8722E8321","ModuleTitle":"Life Writing: Memory and Identity in Twentieth Century Europe","ModuleContact":{"Faculty":{"FacultyCode":"SHS","FacultyName":"Faculty of Social and Historical Sciences"},"Department":{"DepartmentCode":"HISTR_SHS","DepartmentName":"History"}},"ModuleValue":"30","ModuleStudyHours":"300","ModuleLearningHours":"40","ModuleSearchKeywords":"EUROPEAN HISTORY, MODERN HISTORY","Email":"history-ug-enquiries@ucl.ac.uk","ModuleSuperGroup":"Life Writing: Memory and Identity in Twentieth Cen","CEFRLevel":"","ModuleInstance":{"AcademicYearCode":"2019","AcademicYearDescription":"2019/20 academic  year","ModuleInstanceDescription":"<div>\n\tAfter decades of focusing on structures and broad processes in history and society, history has since the 1980s taken a turn to write the personal back into history. Familiarizing students with the &#39;biographical turn&#39; in history as well as in the social sciences and humanities more broadly, this module will explore the ways in which modern lives were experienced, remembered, and narrated in the turbulent 20th century. We will draw on a wide range of life narratives, whether biographies, autobiographies, memoirs, oral histories, diaries, or letters,&nbsp; to examine the possibilities and limits of the genre for writing the history of modern Europe, particularly its eastern margins. Rather than focusing on &#39;important&#39; people such as leaders or politicians, we will deal with ordinary men and women, whose lives did not unfold under conditions of their own making, but who nevertheless claimed agency in the process of living and writing history.</div>\n<div>\n\t&nbsp;</div>\n<div>\n\tMany of the readings assigned for class discussion focus on Eastern Europe and Soviet Russia and/or are produced by actors from the region. The sources are clustered around some of the major historical developments of the twentieth century: the two World Wars, the Russian Revolution, the Holocaust, the Cold War division of Europe, and the collapse of the Soviet Bloc. As a result, the readings provide insights into the twentieth century as a period of rapid political change and social displacement, which altered our notions of time and space and led to increasingly fragmented lives. They also raise broader theoretical questions that students are encouraged to further pursue in their dissertations. These include questions about the relation between identity and memory, memory-making and history-writing, remembering and forgetting, or about the epistemological and moral dilemmas of recovering buried memories or silenced voices.</div>\n<div>\n\t&nbsp;</div>\n<div>\n\tBecause these questions have been at the centre of not only historical, but also literary and anthropological research, our exploration of the twentieth century through the lens of ego-documents will be an interdisciplinary venture intended to train students as self-reflexive historians.</div>\n<div>\n\t&nbsp;</div>\n","ModuleInstanceRestriction":"Only final year students may select this module. Affiliate students cannot select this module. \n","ModuleInstanceSubjectCollection":{"ModuleInstanceSubject":["European History","Modern History"]},"ModuleDeliveryCollection":{"ModuleDelivery":{"ModuleDeliveryIdentifier":"1136F55073F611E89A86FAE8722E8321","LevelOfStudy":"Undergraduate","ModuleDeliveryPeriod":{"PeriodCode":"T1/2","PeriodTitle":"Terms 1 and 2"},"AcademicLevel":{"AcademicLevelCode":"L6","AcademicLevelTitle":"FHEQ Level 6"},"ModuleDeliveryType":"","ModeOfStudy":"Face-to-face","ModuleDeliveryTutor":{"PersonIdentifier":"DGEOR91","Name":"Diana Georgescu","Email":""},"PreviousYearStudentCount":"","NumberOfStudents":"10","ModuleDeliveryLocation":{"LocationIdentifier":"","LocationName":""},"ModuleDeliveryAssessment":{"AssessmentGroupCollection":{"@DefaultAssessmentGroup":"NULL","AssessmentGroup":[{"AssessmentGroupCode":"NULL","AssessmentGroupName":"","AssessmentComponentList":{"AssessmentComponent":[{"AssessmentComponentTitle":"Coursework two (1,800 words)","AssessmentComponentWeightPercentage":"35"},{"AssessmentComponentTitle":"Coursework three","AssessmentComponentWeightPercentage":"15"},{"AssessmentComponentTitle":"Coursework one (3,000 words)","AssessmentComponentWeightPercentage":"50"}]}},{"AssessmentGroupCode":"A","AssessmentGroupName":"","AssessmentComponentList":{"AssessmentComponent":[{"AssessmentComponentTitle":"Coursework three","AssessmentComponentWeightPercentage":"15"},{"AssessmentComponentTitle":"Coursework two (1,800 words)","AssessmentComponentWeightPercentage":"35"},{"AssessmentComponentTitle":"Coursework one (3,000 words)","AssessmentComponentWeightPercentage":"50"}]}}]}}}}}}}}