{"Response":{"Module":{"ModuleCode":"CEGE0105","ModuleIdentifier":"113153CC73F411E89A86FAE8722E8321","ModuleTitle":"Quantitative Methods and Data Systems","ModuleContact":{"Faculty":{"FacultyCode":"ENG","FacultyName":"Faculty of Engineering Sciences"},"Department":{"DepartmentCode":"CIVLG_ENG","DepartmentName":"Civil, Environmental and Geomatic Engineering"}},"ModuleValue":"15","ModuleStudyHours":"150","ModuleLearningHours":"20","ModuleSearchKeywords":"QUANTITATIVE ANALYSIS, DATA SYSTEMS","Email":"","ModuleSuperGroup":"","CEFRLevel":"","ModuleInstance":{"AcademicYearCode":"2019","AcademicYearDescription":"2019/20 academic  year","ModuleInstanceDescription":"<p>\n\tUrban railway and transport systems are generating and relying on big data, and whether you become a planner, analysist or engineer, it is inevitable to understand and handle data. The module aims to provide to students basic statistical and data-science skills to understand, handle and analyse transport-related data with large quantities.</p>\n<p>\n\tThe module focuses on skills of quantitative analysis and data systems in urban transport contexts, in particular railways. It covers the following topics</p>\n<ul>\n\t<li>\n\t\tIntroduction; Survey methods; Sampling and estimation</li>\n\t<li>\n\t\tProbability and distribution</li>\n\t<li>\n\t\tRegression Models</li>\n\t<li>\n\t\tOptimisation</li>\n\t<li>\n\t\tData systems</li>\n\t<li>\n\t\tData mining, Retrieval</li>\n\t<li>\n\t\tData visualisation</li>\n\t<li>\n\t\tMachine learning</li>\n</ul>\n<p>\n\tBy the end of the course, the student should be able to:</p>\n<ul>\n\t<li>\n\t\tIdentify the requirements for data in order to perform the analysis he/she intends&nbsp;</li>\n\t<li>\n\t\tPerform basic statistical analysis to test hypotheses around data.</li>\n\t<li>\n\t\tHandle and organise data with large quantity for the analysis he/she intends</li>\n\t<li>\n\t\tDevelop simple models or algorithms for data</li>\n</ul>\n<p>\n\tWhile students do not need to have advanced mathematical skills and knowledge, they would need to have interest in numerical analysis.</p>\n","ModuleInstanceRestriction":"","ModuleInstanceSubjectCollection":"","ModuleDeliveryCollection":{"ModuleDelivery":{"ModuleDeliveryIdentifier":"113F64BC73F411E89A86FAE8722E8321","LevelOfStudy":"Postgraduate","ModuleDeliveryPeriod":{"PeriodCode":"T1","PeriodTitle":"Term 1"},"AcademicLevel":{"AcademicLevelCode":"L7","AcademicLevelTitle":"FHEQ Level 7"},"ModuleDeliveryType":"","ModeOfStudy":"Face-to-face","ModuleDeliveryTutor":{"PersonIdentifier":"TFUJI93","Name":"Taku Fujiyama","Email":""},"PreviousYearStudentCount":"20","NumberOfStudents":"20","ModuleDeliveryLocation":{"LocationIdentifier":"","LocationName":""},"ModuleDeliveryAssessment":{"AssessmentGroupCollection":{"@DefaultAssessmentGroup":"NULL","AssessmentGroup":[{"AssessmentGroupCode":"NULL","AssessmentGroupName":"","AssessmentComponentList":{"AssessmentComponent":[{"AssessmentComponentTitle":"Coursework two (1,800 words)","AssessmentComponentWeightPercentage":"35"},{"AssessmentComponentTitle":"Coursework three","AssessmentComponentWeightPercentage":"15"},{"AssessmentComponentTitle":"Coursework one (3,000 words)","AssessmentComponentWeightPercentage":"50"}]}},{"AssessmentGroupCode":"A","AssessmentGroupName":"","AssessmentComponentList":{"AssessmentComponent":[{"AssessmentComponentTitle":"Coursework three","AssessmentComponentWeightPercentage":"15"},{"AssessmentComponentTitle":"Coursework two (1,800 words)","AssessmentComponentWeightPercentage":"35"},{"AssessmentComponentTitle":"Coursework one (3,000 words)","AssessmentComponentWeightPercentage":"50"}]}}]}}}}}}}}