{"Response":{"Module":{"ModuleCode":"HIST0641","ModuleIdentifier":"114AD37C73F611E89A86FAE8722E8321","ModuleTitle":"History of the Habsburg Monarchy 1700-1918 A","ModuleContact":{"Faculty":{"FacultyCode":"SHS","FacultyName":"Faculty of Social and Historical Sciences"},"Department":{"DepartmentCode":"HISTR_SHS","DepartmentName":"History"}},"ModuleValue":"15","ModuleStudyHours":"150","ModuleLearningHours":"20","ModuleSearchKeywords":"","Email":"","ModuleSuperGroup":"History of the Habsburg Monarchy 1700-1918","CEFRLevel":"","ModuleInstance":{"AcademicYearCode":"2019","AcademicYearDescription":"2019/20 academic  year","ModuleInstanceDescription":"<p>\n\tThis module is for term 2 affiliate students only (students arriving in January). This course concentrates on the high politics of the Habsburg Monarchy in the eighteenth, nineteenth and early twentieth centuries, as well as the origins of nationalism in Central Europe, baroque art and architecture, and fin-de-siecle Vienna. The current schedule includes lectures on: the Baroque; Maria Theresa; Enlightened Despotism; Joseph II and Leopold II; Metternich and Conservatism; Czech and Slovak nationalism; Hungarian and Romanian nationalism; the Pre-March 1848; the 1848 Revolutions; October Diploma and February Patent; the 1867 settlement; Czech politics in the later nineteenth-century; Hungarian Liberalism; Culture and Politics c. 1900; Socialism and mass politics; the South Slav question; the Great War and the dissolution of the Monarchy. Weekly lectures are supported by tutorials. A principal aim of the course is to introduce students to the outstanding secondary literature on the history of the Monarchy.</p>\n","ModuleInstanceRestriction":"","ModuleInstanceSubjectCollection":"","ModuleDeliveryCollection":{"ModuleDelivery":{"ModuleDeliveryIdentifier":"1159D18873F611E89A86FAE8722E8321","LevelOfStudy":"Undergraduate","ModuleDeliveryPeriod":{"PeriodCode":"T2","PeriodTitle":"Term 2"},"AcademicLevel":{"AcademicLevelCode":"L5","AcademicLevelTitle":"FHEQ Level 5"},"ModuleDeliveryType":"","ModeOfStudy":"Face-to-face","ModuleDeliveryTutor":{"PersonIdentifier":"RAHAY20","Name":"Rebecca Ann Haynes","Email":""},"PreviousYearStudentCount":"5","NumberOfStudents":"5","ModuleDeliveryLocation":{"LocationIdentifier":"","LocationName":""},"ModuleDeliveryAssessment":{"AssessmentGroupCollection":{"@DefaultAssessmentGroup":"NULL","AssessmentGroup":[{"AssessmentGroupCode":"NULL","AssessmentGroupName":"","AssessmentComponentList":{"AssessmentComponent":[{"AssessmentComponentTitle":"Coursework two (1,800 words)","AssessmentComponentWeightPercentage":"35"},{"AssessmentComponentTitle":"Coursework three","AssessmentComponentWeightPercentage":"15"},{"AssessmentComponentTitle":"Coursework one (3,000 words)","AssessmentComponentWeightPercentage":"50"}]}},{"AssessmentGroupCode":"A","AssessmentGroupName":"","AssessmentComponentList":{"AssessmentComponent":[{"AssessmentComponentTitle":"Coursework three","AssessmentComponentWeightPercentage":"15"},{"AssessmentComponentTitle":"Coursework two (1,800 words)","AssessmentComponentWeightPercentage":"35"},{"AssessmentComponentTitle":"Coursework one (3,000 words)","AssessmentComponentWeightPercentage":"50"}]}}]}}}}}}}}