{"Response":{"Module":{"ModuleCode":"ELEC0020","ModuleIdentifier":"114C6CF673F511E89A86FAE8722E8321","ModuleTitle":"Photonics and Communication Systems","ModuleContact":{"Faculty":{"FacultyCode":"ENG","FacultyName":"Faculty of Engineering Sciences"},"Department":{"DepartmentCode":"ELECN_ENG","DepartmentName":"Electronic and Electrical Engineering"}},"ModuleValue":"15","ModuleStudyHours":"150","ModuleLearningHours":"30","ModuleSearchKeywords":"","Email":"ugadmin@ee.ucl.ac.uk","ModuleSuperGroup":"","CEFRLevel":"","ModuleInstance":{"AcademicYearCode":"2019","AcademicYearDescription":"2019/20 academic  year","ModuleInstanceDescription":"<p>\n\tThis course is divided onto two parts, Communications Systems and Photonics.</p>\n<p>\n\tCommunications Systems offers engineering students a grounding in the principles of digital communications systems, covering both the theory and practice of communications systems and schemes. This element aims to provide an introduction to digital communications systems, including: Baseband digital transmission systems, baseband digital reception systems, passband digital transmission systems, passband digital reception systems, and wireless communications.</p>\n<p>\n\tBy the end of the module students should:</p>\n<p style=\"margin-left:18.0pt;\">\n\tBe familiar with basic elements of a digital communications systems</p>\n<p style=\"margin-left:18.0pt;\">\n\tBe familiar with basic tools in signals and systems analysis</p>\n<p style=\"margin-left:18.0pt;\">\n\tConsider different baseband digital transmission schemes, their advantages and disadvantages</p>\n<p style=\"margin-left:18.0pt;\">\n\tUnderstand how to calculate the spectrum and bandwidth of different baseband digital transmission schemes</p>\n<p style=\"margin-left:18.0pt;\">\n\tConsider different baseband digital reception schemes, their advantages and disadvantages</p>\n<p style=\"margin-left:18.0pt;\">\n\tUnderstand how to calculate the error probability associated with different digital reception schemes</p>\n<p style=\"margin-left:18.0pt;\">\n\tConsider different passband digital transmission schemes, their advantages and disadvantages</p>\n<p style=\"margin-left:18.0pt;\">\n\tUnderstand how to calculate the spectrum and bandwidth of different passband digital transmission schemes</p>\n<p style=\"margin-left:18.0pt;\">\n\tConsider different baseband digital reception schemes</p>\n<p style=\"margin-left:18.0pt;\">\n\tUnderstand how to calculate the error probability associated with different digital reception schemes</p>\n<p style=\"margin-left:18.0pt;\">\n\tUnderstand the characteristics of wireless propagation</p>\n<p style=\"margin-left:18.0pt;\">\n\tUnderstand the implications of wireless propagation</p>\n<p style=\"margin-left:18.0pt;\">\n\tConsider different schemes to counteract the effect of wireless communications channels</p>\n<p style=\"margin-left:18.0pt;\">\n\tConsider different schemes to counteract the effect of wireless communications channels</p>\n<p>\n\tThe second part introduces engineering students to the interaction of optical signals with materials, and to the design of photonic devices and systems, including optical fibre communications systems.&nbsp;This includes the interaction of light / optical signals with materials, the generation and detection of light, the principles of the guiding of light, the design of photonic devices and systems, and optical communication systems.</p>\n<p>\n\tBy the end of the module students should:</p>\n<p style=\"margin-left:18.0pt;\">\n\tBe familiar with the range of applications of photonics and its role in industry and everyday life</p>\n<p style=\"margin-left:18.0pt;\">\n\tUnderstand different representations and models of light (e.g. photon, EM wave, ray model)</p>\n<p style=\"margin-left:18.0pt;\">\n\tDevelop a basic understanding of how light interacts with materials (e.g. refractive index, absorption, reflection)</p>\n<p style=\"margin-left:18.0pt;\">\n\tUnderstand how light can be generated in semiconductors, including an appreciation of the relevant material properties and the importance of compound semiconductors for photonics</p>\n<p style=\"margin-left:18.0pt;\">\n\tUnderstand the principles and be able to perform basic analysis of lasers (e.g. calculate threshold gain, mode spacing)</p>\n<p style=\"margin-left:18.0pt;\">\n\tUnderstand the structure and characteristics of LEDs and semiconductor lasers, and the differences between them</p>\n<p style=\"margin-left:18.0pt;\">\n\tUnderstand how p-n junction diodes can be used as photodetectors</p>\n<p style=\"margin-left:18.0pt;\">\n\tUnderstand the structure and important parameters of photodiodes</p>\n<p style=\"margin-left:18.0pt;\">\n\tCarry out basic analysis of pin photodiodes (e.g. calculate responsivity, bandwidth)</p>\n<p style=\"margin-left:18.0pt;\">\n\tUnderstand what is meant by an optical waveguide and be familiar with the concept of waveguide modes</p>\n<p style=\"margin-left:18.0pt;\">\n\tHave an appreciation of different kinds of optical fibres and how they are fabricated</p>\n<p style=\"margin-left:18.0pt;\">\n\tUnderstand the key elements of an optical communication system</p>\n<p style=\"margin-left:18.0pt;\">\n\tUnderstand the importance of shot and thermal noise in photonic systems</p>\n<p style=\"margin-left:18.0pt;\">\n\tUnderstand the factors that limit the performance of optical communications systems</p>\n<p style=\"margin-left:18.0pt;\">\n\tBe able to calculate the performance of simple optical communications systems</p>\n<p style=\"margin-left:18.0pt;\">\n\tBe familiar with recent developments in optical communications systems</p>\n<p>\n\t&nbsp;</p>\n<p>\n\t&nbsp;</p>\n","ModuleInstanceRestriction":"","ModuleInstanceSubjectCollection":"","ModuleDeliveryCollection":{"ModuleDelivery":{"ModuleDeliveryIdentifier":"115BD6A073F511E89A86FAE8722E8321","LevelOfStudy":"Undergraduate","ModuleDeliveryPeriod":{"PeriodCode":"T1/2","PeriodTitle":"Terms 1 and 2"},"AcademicLevel":{"AcademicLevelCode":"L5","AcademicLevelTitle":"FHEQ Level 5"},"ModuleDeliveryType":"","ModeOfStudy":"Face-to-face","ModuleDeliveryTutor":{"PersonIdentifier":"MRDIA06","Name":"Miguel Raul Dias Rodrigues","Email":""},"PreviousYearStudentCount":"130","NumberOfStudents":"130","ModuleDeliveryLocation":{"LocationIdentifier":"","LocationName":""},"ModuleDeliveryAssessment":{"AssessmentGroupCollection":{"@DefaultAssessmentGroup":"NULL","AssessmentGroup":[{"AssessmentGroupCode":"NULL","AssessmentGroupName":"","AssessmentComponentList":{"AssessmentComponent":[{"AssessmentComponentTitle":"Coursework two (1,800 words)","AssessmentComponentWeightPercentage":"35"},{"AssessmentComponentTitle":"Coursework three","AssessmentComponentWeightPercentage":"15"},{"AssessmentComponentTitle":"Coursework one (3,000 words)","AssessmentComponentWeightPercentage":"50"}]}},{"AssessmentGroupCode":"A","AssessmentGroupName":"","AssessmentComponentList":{"AssessmentComponent":[{"AssessmentComponentTitle":"Coursework three","AssessmentComponentWeightPercentage":"15"},{"AssessmentComponentTitle":"Coursework two (1,800 words)","AssessmentComponentWeightPercentage":"35"},{"AssessmentComponentTitle":"Coursework one (3,000 words)","AssessmentComponentWeightPercentage":"50"}]}}]}}}}}}}}