{"Response":{"Module":{"ModuleCode":"CEGE0106","ModuleIdentifier":"1152D01073F411E89A86FAE8722E8321","ModuleTitle":"Urban Railway Planning and Analysis","ModuleContact":{"Faculty":{"FacultyCode":"ENG","FacultyName":"Faculty of Engineering Sciences"},"Department":{"DepartmentCode":"CIVLG_ENG","DepartmentName":"Civil, Environmental and Geomatic Engineering"}},"ModuleValue":"15","ModuleStudyHours":"150","ModuleLearningHours":"26","ModuleSearchKeywords":"URBAN, RAILWAY, PLANNING, ANALYSIS","Email":"cege-pg-admissions@ucl.ac.uk","ModuleSuperGroup":"","CEFRLevel":"","ModuleInstance":{"AcademicYearCode":"2019","AcademicYearDescription":"2019/20 academic  year","ModuleInstanceDescription":"<p>\n\tThe student will gain basic analysis and modelling skills to perform urban railway planning, operation management and engineering. Through the module, the student will understand how to conceptualise, analyse and model complex railway systems.</p>\n<p>\n\tBy the end of the course, the student should be able to:</p>\n<ul>\n\t<li>\n\t\tConceptualise and model the operations, users, and business impacts of urban railway systems in pragmatic and systematic ways.</li>\n\t<li>\n\t\tApply existing models and analytical methods to solve real problems of urban railways while appreciating the problem nature.</li>\n\t<li>\n\t\tUse the above skills in their day-to-day work in urban railways</li>\n</ul>\n<p>\n\t¿The module focuses on analytical and modelling skills required for urban railway planning and analysis. The contents can include</p>\n<ul>\n\t<li>\n\t\tIntroduction</li>\n\t<li>\n\t\tDemand Modelling 1: Trip generation and distribution</li>\n\t<li>\n\t\tDemand Modelling 2: Mode choice and Assignment</li>\n\t<li>\n\t\tResource Scheduling 1: Timetabling&nbsp;1 (Basics)</li>\n\t<li>\n\t\tResource Scheduling 2: Timetabling&nbsp;2 (Advanced)</li>\n\t<li>\n\t\tTrain Operation Models and Simulation&nbsp;&nbsp;&nbsp;</li>\n\t<li>\n\t\tPassenger Crowd Modelling</li>\n\t<li>\n\t\tOperation Performance Evaluation 1 (PPM, Lost Customer Hours)</li>\n\t<li>\n\t\tOperation Performance Evaluation 2 (Advanced)</li>\n\t<li>\n\t\tImplementation of new control systems</li>\n</ul>\n<p>\n\tThe module include guest lectures by the urban railway operators.</p>\n","ModuleInstanceRestriction":"","ModuleInstanceSubjectCollection":"","ModuleDeliveryCollection":{"ModuleDelivery":{"ModuleDeliveryIdentifier":"1160A3E873F411E89A86FAE8722E8321","LevelOfStudy":"Postgraduate","ModuleDeliveryPeriod":{"PeriodCode":"T1","PeriodTitle":"Term 1"},"AcademicLevel":{"AcademicLevelCode":"L7","AcademicLevelTitle":"FHEQ Level 7"},"ModuleDeliveryType":"","ModeOfStudy":"Face-to-face","ModuleDeliveryTutor":{"PersonIdentifier":"TFUJI93","Name":"Taku Fujiyama","Email":""},"PreviousYearStudentCount":"20","NumberOfStudents":"20","ModuleDeliveryLocation":{"LocationIdentifier":"","LocationName":""},"ModuleDeliveryAssessment":{"AssessmentGroupCollection":{"@DefaultAssessmentGroup":"NULL","AssessmentGroup":[{"AssessmentGroupCode":"NULL","AssessmentGroupName":"","AssessmentComponentList":{"AssessmentComponent":[{"AssessmentComponentTitle":"Coursework two (1,800 words)","AssessmentComponentWeightPercentage":"35"},{"AssessmentComponentTitle":"Coursework three","AssessmentComponentWeightPercentage":"15"},{"AssessmentComponentTitle":"Coursework one (3,000 words)","AssessmentComponentWeightPercentage":"50"}]}},{"AssessmentGroupCode":"A","AssessmentGroupName":"","AssessmentComponentList":{"AssessmentComponent":[{"AssessmentComponentTitle":"Coursework three","AssessmentComponentWeightPercentage":"15"},{"AssessmentComponentTitle":"Coursework two (1,800 words)","AssessmentComponentWeightPercentage":"35"},{"AssessmentComponentTitle":"Coursework one (3,000 words)","AssessmentComponentWeightPercentage":"50"}]}}]}}}}}}}}