{"Response":{"Module":{"ModuleCode":"MECH0044","ModuleIdentifier":"1154480C73F711E89A86FAE8722E8321","ModuleTitle":"Evaluation and Planning of Business Opportunities in Bioprocessing and Life Sciences","ModuleContact":{"Faculty":{"FacultyCode":"ENG","FacultyName":"Faculty of Engineering Sciences"},"Department":{"DepartmentCode":"MECHN_ENG","DepartmentName":"Mechanical Engineering"}},"ModuleValue":"15","ModuleStudyHours":"150","ModuleLearningHours":"45","ModuleSearchKeywords":"GROUP PROJECT","Email":"mecheng.pg-queries@ucl.ac.uk","ModuleSuperGroup":"Evaluation and Planning of Business Opportunities ","CEFRLevel":"","ModuleInstance":{"AcademicYearCode":"2019","AcademicYearDescription":"2019/20 academic  year","ModuleInstanceDescription":"<p>\n\t<strong>Overview:</strong></p>\n<p>\n\tThis module&nbsp;runs over the academic year for MSc students in Biomaterials and Tissue Engineering, and involves two components:</p>\n<p>\n\t<strong>1. Group Project</strong></p>\n<p>\n\tThe module provides experience of working in a multi-disciplinary group on a literature-based project.&nbsp;The projects are wide ranging in their themes and each project is championed by an individual member of academic staff.</p>\n<p>\n\tStudents have the opportunity to apply the engineering knowledge and skills acquired in the earlier part of the MSc programme to a multifaceted design problem.&nbsp; The group project applies formal project management techniques such as planning, resource allocation, cost estimation, project monitoring and reporting, as well as developing commercial skills and business awareness.</p>\n<p>\n\t<strong>2.&nbsp;Bioprocessing &amp; Life Sciences</strong></p>\n<p>\n\tThe second part of the module consists of topical lectures on Bioprocessing &amp; Life Sciences organised by the Department of Biochemical Engineering. This part of the module is examined by coursework.</p>\n<p>\n\t&nbsp;</p>\n","ModuleInstanceRestriction":"","ModuleInstanceSubjectCollection":{"ModuleInstanceSubject":"Biomaterials"},"ModuleDeliveryCollection":{"ModuleDelivery":{"ModuleDeliveryIdentifier":"11631F7673F711E89A86FAE8722E8321","LevelOfStudy":"Postgraduate","ModuleDeliveryPeriod":{"PeriodCode":"T1/2","PeriodTitle":"Terms 1 and 2"},"AcademicLevel":{"AcademicLevelCode":"L7","AcademicLevelTitle":"FHEQ Level 7"},"ModuleDeliveryType":"","ModeOfStudy":"Face-to-face","ModuleDeliveryTutor":{"PersonIdentifier":"SNJAY90","Name":"Suwan Nalin Jayasinghe","Email":""},"PreviousYearStudentCount":"30","NumberOfStudents":"30","ModuleDeliveryLocation":{"LocationIdentifier":"","LocationName":""},"ModuleDeliveryAssessment":{"AssessmentGroupCollection":{"@DefaultAssessmentGroup":"NULL","AssessmentGroup":[{"AssessmentGroupCode":"NULL","AssessmentGroupName":"","AssessmentComponentList":{"AssessmentComponent":[{"AssessmentComponentTitle":"Coursework two (1,800 words)","AssessmentComponentWeightPercentage":"35"},{"AssessmentComponentTitle":"Coursework three","AssessmentComponentWeightPercentage":"15"},{"AssessmentComponentTitle":"Coursework one (3,000 words)","AssessmentComponentWeightPercentage":"50"}]}},{"AssessmentGroupCode":"A","AssessmentGroupName":"","AssessmentComponentList":{"AssessmentComponent":[{"AssessmentComponentTitle":"Coursework three","AssessmentComponentWeightPercentage":"15"},{"AssessmentComponentTitle":"Coursework two (1,800 words)","AssessmentComponentWeightPercentage":"35"},{"AssessmentComponentTitle":"Coursework one (3,000 words)","AssessmentComponentWeightPercentage":"50"}]}}]}}}}}}}}