{"Response":{"Module":{"ModuleCode":"ELEC0021","ModuleIdentifier":"117055E473F511E89A86FAE8722E8321","ModuleTitle":"Programming and Control Systems","ModuleContact":{"Faculty":{"FacultyCode":"ENG","FacultyName":"Faculty of Engineering Sciences"},"Department":{"DepartmentCode":"ELECN_ENG","DepartmentName":"Electronic and Electrical Engineering"}},"ModuleValue":"15","ModuleStudyHours":"150","ModuleLearningHours":"30","ModuleSearchKeywords":"","Email":"ugadmin@ee.ucl.ac.uk","ModuleSuperGroup":"","CEFRLevel":"","ModuleInstance":{"AcademicYearCode":"2019","AcademicYearDescription":"2019/20 academic  year","ModuleInstanceDescription":"<p>\n\tThe Programming part of the module aims to extend the students&rsquo; programming skills and introduce them to Java-based object-oriented design and programming, providing the foundations for design and programming in any other object-oriented environment.</p>\n<ul>\n\t<li>\n\t\tUnderstand the difference between machine-compiled and an intermediate bytecode-compiled language such as Jana that provides code portability.</li>\n\t<li>\n\t\tUnderstand the use of Java exception support for writing failsafe robust code.</li>\n\t<li>\n\t\tUnderstand the notion of classes, their properties and their use for data encapsulation, abstraction and good program design.</li>\n\t<li>\n\t\tUnderstand the difference between conventional static data/methods and dynamic data/methods that belong to object instances.</li>\n\t<li>\n\t\tUnderstand the notion of class inheritance and polymorphism as a means to structure software programs for easy extensibility.</li>\n\t<li>\n\t\tUnderstand the notion of dynamic data structures with no size limitation and get familiar with the linked list data structure given it is the basis of many dynamic data structures.</li>\n\t<li>\n\t\tGet to know different search and sort algorithms and learn to reason about an algorithm&rsquo;s computational complexity.</li>\n\t<li>\n\t\tUnderstand the concept of concurrency and get to know the Thread class as a means for writing multi-threaded programs.</li>\n\t<li>\n\t\tBe made aware of the key differences between Java and C/C++.</li>\n</ul>\n<p>\n\tThe Control part of the module represents an introduction to control systems and to the analysis of the behaviour of dynamical systems. This module provides a fundamental understanding of feedback control systems and dynamical systems in terms of steady state response and stability; it enables the study of feedback control systems with Laplace, Nyquist and Bode plots.</p>\n<p>\n\tOn completion of this course, students will be able to:</p>\n<ul>\n\t<li>\n\t\tComprehensively understand the basic principles underlying control theory;</li>\n\t<li>\n\t\tKnow and understand the mathematical and computer models relevant to transfer function analysis and be able to apply them to real-world models for control systems;</li>\n\t<li>\n\t\tKnow and understand the behavior of linear systems;</li>\n\t<li>\n\t\tKnow and apply stability criteria related to control systems based on the following diagrams and methods: Root Locus, Bode, Routh Hurwitz and Nyquist stability criteria;</li>\n\t<li>\n\t\tDesign compensators;</li>\n\t<li>\n\t\tUnderstand and be able to apply information from Control Systems books, journal and conference papers;</li>\n\t<li>\n\t\tKnow and apply mathematical modeling techniques pertinent to control systems.</li>\n</ul>\n<p>\n\t&nbsp;</p>\n","ModuleInstanceRestriction":"","ModuleInstanceSubjectCollection":"","ModuleDeliveryCollection":{"ModuleDelivery":{"ModuleDeliveryIdentifier":"117F8BC273F511E89A86FAE8722E8321","LevelOfStudy":"Undergraduate","ModuleDeliveryPeriod":{"PeriodCode":"T1/2","PeriodTitle":"Terms 1 and 2"},"AcademicLevel":{"AcademicLevelCode":"L5","AcademicLevelTitle":"FHEQ Level 5"},"ModuleDeliveryType":"","ModeOfStudy":"Face-to-face","ModuleDeliveryTutor":{"PersonIdentifier":"IANDR50","Name":"Ioannis Andreopoulos","Email":""},"PreviousYearStudentCount":"130","NumberOfStudents":"130","ModuleDeliveryLocation":{"LocationIdentifier":"","LocationName":""},"ModuleDeliveryAssessment":{"AssessmentGroupCollection":{"@DefaultAssessmentGroup":"NULL","AssessmentGroup":[{"AssessmentGroupCode":"NULL","AssessmentGroupName":"","AssessmentComponentList":{"AssessmentComponent":[{"AssessmentComponentTitle":"Coursework two (1,800 words)","AssessmentComponentWeightPercentage":"35"},{"AssessmentComponentTitle":"Coursework three","AssessmentComponentWeightPercentage":"15"},{"AssessmentComponentTitle":"Coursework one (3,000 words)","AssessmentComponentWeightPercentage":"50"}]}},{"AssessmentGroupCode":"A","AssessmentGroupName":"","AssessmentComponentList":{"AssessmentComponent":[{"AssessmentComponentTitle":"Coursework three","AssessmentComponentWeightPercentage":"15"},{"AssessmentComponentTitle":"Coursework two (1,800 words)","AssessmentComponentWeightPercentage":"35"},{"AssessmentComponentTitle":"Coursework one (3,000 words)","AssessmentComponentWeightPercentage":"50"}]}}]}}}}}}}}