{"Response":{"Module":{"ModuleCode":"HIST0643","ModuleIdentifier":"1190631073F611E89A86FAE8722E8321","ModuleTitle":"History of Modern Germany 1815-1990","ModuleContact":{"Faculty":{"FacultyCode":"SHS","FacultyName":"Faculty of Social and Historical Sciences"},"Department":{"DepartmentCode":"HISTR_SHS","DepartmentName":"History"}},"ModuleValue":"15","ModuleStudyHours":"150","ModuleLearningHours":"20","ModuleSearchKeywords":"","Email":"","ModuleSuperGroup":"History of Modern Germany 1815-1990","CEFRLevel":"","ModuleInstance":{"AcademicYearCode":"2019","AcademicYearDescription":"2019/20 academic  year","ModuleInstanceDescription":"<p>\n\tThis module is for term 1 affiliate students only (students leaving in December). Most students who choose this course are interested in the Nazi period, and in particular in the Holocaust: How could it happen? Of course, we will look at the reasons for the destruction of democracy and at the appeal of Nazism. We will examine how a dictatorial regime could hold Germany, and later most of Europe, in check. However, Germany in the 20th century was far more than the Nazi Dictatorship. What is more, German History has more to offer than only issues of contemporary history. This course will to a large extent deal with Germany during the so-called long nineteenth century. In fact, this is a course about a couple of different German societies and political systems: German Confederation, German Empire, Weimar democracy, the Nazi regime, the immediate Post-War Period, East and West Germany from 1949 onwards and the unified German state after 1990. The course is split in two terms. The first term covers the period from the Congress of Vienna (1815) until the &lsquo;Great War&rsquo; (1914-18); the second term focuses on the period from the aftermath of war until the reunification of Germany (1990). We discuss questions such as: Why did so many ruptures and changes in Modern German history occur? Can we identify long-term developments, for instance, from Bismarck to Hitler? Was there a special path of modernisation in Germany? How did the First World War impact on Germany? Why did the Weimar Republic fail? What made a stable democracy in West Germany possible, immediately after the demise of the Nazi regime? And why, on the other hand, did the socialist East German state survive for 40 years?</p>\n","ModuleInstanceRestriction":"","ModuleInstanceSubjectCollection":"","ModuleDeliveryCollection":{"ModuleDelivery":{"ModuleDeliveryIdentifier":"119F02DA73F611E89A86FAE8722E8321","LevelOfStudy":"Undergraduate","ModuleDeliveryPeriod":{"PeriodCode":"T1","PeriodTitle":"Term 1"},"AcademicLevel":{"AcademicLevelCode":"L5","AcademicLevelTitle":"FHEQ Level 5"},"ModuleDeliveryType":"","ModeOfStudy":"Face-to-face","ModuleDeliveryTutor":{"PersonIdentifier":"UGRAS90","Name":"Udo Roland Grashoff","Email":""},"PreviousYearStudentCount":"5","NumberOfStudents":"5","ModuleDeliveryLocation":{"LocationIdentifier":"","LocationName":""},"ModuleDeliveryAssessment":{"AssessmentGroupCollection":{"@DefaultAssessmentGroup":"NULL","AssessmentGroup":[{"AssessmentGroupCode":"NULL","AssessmentGroupName":"","AssessmentComponentList":{"AssessmentComponent":[{"AssessmentComponentTitle":"Coursework two (1,800 words)","AssessmentComponentWeightPercentage":"35"},{"AssessmentComponentTitle":"Coursework three","AssessmentComponentWeightPercentage":"15"},{"AssessmentComponentTitle":"Coursework one (3,000 words)","AssessmentComponentWeightPercentage":"50"}]}},{"AssessmentGroupCode":"A","AssessmentGroupName":"","AssessmentComponentList":{"AssessmentComponent":[{"AssessmentComponentTitle":"Coursework three","AssessmentComponentWeightPercentage":"15"},{"AssessmentComponentTitle":"Coursework two (1,800 words)","AssessmentComponentWeightPercentage":"35"},{"AssessmentComponentTitle":"Coursework one (3,000 words)","AssessmentComponentWeightPercentage":"50"}]}}]}}}}}}}}