{"Response":{"Module":{"ModuleCode":"CEGE0108","ModuleIdentifier":"1194889873F411E89A86FAE8722E8321","ModuleTitle":"Materials and Applied Fluid Mechanics I","ModuleContact":{"Faculty":{"FacultyCode":"ENG","FacultyName":"Faculty of Engineering Sciences"},"Department":{"DepartmentCode":"CIVLG_ENG","DepartmentName":"Civil, Environmental and Geomatic Engineering"}},"ModuleValue":"15","ModuleStudyHours":"150","ModuleLearningHours":"50","ModuleSearchKeywords":"CIVIL ENGINEERING MATERIALS, CIVIL ENGINEERING FLUID MECHANICS","Email":"","ModuleSuperGroup":"","CEFRLevel":"","ModuleInstance":{"AcademicYearCode":"2019","AcademicYearDescription":"2019/20 academic  year","ModuleInstanceDescription":"<p>\n\tThe module aims to provide knowledge and understanding of fundamental principles of materials and fluid mechanics and to teach how to use these principles in civil engineering practice through linkage to the Civil Engineering Design Module. The module helps students to fit understanding of fluids and materials into the bigger engineering picture. It provides intellectual, practical and transferable skills that will allow students to develop careers in civil engineering.</p>\n<p>\n\tThe module delivers the following learning outcomes:</p>\n<p>\n\tFluid Mechancis</p>\n<p>\n\t1. Understanding forces acting on a fluid volume and basic principles of fluid motion</p>\n<p>\n\t2. Using a 1D continuity equation for calculating fluid velocities and flow rates.</p>\n<p>\n\t3. Understanding of hydrostatics and its applications</p>\n<p>\n\t4. Understanding energy conservation in fluids and applications of Bernoulli equation</p>\n<p>\n\t5. Application of steady flow energy equation to calculate flows in pipes and pipelines.</p>\n<p>\n\tMaterials</p>\n<p>\n\t1. Understanding of the mechanical behaviour of materials, including: elastic and plastic deformation, fracture, impact, creep, fatigue and mechanical testing;</p>\n<p>\n\t2. Understand the structure of metals, polymers and ceramics and comparison of their properties;</p>\n<p>\n\t3. Knowledge of the composition, mechanical behaviour and durability of timber.</p>\n<p>\n\t4. Develop the following transferable skills: problem solving, laboratory skills, presenting information textually and graphically.</p>\n","ModuleInstanceRestriction":"","ModuleInstanceSubjectCollection":"","ModuleDeliveryCollection":{"ModuleDelivery":{"ModuleDeliveryIdentifier":"11BD741073F411E89A86FAE8722E8321","LevelOfStudy":"Undergraduate","ModuleDeliveryPeriod":{"PeriodCode":"T1/2","PeriodTitle":"Terms 1 and 2"},"AcademicLevel":{"AcademicLevelCode":"L4","AcademicLevelTitle":"FHEQ Level 4"},"ModuleDeliveryType":"","ModeOfStudy":"Face-to-face","ModuleDeliveryTutor":{"PersonIdentifier":"EBULD04","Name":"Eugeny Buldakov","Email":""},"PreviousYearStudentCount":"95","NumberOfStudents":"95","ModuleDeliveryLocation":{"LocationIdentifier":"","LocationName":""},"ModuleDeliveryAssessment":{"AssessmentGroupCollection":{"@DefaultAssessmentGroup":"NULL","AssessmentGroup":[{"AssessmentGroupCode":"NULL","AssessmentGroupName":"","AssessmentComponentList":{"AssessmentComponent":[{"AssessmentComponentTitle":"Coursework two (1,800 words)","AssessmentComponentWeightPercentage":"35"},{"AssessmentComponentTitle":"Coursework three","AssessmentComponentWeightPercentage":"15"},{"AssessmentComponentTitle":"Coursework one (3,000 words)","AssessmentComponentWeightPercentage":"50"}]}},{"AssessmentGroupCode":"A","AssessmentGroupName":"","AssessmentComponentList":{"AssessmentComponent":[{"AssessmentComponentTitle":"Coursework three","AssessmentComponentWeightPercentage":"15"},{"AssessmentComponentTitle":"Coursework two (1,800 words)","AssessmentComponentWeightPercentage":"35"},{"AssessmentComponentTitle":"Coursework one (3,000 words)","AssessmentComponentWeightPercentage":"50"}]}}]}}}}}}}}