{"Response":{"Module":{"ModuleCode":"MECH0046","ModuleIdentifier":"1199123E73F711E89A86FAE8722E8321","ModuleTitle":"Tissue Engineering A","ModuleContact":{"Faculty":{"FacultyCode":"ENG","FacultyName":"Faculty of Engineering Sciences"},"Department":{"DepartmentCode":"MECHN_ENG","DepartmentName":"Mechanical Engineering"}},"ModuleValue":"7.5","ModuleStudyHours":"75","ModuleLearningHours":"38","ModuleSearchKeywords":"","Email":"mecheng.pg-queries@ucl.ac.uk","ModuleSuperGroup":"Tissue Engineering","CEFRLevel":"","ModuleInstance":{"AcademicYearCode":"2019","AcademicYearDescription":"2019/20 academic  year","ModuleInstanceDescription":"<p>\n\t<em>This description relates to the full year version of the module. Only the topics and content that is taught in Term 1 will be covered in this module.</em></p>\n<p>\n\tTissue engineering is a rapidly developing interdisciplinary subject that draws on different aspects of life sciences, engineering and physical sciences to address the maintenance, repair and replacement of damaged or diseased tissue. Typically, this will involve the use of a biomaterial scaffold to grow cells into 3D tissue constructs that can be transplanted into the patient to improve their health.</p>\n<p>\n\tThe Tissue Engineering module covers topics associated with the clinical implementation of this technology, ranging from cellular and molecular biology, through to examples of tissue engineering currently in clinical use, together with the challenges that currently exist in the development and application of this technology.</p>\n<p>\n\tThe learning objectives for the module are:</p>\n<ol>\n\t<li>\n\t\tTo provide students with specialist knowledge of tissue engineering strategies used to repair, replace and regenerate various tissues and organs.</li>\n\t<li>\n\t\tTo provide practical interdisciplinary experience of technologies relevant to tissue engineering.</li>\n\t<li>\n\t\tTo raise awareness of topical issues associated with tissue engineering.</li>\n</ol>\n","ModuleInstanceRestriction":"Only available to Term 1 only affiliate students","ModuleInstanceSubjectCollection":{"ModuleInstanceSubject":"Biomaterials"},"ModuleDeliveryCollection":{"ModuleDelivery":{"ModuleDeliveryIdentifier":"11A7BA8273F711E89A86FAE8722E8321","LevelOfStudy":"Postgraduate","ModuleDeliveryPeriod":{"PeriodCode":"T1","PeriodTitle":"Term 1"},"AcademicLevel":{"AcademicLevelCode":"L7","AcademicLevelTitle":"FHEQ Level 7"},"ModuleDeliveryType":"","ModeOfStudy":"Face-to-face","ModuleDeliveryTutor":{"PersonIdentifier":"MJEDE48","Name":"Mohan Jayantha Edirisinghe","Email":""},"PreviousYearStudentCount":"5","NumberOfStudents":"5","ModuleDeliveryLocation":{"LocationIdentifier":"","LocationName":""},"ModuleDeliveryAssessment":{"AssessmentGroupCollection":{"@DefaultAssessmentGroup":"NULL","AssessmentGroup":[{"AssessmentGroupCode":"NULL","AssessmentGroupName":"","AssessmentComponentList":{"AssessmentComponent":[{"AssessmentComponentTitle":"Coursework two (1,800 words)","AssessmentComponentWeightPercentage":"35"},{"AssessmentComponentTitle":"Coursework three","AssessmentComponentWeightPercentage":"15"},{"AssessmentComponentTitle":"Coursework one (3,000 words)","AssessmentComponentWeightPercentage":"50"}]}},{"AssessmentGroupCode":"A","AssessmentGroupName":"","AssessmentComponentList":{"AssessmentComponent":[{"AssessmentComponentTitle":"Coursework three","AssessmentComponentWeightPercentage":"15"},{"AssessmentComponentTitle":"Coursework two (1,800 words)","AssessmentComponentWeightPercentage":"35"},{"AssessmentComponentTitle":"Coursework one (3,000 words)","AssessmentComponentWeightPercentage":"50"}]}}]}}}}}}}}