{"Response":{"Module":{"ModuleCode":"ELEC0023","ModuleIdentifier":"11CE08B073F511E89A86FAE8722E8321","ModuleTitle":"Control Systems I","ModuleContact":{"Faculty":{"FacultyCode":"ENG","FacultyName":"Faculty of Engineering Sciences"},"Department":{"DepartmentCode":"ELECN_ENG","DepartmentName":"Electronic and Electrical Engineering"}},"ModuleValue":"15","ModuleStudyHours":"150","ModuleLearningHours":"30","ModuleSearchKeywords":"","Email":"ugadmin@ee.ucl.ac.uk","ModuleSuperGroup":"Control Systems I","CEFRLevel":"","ModuleInstance":{"AcademicYearCode":"2019","AcademicYearDescription":"2019/20 academic  year","ModuleInstanceDescription":"<p>\n\tThis course is concerned with the design of practical feedback controllers. Feedback is used in a control system to change the dynamics of the plant or process, and to reduce the sensitivity of the system to uncertainty from external signals (for example, disturbances and noise) and model uncertainty. If the performance specifications are achieved in the presence of the expected uncertainties, then the control is said to be robust. The course will also address issues around implementation of control systems. This module provides rigorous analysis of control systems, and studies the design of controllers and the industrial implementation of control algorithms. Nonlinearities in control systems are considered, to enable students to deal with real-life applications.&nbsp;&nbsp;</p>\n<p>\n\tOn completion of this course, students will be able to:</p>\n<ul>\n\t<li>\n\t\tComprehensively understand, and be able to apply to a range of practical situations, the basic scientific principles underlying control theory&nbsp;</li>\n\t<li>\n\t\tComprehensively know and understand the mathematical and computer models relevant to transfer function analysis and be able to apply them to real-world models for control systems</li>\n\t<li>\n\t\tExtensively know and apply stability criteria related to control systems based on the following diagrams and methods: Root Locus, Bode and Routh Hurwitz stability criteria, linearization methods, state space, multivariate control, non-linear control and digital control systems</li>\n\t<li>\n\t\tApply control theory techniques, such as PID controllers and multivariate control techniques, to electronic and electrical devices, such as (but not limited to) feedback amplifiers and electrical motors</li>\n\t<li>\n\t\tExtract data pertinent to an unfamiliar control system and apply computer based linear and non-linear control techniques when appropriate, while knowing their limitations</li>\n\t<li>\n\t\tComprehensively understand and be able to apply information from Control Systems books, journal and conference papers</li>\n\t<li>\n\t\tExtensively know and apply mathematical modeling techniques pertinent to control systems</li>\n\t<li>\n\t\tKnow and understand the commercial and economic context of control engineering</li>\n\t<li>\n\t\tGenerate innovative designs for control systems and components or processes to fulfill a particular commercial or engineering context</li>\n</ul>\n<p>\n\t&nbsp;</p>\n","ModuleInstanceRestriction":"","ModuleInstanceSubjectCollection":"","ModuleDeliveryCollection":{"ModuleDelivery":[{"ModuleDeliveryIdentifier":"11F2EA7C73F511E89A86FAE8722E8321","LevelOfStudy":"Undergraduate","ModuleDeliveryPeriod":{"PeriodCode":"T2","PeriodTitle":"Term 2"},"AcademicLevel":{"AcademicLevelCode":"L7","AcademicLevelTitle":"FHEQ Level 7"},"ModuleDeliveryType":"","ModeOfStudy":"Face-to-face","ModuleDeliveryTutor":{"PersonIdentifier":"IANDR50","Name":"Ioannis Andreopoulos","Email":""},"PreviousYearStudentCount":"20","NumberOfStudents":"20","ModuleDeliveryLocation":{"LocationIdentifier":"","LocationName":""},"ModuleDeliveryAssessment":{"AssessmentGroupCollection":{"@DefaultAssessmentGroup":"NULL","AssessmentGroup":[{"AssessmentGroupCode":"NULL","AssessmentGroupName":"","AssessmentComponentList":{"AssessmentComponent":[{"AssessmentComponentTitle":"Coursework two (1,800 words)","AssessmentComponentWeightPercentage":"35"},{"AssessmentComponentTitle":"Coursework three","AssessmentComponentWeightPercentage":"15"},{"AssessmentComponentTitle":"Coursework one (3,000 words)","AssessmentComponentWeightPercentage":"50"}]}},{"AssessmentGroupCode":"A","AssessmentGroupName":"","AssessmentComponentList":{"AssessmentComponent":[{"AssessmentComponentTitle":"Coursework three","AssessmentComponentWeightPercentage":"15"},{"AssessmentComponentTitle":"Coursework two (1,800 words)","AssessmentComponentWeightPercentage":"35"},{"AssessmentComponentTitle":"Coursework one (3,000 words)","AssessmentComponentWeightPercentage":"50"}]}}]}}},{"ModuleDeliveryIdentifier":"11DCA3B673F511E89A86FAE8722E8321","LevelOfStudy":"Undergraduate","ModuleDeliveryPeriod":{"PeriodCode":"T2","PeriodTitle":"Term 2"},"AcademicLevel":{"AcademicLevelCode":"L6","AcademicLevelTitle":"FHEQ Level 6"},"ModuleDeliveryType":"","ModeOfStudy":"Face-to-face","ModuleDeliveryTutor":{"PersonIdentifier":"IANDR50","Name":"Ioannis Andreopoulos","Email":""},"PreviousYearStudentCount":"70","NumberOfStudents":"70","ModuleDeliveryLocation":{"LocationIdentifier":"","LocationName":""},"ModuleDeliveryAssessment":{"AssessmentGroupCollection":{"@DefaultAssessmentGroup":"NULL","AssessmentGroup":[{"AssessmentGroupCode":"NULL","AssessmentGroupName":"","AssessmentComponentList":{"AssessmentComponent":[{"AssessmentComponentTitle":"Coursework two (1,800 words)","AssessmentComponentWeightPercentage":"35"},{"AssessmentComponentTitle":"Coursework three","AssessmentComponentWeightPercentage":"15"},{"AssessmentComponentTitle":"Coursework one (3,000 words)","AssessmentComponentWeightPercentage":"50"}]}},{"AssessmentGroupCode":"A","AssessmentGroupName":"","AssessmentComponentList":{"AssessmentComponent":[{"AssessmentComponentTitle":"Coursework three","AssessmentComponentWeightPercentage":"15"},{"AssessmentComponentTitle":"Coursework two (1,800 words)","AssessmentComponentWeightPercentage":"35"},{"AssessmentComponentTitle":"Coursework one (3,000 words)","AssessmentComponentWeightPercentage":"50"}]}}]}}}]}}}}}