{"Response":{"Module":{"ModuleCode":"ISSU0062","ModuleIdentifier":"11E1CA2C751F4C208B9DC0E2AFC14B16","ModuleTitle":"Quantitative Finance: Mathematics in Investment Banking","ModuleContact":{"Faculty":{"FacultyCode":"ART","FacultyName":"Faculty of Arts and Humanities"},"Department":{"DepartmentCode":"LANIE_ART","DepartmentName":"Centre for Languages and International Education"}},"ModuleValue":"15","ModuleStudyHours":"150","ModuleLearningHours":"45","ModuleSearchKeywords":"","Email":"summer@ucl.ac.uk","ModuleSuperGroup":"Quantitative Finance: Mathematics in Investment Ba","CEFRLevel":"","ModuleInstance":{"AcademicYearCode":"2019","AcademicYearDescription":"2019/20 academic  year","ModuleInstanceDescription":"<p>\n\tQuantitative Finance remains one of the fastest growing areas in modern finance. Alternative names are Financial Engineering, Mathematical Finance or Financial Mathematics. This is an application based course on the mathematical and computational aspects of derivative pricing. It lies at the heart of mathematics, computing, finance and economics. Both theory and numerical techniques will be presented, with computer simulations performed on MS Excel. If you are interested in technical finance and have wondered what Brownian Motion is, or how Monte Carlo methods are used to price options; then this module is precisely what you are looking for &ndash; covering It&ocirc; Calculus, Black-Scholes world and Monte Carlo simulations. This is not a theorem-proof based course, but all results will be derived.</p>\n<p>\n\t&nbsp;</p>\n<p>\n\tWeek One</p>\n<p style=\"margin-left:54.0pt;\">\n\t&middot;&nbsp;&nbsp;&nbsp;&nbsp;&nbsp;&nbsp;&nbsp;&nbsp; Maths refresher: differential equations and probability theory</p>\n<p style=\"margin-left:54.0pt;\">\n\t&middot;&nbsp;&nbsp;&nbsp;&nbsp;&nbsp;&nbsp;&nbsp;&nbsp; Introduction to the global financial markets and products that are traded in them &ndash; asset classes, futures/forwards and options. Fixed income world and bonds</p>\n<p style=\"margin-left:54.0pt;\">\n\t&middot;&nbsp;&nbsp;&nbsp;&nbsp;&nbsp;&nbsp;&nbsp;&nbsp; Modelling stock price returns &ndash; Excel based exercise</p>\n<p>\n\t&nbsp;</p>\n<p>\n\tWeek Two</p>\n<p style=\"margin-left:54.0pt;\">\n\t&middot;&nbsp;&nbsp;&nbsp;&nbsp;&nbsp;&nbsp;&nbsp;&nbsp; Binomial Model &ndash; no arbitrage and delta hedging; risk-neutrality and risk-neutral probabilities</p>\n<p style=\"margin-left:54.0pt;\">\n\t&middot;&nbsp;&nbsp;&nbsp;&nbsp;&nbsp;&nbsp;&nbsp;&nbsp; Applied Stochastic Calculus &ndash; Brownian motion (construction and properties), It&ocirc;&rsquo;s lemma and applications. Models for stocks, interest rates, volatility.</p>\n<p style=\"margin-left:72.0pt;\">\n\t&nbsp;</p>\n<p>\n\tWeek Three</p>\n<p style=\"margin-left:54.0pt;\">\n\t&middot;&nbsp;&nbsp;&nbsp;&nbsp;&nbsp;&nbsp;&nbsp;&nbsp; Black-Scholes model &ndash; assumptions, equation and famous Nobel prize winning formula.</p>\n<p style=\"margin-left:54.0pt;\">\n\t&middot;&nbsp;&nbsp;&nbsp;&nbsp;&nbsp;&nbsp;&nbsp;&nbsp; Plain vanillas and simple exotics</p>\n<p style=\"margin-left:54.0pt;\">\n\t&middot;&nbsp;&nbsp;&nbsp;&nbsp;&nbsp;&nbsp;&nbsp;&nbsp; Monte Carlo Method &ndash; connection between option prices and simulations.</p>\n<p style=\"margin-left:54.0pt;\">\n\t&nbsp;</p>\n<p>\n\tStudents will gain competence and confidence in understanding some of the essential mathematical and numerical techniques, and their practical use in investment banking to price options. These include the mathematical methods and computational finance schemes such as Monte Carlo. To provide international students the unique opportunity to study a very popular yet highly specialised branch of finance in an accessible way, which has a solid foundation in the department of mathematics at UCL. Completion of the module will generate further interest amongst students in the area of technical finance. More importantly students will appreciate that Quantitative Finance does not need to look like Rocket Science!&nbsp; &nbsp;</p>\n","ModuleInstanceRestriction":"For students on the UCL Summer School","ModuleInstanceSubjectCollection":"","ModuleDeliveryCollection":{"ModuleDelivery":[{"ModuleDeliveryIdentifier":"05D28E67F10E424F977AC58FF5B3A556","LevelOfStudy":"Undergraduate","ModuleDeliveryPeriod":{"PeriodCode":"T4","PeriodTitle":"Term 4"},"AcademicLevel":{"AcademicLevelCode":"L6","AcademicLevelTitle":"FHEQ Level 6"},"ModuleDeliveryType":"","ModeOfStudy":"Face-to-face","ModuleDeliveryTutor":{"PersonIdentifier":"RAHMA97","Name":"Riaz Ahmad","Email":""},"PreviousYearStudentCount":"","NumberOfStudents":"","ModuleDeliveryLocation":{"LocationIdentifier":"","LocationName":""},"ModuleDeliveryAssessment":{"AssessmentGroupCollection":{"@DefaultAssessmentGroup":"NULL","AssessmentGroup":[{"AssessmentGroupCode":"NULL","AssessmentGroupName":"","AssessmentComponentList":{"AssessmentComponent":[{"AssessmentComponentTitle":"Coursework two (1,800 words)","AssessmentComponentWeightPercentage":"35"},{"AssessmentComponentTitle":"Coursework three","AssessmentComponentWeightPercentage":"15"},{"AssessmentComponentTitle":"Coursework one (3,000 words)","AssessmentComponentWeightPercentage":"50"}]}},{"AssessmentGroupCode":"A","AssessmentGroupName":"","AssessmentComponentList":{"AssessmentComponent":[{"AssessmentComponentTitle":"Coursework three","AssessmentComponentWeightPercentage":"15"},{"AssessmentComponentTitle":"Coursework two (1,800 words)","AssessmentComponentWeightPercentage":"35"},{"AssessmentComponentTitle":"Coursework one (3,000 words)","AssessmentComponentWeightPercentage":"50"}]}}]}}},{"ModuleDeliveryIdentifier":"33343D655E014A34ABC243F3D1976045","LevelOfStudy":"Undergraduate","ModuleDeliveryPeriod":{"PeriodCode":"T4","PeriodTitle":"Term 4"},"AcademicLevel":{"AcademicLevelCode":"L5","AcademicLevelTitle":"FHEQ Level 5"},"ModuleDeliveryType":"","ModeOfStudy":"Face-to-face","ModuleDeliveryTutor":{"PersonIdentifier":"","Name":"","Email":""},"PreviousYearStudentCount":"","NumberOfStudents":"","ModuleDeliveryLocation":{"LocationIdentifier":"","LocationName":""},"ModuleDeliveryAssessment":{"AssessmentGroupCollection":{"@DefaultAssessmentGroup":"NULL","AssessmentGroup":[{"AssessmentGroupCode":"NULL","AssessmentGroupName":"","AssessmentComponentList":{"AssessmentComponent":[{"AssessmentComponentTitle":"Coursework two (1,800 words)","AssessmentComponentWeightPercentage":"35"},{"AssessmentComponentTitle":"Coursework three","AssessmentComponentWeightPercentage":"15"},{"AssessmentComponentTitle":"Coursework one (3,000 words)","AssessmentComponentWeightPercentage":"50"}]}},{"AssessmentGroupCode":"A","AssessmentGroupName":"","AssessmentComponentList":{"AssessmentComponent":[{"AssessmentComponentTitle":"Coursework three","AssessmentComponentWeightPercentage":"15"},{"AssessmentComponentTitle":"Coursework two (1,800 words)","AssessmentComponentWeightPercentage":"35"},{"AssessmentComponentTitle":"Coursework one (3,000 words)","AssessmentComponentWeightPercentage":"50"}]}}]}}}]}}}}}