{"Response":{"Module":{"ModuleCode":"ELEC0024","ModuleIdentifier":"1208994E73F511E89A86FAE8722E8321","ModuleTitle":"Digital Signal Processing and Systems","ModuleContact":{"Faculty":{"FacultyCode":"ENG","FacultyName":"Faculty of Engineering Sciences"},"Department":{"DepartmentCode":"ELECN_ENG","DepartmentName":"Electronic and Electrical Engineering"}},"ModuleValue":"15","ModuleStudyHours":"150","ModuleLearningHours":"30","ModuleSearchKeywords":"","Email":"ugadmin@ee.ucl.ac.uk","ModuleSuperGroup":"","CEFRLevel":"","ModuleInstance":{"AcademicYearCode":"2019","AcademicYearDescription":"2019/20 academic  year","ModuleInstanceDescription":"<p>\n\tThis module provides students with an introduction to Digital Signal Processing and Signal classification. Students will explore sampled data systems, the z-transform, aliasing and the sampling theorem, analysis of random signals, digital filters, and multirate processing and adaptive filters.&nbsp;<span style=\"font-family: Calibri, sans-serif; font-size: 11pt;\">The aim of this module is to help students understand and apply mathematical and engineering principles and tools, to the analysis, performance assessment and evaluation of digital signal processing systems.</span></p>\n<p>\n\tBy the end of the module students should have a thorough understanding of:</p>\n<ul>\n\t<li>\n\t\t<span style=\"font-size: 11pt; line-height: 115%; font-family: Calibri, sans-serif; color: rgb(68, 68, 68); background-image: initial; background-position: initial; background-size: initial; background-repeat: initial; background-attachment: initial; background-origin: initial; background-clip: initial;\">Fourier analysis</span></li>\n\t<li>\n\t\t<span style=\"font-size: 11pt; line-height: 115%; font-family: Calibri, sans-serif; color: rgb(68, 68, 68); background-image: initial; background-position: initial; background-size: initial; background-repeat: initial; background-attachment: initial; background-origin: initial; background-clip: initial;\">Z transforms</span></li>\n\t<li>\n\t\t<span style=\"font-size: 11pt; line-height: 115%; font-family: Calibri, sans-serif; color: rgb(68, 68, 68); background-image: initial; background-position: initial; background-size: initial; background-repeat: initial; background-attachment: initial; background-origin: initial; background-clip: initial;\">Convolution</span></li>\n\t<li>\n\t\t<span style=\"font-size: 11pt; line-height: 115%; font-family: Calibri, sans-serif; color: rgb(68, 68, 68); background-image: initial; background-position: initial; background-size: initial; background-repeat: initial; background-attachment: initial; background-origin: initial; background-clip: initial;\">Probability &amp; statistical analysis</span></li>\n\t<li>\n\t\t<span style=\"font-size: 11pt; line-height: 115%; font-family: Calibri, sans-serif; color: rgb(68, 68, 68); background-image: initial; background-position: initial; background-size: initial; background-repeat: initial; background-attachment: initial; background-origin: initial; background-clip: initial;\">Optimization methods</span></li>\n\t<li>\n\t\t<span style=\"font-size: 11pt; line-height: 115%; font-family: Calibri, sans-serif; color: rgb(68, 68, 68); background-image: initial; background-position: initial; background-size: initial; background-repeat: initial; background-attachment: initial; background-origin: initial; background-clip: initial;\">Application of Z transforms</span></li>\n\t<li>\n\t\t<span style=\"font-size: 11pt; line-height: 115%; font-family: Calibri, sans-serif; color: rgb(68, 68, 68); background-image: initial; background-position: initial; background-size: initial; background-repeat: initial; background-attachment: initial; background-origin: initial; background-clip: initial;\">Application of Fourier analysis</span></li>\n\t<li>\n\t\t<span style=\"font-size: 11pt; line-height: 115%; font-family: Calibri, sans-serif; color: rgb(68, 68, 68); background-image: initial; background-position: initial; background-size: initial; background-repeat: initial; background-attachment: initial; background-origin: initial; background-clip: initial;\">Communication channels</span></li>\n\t<li>\n\t\t<span style=\"font-size: 11pt; line-height: 115%; font-family: Calibri, sans-serif; color: rgb(68, 68, 68); background-image: initial; background-position: initial; background-size: initial; background-repeat: initial; background-attachment: initial; background-origin: initial; background-clip: initial;\">Noise in communications systems</span></li>\n</ul>\n","ModuleInstanceRestriction":"","ModuleInstanceSubjectCollection":"","ModuleDeliveryCollection":{"ModuleDelivery":[{"ModuleDeliveryIdentifier":"122D10C673F511E89A86FAE8722E8321","LevelOfStudy":"Undergraduate","ModuleDeliveryPeriod":{"PeriodCode":"T2","PeriodTitle":"Term 2"},"AcademicLevel":{"AcademicLevelCode":"L7","AcademicLevelTitle":"FHEQ Level 7"},"ModuleDeliveryType":"","ModeOfStudy":"Face-to-face","ModuleDeliveryTutor":{"PersonIdentifier":"KWONG98","Name":"Kai-Kit Wong","Email":""},"PreviousYearStudentCount":"20","NumberOfStudents":"20","ModuleDeliveryLocation":{"LocationIdentifier":"","LocationName":""},"ModuleDeliveryAssessment":{"AssessmentGroupCollection":{"@DefaultAssessmentGroup":"NULL","AssessmentGroup":[{"AssessmentGroupCode":"NULL","AssessmentGroupName":"","AssessmentComponentList":{"AssessmentComponent":[{"AssessmentComponentTitle":"Coursework two (1,800 words)","AssessmentComponentWeightPercentage":"35"},{"AssessmentComponentTitle":"Coursework three","AssessmentComponentWeightPercentage":"15"},{"AssessmentComponentTitle":"Coursework one (3,000 words)","AssessmentComponentWeightPercentage":"50"}]}},{"AssessmentGroupCode":"A","AssessmentGroupName":"","AssessmentComponentList":{"AssessmentComponent":[{"AssessmentComponentTitle":"Coursework three","AssessmentComponentWeightPercentage":"15"},{"AssessmentComponentTitle":"Coursework two (1,800 words)","AssessmentComponentWeightPercentage":"35"},{"AssessmentComponentTitle":"Coursework one (3,000 words)","AssessmentComponentWeightPercentage":"50"}]}}]}}},{"ModuleDeliveryIdentifier":"1217027273F511E89A86FAE8722E8321","LevelOfStudy":"Undergraduate","ModuleDeliveryPeriod":{"PeriodCode":"T2","PeriodTitle":"Term 2"},"AcademicLevel":{"AcademicLevelCode":"L6","AcademicLevelTitle":"FHEQ Level 6"},"ModuleDeliveryType":"","ModeOfStudy":"Face-to-face","ModuleDeliveryTutor":{"PersonIdentifier":"KWONG98","Name":"Kai-Kit Wong","Email":""},"PreviousYearStudentCount":"65","NumberOfStudents":"65","ModuleDeliveryLocation":{"LocationIdentifier":"","LocationName":""},"ModuleDeliveryAssessment":{"AssessmentGroupCollection":{"@DefaultAssessmentGroup":"NULL","AssessmentGroup":[{"AssessmentGroupCode":"NULL","AssessmentGroupName":"","AssessmentComponentList":{"AssessmentComponent":[{"AssessmentComponentTitle":"Coursework two (1,800 words)","AssessmentComponentWeightPercentage":"35"},{"AssessmentComponentTitle":"Coursework three","AssessmentComponentWeightPercentage":"15"},{"AssessmentComponentTitle":"Coursework one (3,000 words)","AssessmentComponentWeightPercentage":"50"}]}},{"AssessmentGroupCode":"A","AssessmentGroupName":"","AssessmentComponentList":{"AssessmentComponent":[{"AssessmentComponentTitle":"Coursework three","AssessmentComponentWeightPercentage":"15"},{"AssessmentComponentTitle":"Coursework two (1,800 words)","AssessmentComponentWeightPercentage":"35"},{"AssessmentComponentTitle":"Coursework one (3,000 words)","AssessmentComponentWeightPercentage":"50"}]}}]}}}]}}}}}