{"Response":{"Module":{"ModuleCode":"MECH0049","ModuleIdentifier":"1218C8BC73F711E89A86FAE8722E8321","ModuleTitle":"Innovation and Group Design Project","ModuleContact":{"Faculty":{"FacultyCode":"ENG","FacultyName":"Faculty of Engineering Sciences"},"Department":{"DepartmentCode":"MECHN_ENG","DepartmentName":"Mechanical Engineering"}},"ModuleValue":"30","ModuleStudyHours":"300","ModuleLearningHours":"84","ModuleSearchKeywords":"GROUP PROJECT","Email":"mecheng.pg-queries@ucl.ac.uk","ModuleSuperGroup":"","CEFRLevel":"","ModuleInstance":{"AcademicYearCode":"2019","AcademicYearDescription":"2019/20 academic  year","ModuleInstanceDescription":"<p>\n\tThis module provides students from the MSc Engineering with Finance and MSc Engineering with Innovation and Entrepreneurship&nbsp;with experience of&nbsp;working as a group, in liaison, where possible, with industry, in order to design a complex engineering product, system or service under stringent time and resource limitations and to assess its commercial potential.</p>\n<p>\n\tStudents have the opportunity to apply formal project management techniques such as planning, resource allocation, cost estimation, project monitoring and reporting, and to develop commercial skills and business awareness.</p>\n<p>\n\tA working prototype, full technical specification, parts lists, details of&nbsp;the supply chain, manufacturing plan, pricing, and marketing strategy&nbsp;must be developed. In addition a full business plan with five year&nbsp;projections must be given, including an assessment of the likely sources&nbsp;of start-up capital funds.</p>\n<p>\n\t&nbsp;</p>\n","ModuleInstanceRestriction":"","ModuleInstanceSubjectCollection":{"ModuleInstanceSubject":"Project Management"},"ModuleDeliveryCollection":{"ModuleDelivery":{"ModuleDeliveryIdentifier":"1227966C73F711E89A86FAE8722E8321","LevelOfStudy":"Postgraduate","ModuleDeliveryPeriod":{"PeriodCode":"T1/2","PeriodTitle":"Terms 1 and 2"},"AcademicLevel":{"AcademicLevelCode":"L7","AcademicLevelTitle":"FHEQ Level 7"},"ModuleDeliveryType":"","ModeOfStudy":"Face-to-face","ModuleDeliveryTutor":{"PersonIdentifier":"MMIOD11","Name":"Mark Miodownik","Email":""},"PreviousYearStudentCount":"60","NumberOfStudents":"60","ModuleDeliveryLocation":{"LocationIdentifier":"","LocationName":""},"ModuleDeliveryAssessment":{"AssessmentGroupCollection":{"@DefaultAssessmentGroup":"NULL","AssessmentGroup":[{"AssessmentGroupCode":"NULL","AssessmentGroupName":"","AssessmentComponentList":{"AssessmentComponent":[{"AssessmentComponentTitle":"Coursework two (1,800 words)","AssessmentComponentWeightPercentage":"35"},{"AssessmentComponentTitle":"Coursework three","AssessmentComponentWeightPercentage":"15"},{"AssessmentComponentTitle":"Coursework one (3,000 words)","AssessmentComponentWeightPercentage":"50"}]}},{"AssessmentGroupCode":"A","AssessmentGroupName":"","AssessmentComponentList":{"AssessmentComponent":[{"AssessmentComponentTitle":"Coursework three","AssessmentComponentWeightPercentage":"15"},{"AssessmentComponentTitle":"Coursework two (1,800 words)","AssessmentComponentWeightPercentage":"35"},{"AssessmentComponentTitle":"Coursework one (3,000 words)","AssessmentComponentWeightPercentage":"50"}]}}]}}}}}}}}