{"Response":{"Module":{"ModuleCode":"HIST0646","ModuleIdentifier":"1246B7C873F611E89A86FAE8722E8321","ModuleTitle":"The Rise and Fall of Yugoslavia A","ModuleContact":{"Faculty":{"FacultyCode":"SHS","FacultyName":"Faculty of Social and Historical Sciences"},"Department":{"DepartmentCode":"HISTR_SHS","DepartmentName":"History"}},"ModuleValue":"15","ModuleStudyHours":"150","ModuleLearningHours":"20","ModuleSearchKeywords":"","Email":"","ModuleSuperGroup":"The Rise and Fall of Yugoslavia","CEFRLevel":"","ModuleInstance":{"AcademicYearCode":"2019","AcademicYearDescription":"2019/20 academic  year","ModuleInstanceDescription":"This module is for term 2 affiliate students only (students arriving in January).\n\nThis course gives an introduction to the history and culture of Yugoslavia. Created in a relatively small area, characterised by great geographic, religious, linguistic and cultural diversity after the break-up of the Austro-Hungarian and the Ottoman Empire, Yugoslavia¿s political elites had throughout its existence struggled for a viable and lasting model for a common South Slavic country as desired by the great majority of its inhabitants. Their failure resulted not only in the disintegration of Yugoslavia and its reconstitution into yet more `nation-states¿ but was also followed by bloody inter-ethnic wars. The course concentrates on the political history but also looks at economic, cultural, religious, linguistic and other related issues which influenced the history of Yugoslavia. The aim of the course is to give the student a framework for understanding modern Yugoslav history and culture and the reasons behind its two creations and collapses during the short twentieth century that historian Eric Hobsbawm famously called `The Age of Extremes¿. Students with an interest in complexities of national identity and nationalism will have a chance to deepen their knowledge studying a specific country where these issues played the major role behind all recent historic development. There are weekly lectures and classes.","ModuleInstanceRestriction":"","ModuleInstanceSubjectCollection":"","ModuleDeliveryCollection":{"ModuleDelivery":{"ModuleDeliveryIdentifier":"125585AA73F611E89A86FAE8722E8321","LevelOfStudy":"Undergraduate","ModuleDeliveryPeriod":{"PeriodCode":"T2","PeriodTitle":"Term 2"},"AcademicLevel":{"AcademicLevelCode":"L6","AcademicLevelTitle":"FHEQ Level 6"},"ModuleDeliveryType":"","ModeOfStudy":"Face-to-face","ModuleDeliveryTutor":{"PersonIdentifier":"BALEK43","Name":"Bojan Aleksov","Email":""},"PreviousYearStudentCount":"5","NumberOfStudents":"5","ModuleDeliveryLocation":{"LocationIdentifier":"","LocationName":""},"ModuleDeliveryAssessment":{"AssessmentGroupCollection":{"@DefaultAssessmentGroup":"NULL","AssessmentGroup":[{"AssessmentGroupCode":"NULL","AssessmentGroupName":"","AssessmentComponentList":{"AssessmentComponent":[{"AssessmentComponentTitle":"Coursework two (1,800 words)","AssessmentComponentWeightPercentage":"35"},{"AssessmentComponentTitle":"Coursework three","AssessmentComponentWeightPercentage":"15"},{"AssessmentComponentTitle":"Coursework one (3,000 words)","AssessmentComponentWeightPercentage":"50"}]}},{"AssessmentGroupCode":"A","AssessmentGroupName":"","AssessmentComponentList":{"AssessmentComponent":[{"AssessmentComponentTitle":"Coursework three","AssessmentComponentWeightPercentage":"15"},{"AssessmentComponentTitle":"Coursework two (1,800 words)","AssessmentComponentWeightPercentage":"35"},{"AssessmentComponentTitle":"Coursework one (3,000 words)","AssessmentComponentWeightPercentage":"50"}]}}]}}}}}}}}