{"Response":{"Module":{"ModuleCode":"SEEE0007","ModuleIdentifier":"124A2D8E73F811E89A86FAE8722E8321","ModuleTitle":"Languages in Contact along the Danube: Intercultural Frictions and Flows","ModuleContact":{"Faculty":{"FacultyCode":"ART","FacultyName":"Faculty of Arts and Humanities"},"Department":{"DepartmentCode":"SSEEL_ART","DepartmentName":"SSEES - East European Languages and Culture"}},"ModuleValue":"15","ModuleStudyHours":"150","ModuleLearningHours":"20","ModuleSearchKeywords":"LITERATURE CULTURE SOCIETY DANUBE","Email":"","ModuleSuperGroup":"Languages in Contact along the Danube: Intercultur","CEFRLevel":"","ModuleInstance":{"AcademicYearCode":"2019","AcademicYearDescription":"2019/20 academic  year","ModuleInstanceDescription":"<div>\n\tWhat happens to people and to their languages when they come into contact with each other? This module explores this question in the context of the languages and peoples of the Danube region, focusing on German, Hungarian, Romanian, Serbian and Croatian, and Yiddish. These languages belong to two genealogically different groups (Indo-European and Uralic) and one (Yiddish) bears traces of a third group (Semitic); within Indo-European, three different sub-groups are represented (Germanic, Romance, Slavonic). The module will use data from these languages (texts in the original, idioms, proverbs, jokes, etc.) to explore language and cultural contact from both a purely linguistic perspective (language relatedness v. typological features of languages, script v. sounds, areal connections, borrowing of words, idioms, and figures of speech) and a sociolinguistic point of view (intercultural exchange, multilingualism, standardisation, purism, and the relation between language and identity). It will explore how Danubian languages both converge and differ, how Danubian culture is both intercultural friction and intercultural flow.</div>\n<div>\n\t&nbsp;</div>\n<div>\n\tDefining questions of the module include:</div>\n<div>\n\t- In which way are languages along the Danube likely to borrow from each other and why?</div>\n<div>\n\t- What are these languages like and what are their shared features despite their typological differences?</div>\n<div>\n\t- What are the underlying socio-cultural reasons for using particular idioms, ethnonyms, jokes, metaphors, and script?</div>\n<div>\n\t- How do people assert differences through language and how is similarity of culture imprinted on language?</div>\n<div>\n\t&nbsp;</div>\n<div>\n\tThe module is an introduction not only to talk about language but also to experiment in the languages that the course explores! By analysing authentic material, you will develop an introductory knowledge of the five languages as well as linguistic methods.</div>\n","ModuleInstanceRestriction":"","ModuleInstanceSubjectCollection":{"ModuleInstanceSubject":"Russian and East European Languages and Cultural Studies"},"ModuleDeliveryCollection":{"ModuleDelivery":{"ModuleDeliveryIdentifier":"1258F26073F811E89A86FAE8722E8321","LevelOfStudy":"Undergraduate","ModuleDeliveryPeriod":{"PeriodCode":"T2","PeriodTitle":"Term 2"},"AcademicLevel":{"AcademicLevelCode":"L5","AcademicLevelTitle":"FHEQ Level 5"},"ModuleDeliveryType":"","ModeOfStudy":"Face-to-face","ModuleDeliveryTutor":{"PersonIdentifier":"ETARS06","Name":"Eszter Tarsoly","Email":""},"PreviousYearStudentCount":"30","NumberOfStudents":"30","ModuleDeliveryLocation":{"LocationIdentifier":"","LocationName":""},"ModuleDeliveryAssessment":{"AssessmentGroupCollection":{"@DefaultAssessmentGroup":"NULL","AssessmentGroup":[{"AssessmentGroupCode":"NULL","AssessmentGroupName":"","AssessmentComponentList":{"AssessmentComponent":[{"AssessmentComponentTitle":"Coursework two (1,800 words)","AssessmentComponentWeightPercentage":"35"},{"AssessmentComponentTitle":"Coursework three","AssessmentComponentWeightPercentage":"15"},{"AssessmentComponentTitle":"Coursework one (3,000 words)","AssessmentComponentWeightPercentage":"50"}]}},{"AssessmentGroupCode":"A","AssessmentGroupName":"","AssessmentComponentList":{"AssessmentComponent":[{"AssessmentComponentTitle":"Coursework three","AssessmentComponentWeightPercentage":"15"},{"AssessmentComponentTitle":"Coursework two (1,800 words)","AssessmentComponentWeightPercentage":"35"},{"AssessmentComponentTitle":"Coursework one (3,000 words)","AssessmentComponentWeightPercentage":"50"}]}}]}}}}}}}}