{"Response":{"Module":{"ModuleCode":"CELL0002","ModuleIdentifier":"124ED1EE73F411E89A86FAE8722E8321","ModuleTitle":"Mechanisms of Development (Extended)","ModuleContact":{"Faculty":{"FacultyCode":"LIF","FacultyName":"Faculty of Life Sciences"},"Department":{"DepartmentCode":"BIOSC_LIF","DepartmentName":"Division of Biosciences"}},"ModuleValue":"30","ModuleStudyHours":"300","ModuleLearningHours":"60","ModuleSearchKeywords":"DEVELOPMENT, DEVELOPMENTAL BIOLOGY, EMBRYOLOGY, MODEL ORGANISMS","Email":"c.stern@ucl.ac.uk","ModuleSuperGroup":"","CEFRLevel":"","ModuleInstance":{"AcademicYearCode":"2019","AcademicYearDescription":"2019/20 academic  year","ModuleInstanceDescription":"<p>\n\tThis module will consider the cellular and molecular events which underlie animal development and cell differentiation, drawing on examples of a range of vertebrate and invertebrate organisms. Topics to be covered include maternal, gap and pair-rule genes, imaginal discs and signalling pathways, gastrulation, hindbrain and PNS patterning, limb development and regeneration, neural induction, and aspects of development in the human adult.</p>\n<p>\n\tThe objective, to be achieved through lectures and reading of research papers, is to examine the mechanisms of development through a detailed study of the experimental evidence in order improve students&rsquo; knowledge and understanding of current research in developmental biology.</p>\n<p>\n\tAimed at students with particular interests in developmental biology, the module provides practical experience of the model systems described in the lectures. The lectures are common to the 15-credit module CELL0001.&nbsp; This 30-credit version includes a series of compulsory practicals in, e.g. <em>Xenopus</em>, zebrafish, chick, <em>C. elegans,</em> mouse and <em>Drosophila</em>. Practicals are assessed by individual assignments.</p>\n<p>\n\t<strong>Indicative lecture and practical topics </strong>&ndash; based on module content in 2018/19</p>\n<ul>\n\t<li>\n\t\tIntroduction to developmental biology</li>\n\t<li>\n\t\tCell signalling (2 lectures)</li>\n\t<li>\n\t\tNeural crest</li>\n\t<li>\n\t\tFish as a model</li>\n\t<li>\n\t\tBrain asymmetry</li>\n\t<li>\n\t\tModelling developmental disease in fish</li>\n\t<li>\n\t\tChick as a classical system (3 lectures)</li>\n\t<li>\n\t\t<em>C. elegans</em> as a model system to study conserved developmental principles (2 lectures)</li>\n\t<li>\n\t\tMouse axis specification and genetic approaches (2 lectures)</li>\n\t<li>\n\t\tHuman embryos and stem cells</li>\n\t<li>\n\t\tSea urchin development and gene regulatory networks</li>\n\t<li>\n\t\t<em>Drosophila</em> and developmental genetics.</li>\n</ul>\n<p>\n\t&nbsp;</p>\n","ModuleInstanceRestriction":"Available to students in Years 3 and 4 with good understanding of Developmental Biology (e.g. BIOL0013 or MBBS Developmental Biology). Others interested in taking the module should contact module organizer.","ModuleInstanceSubjectCollection":{"ModuleInstanceSubject":["Developmental Biology","Biology"]},"ModuleDeliveryCollection":{"ModuleDelivery":[{"ModuleDeliveryIdentifier":"1271684E73F411E89A86FAE8722E8321","LevelOfStudy":"Undergraduate","ModuleDeliveryPeriod":{"PeriodCode":"T1","PeriodTitle":"Term 1"},"AcademicLevel":{"AcademicLevelCode":"L7","AcademicLevelTitle":"FHEQ Level 7"},"ModuleDeliveryType":"","ModeOfStudy":"Face-to-face","ModuleDeliveryTutor":{"PersonIdentifier":"CSTER26","Name":"Claudio Daniel Stern","Email":""},"PreviousYearStudentCount":"1","NumberOfStudents":"1","ModuleDeliveryLocation":{"LocationIdentifier":"","LocationName":""},"ModuleDeliveryAssessment":{"AssessmentGroupCollection":{"@DefaultAssessmentGroup":"NULL","AssessmentGroup":[{"AssessmentGroupCode":"NULL","AssessmentGroupName":"","AssessmentComponentList":{"AssessmentComponent":[{"AssessmentComponentTitle":"Coursework two (1,800 words)","AssessmentComponentWeightPercentage":"35"},{"AssessmentComponentTitle":"Coursework three","AssessmentComponentWeightPercentage":"15"},{"AssessmentComponentTitle":"Coursework one (3,000 words)","AssessmentComponentWeightPercentage":"50"}]}},{"AssessmentGroupCode":"A","AssessmentGroupName":"","AssessmentComponentList":{"AssessmentComponent":[{"AssessmentComponentTitle":"Coursework three","AssessmentComponentWeightPercentage":"15"},{"AssessmentComponentTitle":"Coursework two (1,800 words)","AssessmentComponentWeightPercentage":"35"},{"AssessmentComponentTitle":"Coursework one (3,000 words)","AssessmentComponentWeightPercentage":"50"}]}}]}}},{"ModuleDeliveryIdentifier":"125CBE4E73F411E89A86FAE8722E8321","LevelOfStudy":"Undergraduate","ModuleDeliveryPeriod":{"PeriodCode":"T1","PeriodTitle":"Term 1"},"AcademicLevel":{"AcademicLevelCode":"L6","AcademicLevelTitle":"FHEQ Level 6"},"ModuleDeliveryType":"","ModeOfStudy":"Face-to-face","ModuleDeliveryTutor":{"PersonIdentifier":"CSTER26","Name":"Claudio Daniel Stern","Email":""},"PreviousYearStudentCount":"16","NumberOfStudents":"16","ModuleDeliveryLocation":{"LocationIdentifier":"","LocationName":""},"ModuleDeliveryAssessment":{"AssessmentGroupCollection":{"@DefaultAssessmentGroup":"NULL","AssessmentGroup":[{"AssessmentGroupCode":"NULL","AssessmentGroupName":"","AssessmentComponentList":{"AssessmentComponent":[{"AssessmentComponentTitle":"Coursework two (1,800 words)","AssessmentComponentWeightPercentage":"35"},{"AssessmentComponentTitle":"Coursework three","AssessmentComponentWeightPercentage":"15"},{"AssessmentComponentTitle":"Coursework one (3,000 words)","AssessmentComponentWeightPercentage":"50"}]}},{"AssessmentGroupCode":"A","AssessmentGroupName":"","AssessmentComponentList":{"AssessmentComponent":[{"AssessmentComponentTitle":"Coursework three","AssessmentComponentWeightPercentage":"15"},{"AssessmentComponentTitle":"Coursework two (1,800 words)","AssessmentComponentWeightPercentage":"35"},{"AssessmentComponentTitle":"Coursework one (3,000 words)","AssessmentComponentWeightPercentage":"50"}]}}]}}}]}}}}}