{"Response":{"Module":{"ModuleCode":"SEEE0008","ModuleIdentifier":"126CD8AC73F811E89A86FAE8722E8321","ModuleTitle":"Stories of Change, Formal Experiments and New Waves","ModuleContact":{"Faculty":{"FacultyCode":"ART","FacultyName":"Faculty of Arts and Humanities"},"Department":{"DepartmentCode":"SSEEL_ART","DepartmentName":"SSEES - East European Languages and Culture"}},"ModuleValue":"15","ModuleStudyHours":"150","ModuleLearningHours":"20","ModuleSearchKeywords":"FILM, CINEMA,","Email":"","ModuleSuperGroup":"","CEFRLevel":"","ModuleInstance":{"AcademicYearCode":"2019","AcademicYearDescription":"2019/20 academic  year","ModuleInstanceDescription":"<p>\n\tSince the imposition of Communism in Eastern Europe the cinema of the region went through an unprecedented change with films becoming a part of official propaganda. 1989 brought more changes yet even before the Solidarity movement in Poland in 1980s and the collapse of the Berlin Wall nine years later, cinema in Eastern Europe was producing masterpieces such as films by Polanski with or Wajda in Poland, Makavejev in Yugoslavia or Menzel with his Surrealist and avant-garde credentials in Czechoslovakia. The pressure of censorship added to the ways the cinema of the region was understood abroad.</p>\n<p>\n\tThe 1989 political change resulted not only in Hollywood-style action films but also in questioning major national narratives and re-addressing the eternal questions about one&rsquo;s responsibility, the meaning of life, love and death. The module focuses on films that present the role of an individual in a totalitarian system, the results of the political changes in 1945 and 1989, including forms of post-socialist nostalgia and humour.</p>\n","ModuleInstanceRestriction":"","ModuleInstanceSubjectCollection":{"ModuleInstanceSubject":"Russian and East European Languages and Cultural Studies"},"ModuleDeliveryCollection":{"ModuleDelivery":{"ModuleDeliveryIdentifier":"127BD1C273F811E89A86FAE8722E8321","LevelOfStudy":"Undergraduate","ModuleDeliveryPeriod":{"PeriodCode":"T1","PeriodTitle":"Term 1"},"AcademicLevel":{"AcademicLevelCode":"L5","AcademicLevelTitle":"FHEQ Level 5"},"ModuleDeliveryType":"","ModeOfStudy":"Face-to-face","ModuleDeliveryTutor":{"PersonIdentifier":"KZECH17","Name":"Katarzyna Zechenter","Email":""},"PreviousYearStudentCount":"","NumberOfStudents":"0","ModuleDeliveryLocation":{"LocationIdentifier":"","LocationName":""},"ModuleDeliveryAssessment":{"AssessmentGroupCollection":{"@DefaultAssessmentGroup":"NULL","AssessmentGroup":[{"AssessmentGroupCode":"NULL","AssessmentGroupName":"","AssessmentComponentList":{"AssessmentComponent":[{"AssessmentComponentTitle":"Coursework two (1,800 words)","AssessmentComponentWeightPercentage":"35"},{"AssessmentComponentTitle":"Coursework three","AssessmentComponentWeightPercentage":"15"},{"AssessmentComponentTitle":"Coursework one (3,000 words)","AssessmentComponentWeightPercentage":"50"}]}},{"AssessmentGroupCode":"A","AssessmentGroupName":"","AssessmentComponentList":{"AssessmentComponent":[{"AssessmentComponentTitle":"Coursework three","AssessmentComponentWeightPercentage":"15"},{"AssessmentComponentTitle":"Coursework two (1,800 words)","AssessmentComponentWeightPercentage":"35"},{"AssessmentComponentTitle":"Coursework one (3,000 words)","AssessmentComponentWeightPercentage":"50"}]}}]}}}}}}}}