{"Response":{"Module":{"ModuleCode":"ELEC0026","ModuleIdentifier":"127E0E4A73F511E89A86FAE8722E8321","ModuleTitle":"Electronic Circuits III","ModuleContact":{"Faculty":{"FacultyCode":"ENG","FacultyName":"Faculty of Engineering Sciences"},"Department":{"DepartmentCode":"ELECN_ENG","DepartmentName":"Electronic and Electrical Engineering"}},"ModuleValue":"15","ModuleStudyHours":"150","ModuleLearningHours":"30","ModuleSearchKeywords":"","Email":"ugadmin@ee.ucl.ac.uk","ModuleSuperGroup":"","CEFRLevel":"","ModuleInstance":{"AcademicYearCode":"2019","AcademicYearDescription":"2019/20 academic  year","ModuleInstanceDescription":"<div>\n\tThis module will further advance students understanding of the principles of operation of electronic circuits and their design procedures, with particular reference to analogue CMOS circuits and high-speed techniques.&nbsp;</div>\n<div>\n\t&nbsp;</div>\n<div>\n\tBy the end of the module students should have a good understand of:</div>\n<div>\n\t<ul>\n\t\t<li>\n\t\t\tCircuit theory</li>\n\t\t<li>\n\t\t\tAnalogue and digital electronics and associated components</li>\n\t\t<li>\n\t\t\t]Analogue and digital signals and systems</li>\n\t\t<li>\n\t\t\t&ldquo;Classical&rdquo; control theory (in PLL section)</li>\n\t\t<li>\n\t\t\tNoise in communications systems.</li>\n\t</ul>\n</div>\n<p>\n\tStudents will look at the following:</p>\n<div>\n\t<div>\n\t\t<strong>Analogue CMOS integrated circuits</strong></div>\n\t<ul>\n\t\t<li>\n\t\t\tMOS device physics (revision)</li>\n\t\t<li>\n\t\t\tComparison of CMOS and bipolar analogue circuits</li>\n\t\t<li>\n\t\t\tSingle-stage MOS amplifiers</li>\n\t\t<li>\n\t\t\tDifferential MOS amplifiers</li>\n\t\t<li>\n\t\t\tMOS current mirrors</li>\n\t\t<li>\n\t\t\tFrequency response of MOS amplifiers</li>\n\t</ul>\n\t<div>\n\t\t<strong>High speed techniques</strong></div>\n\t<ul>\n\t\t<li>\n\t\t\tPhase-locked loops (PLLs)</li>\n\t\t<li>\n\t\t\tFrequency synthesis</li>\n\t\t<li>\n\t\t\tInteger and fractional loops</li>\n\t\t<li>\n\t\t\tPLL design and analysis fundamentals and stability</li>\n\t\t<li>\n\t\t\tSingle and two-point modulation</li>\n\t\t<li>\n\t\t\tNoise performance</li>\n\t\t<li>\n\t\t\tAcquisition</li>\n\t\t<li>\n\t\t\tApplications</li>\n\t</ul>\n\t<div>\n\t\t<strong>Intermodulation in RF circuits</strong></div>\n</div>\n<p>\n\t&nbsp;</p>\n","ModuleInstanceRestriction":"","ModuleInstanceSubjectCollection":"","ModuleDeliveryCollection":{"ModuleDelivery":[{"ModuleDeliveryIdentifier":"12A34D0E73F511E89A86FAE8722E8321","LevelOfStudy":"Undergraduate","ModuleDeliveryPeriod":{"PeriodCode":"T1","PeriodTitle":"Term 1"},"AcademicLevel":{"AcademicLevelCode":"L7","AcademicLevelTitle":"FHEQ Level 7"},"ModuleDeliveryType":"","ModeOfStudy":"Face-to-face","ModuleDeliveryTutor":{"PersonIdentifier":"PVBRE73","Name":"Paul Victor Brennan","Email":""},"PreviousYearStudentCount":"15","NumberOfStudents":"15","ModuleDeliveryLocation":{"LocationIdentifier":"","LocationName":""},"ModuleDeliveryAssessment":{"AssessmentGroupCollection":{"@DefaultAssessmentGroup":"NULL","AssessmentGroup":[{"AssessmentGroupCode":"NULL","AssessmentGroupName":"","AssessmentComponentList":{"AssessmentComponent":[{"AssessmentComponentTitle":"Coursework two (1,800 words)","AssessmentComponentWeightPercentage":"35"},{"AssessmentComponentTitle":"Coursework three","AssessmentComponentWeightPercentage":"15"},{"AssessmentComponentTitle":"Coursework one (3,000 words)","AssessmentComponentWeightPercentage":"50"}]}},{"AssessmentGroupCode":"A","AssessmentGroupName":"","AssessmentComponentList":{"AssessmentComponent":[{"AssessmentComponentTitle":"Coursework three","AssessmentComponentWeightPercentage":"15"},{"AssessmentComponentTitle":"Coursework two (1,800 words)","AssessmentComponentWeightPercentage":"35"},{"AssessmentComponentTitle":"Coursework one (3,000 words)","AssessmentComponentWeightPercentage":"50"}]}}]}}},{"ModuleDeliveryIdentifier":"128CF87E73F511E89A86FAE8722E8321","LevelOfStudy":"Undergraduate","ModuleDeliveryPeriod":{"PeriodCode":"T1","PeriodTitle":"Term 1"},"AcademicLevel":{"AcademicLevelCode":"L6","AcademicLevelTitle":"FHEQ Level 6"},"ModuleDeliveryType":"","ModeOfStudy":"Face-to-face","ModuleDeliveryTutor":{"PersonIdentifier":"PVBRE73","Name":"Paul Victor Brennan","Email":""},"PreviousYearStudentCount":"40","NumberOfStudents":"40","ModuleDeliveryLocation":{"LocationIdentifier":"","LocationName":""},"ModuleDeliveryAssessment":{"AssessmentGroupCollection":{"@DefaultAssessmentGroup":"NULL","AssessmentGroup":[{"AssessmentGroupCode":"NULL","AssessmentGroupName":"","AssessmentComponentList":{"AssessmentComponent":[{"AssessmentComponentTitle":"Coursework two (1,800 words)","AssessmentComponentWeightPercentage":"35"},{"AssessmentComponentTitle":"Coursework three","AssessmentComponentWeightPercentage":"15"},{"AssessmentComponentTitle":"Coursework one (3,000 words)","AssessmentComponentWeightPercentage":"50"}]}},{"AssessmentGroupCode":"A","AssessmentGroupName":"","AssessmentComponentList":{"AssessmentComponent":[{"AssessmentComponentTitle":"Coursework three","AssessmentComponentWeightPercentage":"15"},{"AssessmentComponentTitle":"Coursework two (1,800 words)","AssessmentComponentWeightPercentage":"35"},{"AssessmentComponentTitle":"Coursework one (3,000 words)","AssessmentComponentWeightPercentage":"50"}]}}]}}}]}}}}}