{"Response":{"Module":{"ModuleCode":"CELL0003","ModuleIdentifier":"1286323873F411E89A86FAE8722E8321","ModuleTitle":"Cellular and Developmental Neurobiology","ModuleContact":{"Faculty":{"FacultyCode":"LIF","FacultyName":"Faculty of Life Sciences"},"Department":{"DepartmentCode":"BIOSC_LIF","DepartmentName":"Division of Biosciences"}},"ModuleValue":"15","ModuleStudyHours":"150","ModuleLearningHours":"18-20","ModuleSearchKeywords":"CELLULAR NEUROBIOLOGY, DEVELOPMENTAL NEUROBIOLOGY, EMBRYO, NEUROGENESIS, REGENERATION, PATTERNING","Email":"r.mayor@ucl.ac.uk; yoshiyuki.yamamoto@ucl.ac.uk","ModuleSuperGroup":"","CEFRLevel":"","ModuleInstance":{"AcademicYearCode":"2019","AcademicYearDescription":"2019/20 academic  year","ModuleInstanceDescription":"<p>\n\tThe nervous system is the most complex system in the entire body. CELL0003 explores how this complex organization of hundreds of cells emerges during embryo development. The module focuses on the precise organization of tissues that arises during embryo development by the coordinated control of the differentiation, migration, proliferation and death of cells. The lectures are aimed at exploring the molecular and cellular mechanisms that regulate these processes. An oral presentation will be part of the summative assessment for Level 7 students, but this will be formative for Level 6 students.</p>\n<p>\n\tThis module will consider the cellular and molecular events which underlie the development of the nervous system, drawing on examples from both vertebrate and invertebrate organisms. It will provide a solid grounding for future specialised study of nervous system development, function and repair.</p>\n<p>\n\tLectures will be given by leading UCL researchers and will provide detailed descriptions of selected key processes involved in neural development, function and repair. &nbsp;The focus will be on recent work that has not been published in text books. &nbsp;You will be required to read to research papers and encouraged to develop a critical awareness of the experimental evidence that has contributed to current understanding of those aspects of neural development and the underlying molecular mechanisms covered in the lecture programme.</p>\n<p>\n\tThe module requires a strong background in neuroscience and developmental biology. &nbsp;It is suitable for students in Biosciences based BSc, MSci, iBSc and MSc programmes, and Natural Sciences students, and may be taken by affiliate students with appropriate academic backgrounds.</p>\n<p>\n\t<strong>Indicative lecture topics (based on 2018/19 syllabus)</strong></p>\n<ul>\n\t<li>\n\t\tNeural induction</li>\n\t<li>\n\t\tSchwan cell development</li>\n\t<li>\n\t\tNeural crest development</li>\n\t<li>\n\t\tHindbrain patterning</li>\n\t<li>\n\t\tNeurogenesis in <em>C. elegans</em></li>\n\t<li>\n\t\tPatterning in the CNS</li>\n\t<li>\n\t\t<em>Drosophila</em> neurogenesis.</li>\n</ul>\n","ModuleInstanceRestriction":"Students should have MBBS neurobiology, or PHOL0005/NEUR0005* and BIOL0013, or ANAT0002, or ANAT0003. *Students with only PHOL0005/NEUR0005 might be considered only after consultation with the module organizer. The module is capped at a total of 40 (with priority being given to Biosciences students, and taking into account the prerequisites, and if necessary 2nd year marks).  Affiliate students should contact he module organizer to check they have a relevant academic background.","ModuleInstanceSubjectCollection":{"ModuleInstanceSubject":["Developmental Biology","Developmental Neuroscience","Neuroscience"]},"ModuleDeliveryCollection":{"ModuleDelivery":[{"ModuleDeliveryIdentifier":"12A91AFA73F411E89A86FAE8722E8321","LevelOfStudy":"Undergraduate","ModuleDeliveryPeriod":{"PeriodCode":"T1","PeriodTitle":"Term 1"},"AcademicLevel":{"AcademicLevelCode":"L7","AcademicLevelTitle":"FHEQ Level 7"},"ModuleDeliveryType":"","ModeOfStudy":"Face-to-face","ModuleDeliveryTutor":{"PersonIdentifier":"RMAYO52","Name":"Roberto Mayor","Email":""},"PreviousYearStudentCount":"1","NumberOfStudents":"1","ModuleDeliveryLocation":{"LocationIdentifier":"","LocationName":""},"ModuleDeliveryAssessment":{"AssessmentGroupCollection":{"@DefaultAssessmentGroup":"NULL","AssessmentGroup":[{"AssessmentGroupCode":"NULL","AssessmentGroupName":"","AssessmentComponentList":{"AssessmentComponent":[{"AssessmentComponentTitle":"Coursework two (1,800 words)","AssessmentComponentWeightPercentage":"35"},{"AssessmentComponentTitle":"Coursework three","AssessmentComponentWeightPercentage":"15"},{"AssessmentComponentTitle":"Coursework one (3,000 words)","AssessmentComponentWeightPercentage":"50"}]}},{"AssessmentGroupCode":"A","AssessmentGroupName":"","AssessmentComponentList":{"AssessmentComponent":[{"AssessmentComponentTitle":"Coursework three","AssessmentComponentWeightPercentage":"15"},{"AssessmentComponentTitle":"Coursework two (1,800 words)","AssessmentComponentWeightPercentage":"35"},{"AssessmentComponentTitle":"Coursework one (3,000 words)","AssessmentComponentWeightPercentage":"50"}]}}]}}},{"ModuleDeliveryIdentifier":"1294481E73F411E89A86FAE8722E8321","LevelOfStudy":"Undergraduate","ModuleDeliveryPeriod":{"PeriodCode":"T1","PeriodTitle":"Term 1"},"AcademicLevel":{"AcademicLevelCode":"L6","AcademicLevelTitle":"FHEQ Level 6"},"ModuleDeliveryType":"","ModeOfStudy":"Face-to-face","ModuleDeliveryTutor":{"PersonIdentifier":"RMAYO52","Name":"Roberto Mayor","Email":""},"PreviousYearStudentCount":"24","NumberOfStudents":"24","ModuleDeliveryLocation":{"LocationIdentifier":"","LocationName":""},"ModuleDeliveryAssessment":{"AssessmentGroupCollection":{"@DefaultAssessmentGroup":"NULL","AssessmentGroup":[{"AssessmentGroupCode":"NULL","AssessmentGroupName":"","AssessmentComponentList":{"AssessmentComponent":[{"AssessmentComponentTitle":"Coursework two (1,800 words)","AssessmentComponentWeightPercentage":"35"},{"AssessmentComponentTitle":"Coursework three","AssessmentComponentWeightPercentage":"15"},{"AssessmentComponentTitle":"Coursework one (3,000 words)","AssessmentComponentWeightPercentage":"50"}]}},{"AssessmentGroupCode":"A","AssessmentGroupName":"","AssessmentComponentList":{"AssessmentComponent":[{"AssessmentComponentTitle":"Coursework three","AssessmentComponentWeightPercentage":"15"},{"AssessmentComponentTitle":"Coursework two (1,800 words)","AssessmentComponentWeightPercentage":"35"},{"AssessmentComponentTitle":"Coursework one (3,000 words)","AssessmentComponentWeightPercentage":"50"}]}}]}}}]}}}}}