{"Response":{"Module":{"ModuleCode":"SEEE0009","ModuleIdentifier":"128F7F2E73F811E89A86FAE8722E8321","ModuleTitle":"War, Trauma and Memory in East European Cinema","ModuleContact":{"Faculty":{"FacultyCode":"ART","FacultyName":"Faculty of Arts and Humanities"},"Department":{"DepartmentCode":"SSEEL_ART","DepartmentName":"SSEES - East European Languages and Culture"}},"ModuleValue":"15","ModuleStudyHours":"150","ModuleLearningHours":"20","ModuleSearchKeywords":"WAR TRAUMA MEMORY CINEMA EASTERN,EUROPE FILM","Email":"","ModuleSuperGroup":"","CEFRLevel":"","ModuleInstance":{"AcademicYearCode":"2019","AcademicYearDescription":"2019/20 academic  year","ModuleInstanceDescription":"<div>\n\tCinema is not only an important art form but also a powerful medium for entertaining, educating, and/or indoctrinating people. At the same time, cinema is an extremely powerful way of transmitting cultural memory, reflecting or creating national mythologies and fates of individuals. Eastern Europe is a region in which memories of previous traumas (and the results of these traumas) are still of major importance as they reflect not only the past but also the continuous political and social changes in this region of the world.</div>\n<div>\n\t&nbsp;</div>\n<div>\n\tSome of the most outstanding directors in the history of cinema come from Eastern Europe yet the cinema of the region as a whole is not well-known in the West. In this module we are going to see and discuss films that are widely recognised as outstanding or innovative and will place them in a European and global context through the framework of manipulating, constructing and regaining memory.</div>\n<div>\n\t&nbsp;</div>\n<div>\n\tAt the same time, the module provides a critical and theoretical introduction to film analysis focusing on narrative form, mise-en-sc&egrave;ne, cinematography, editing and sound while providing students with analytical tools needed to interpret and write about films by identifying the elements of film art and the terminology to discuss film techniques.</div>\n","ModuleInstanceRestriction":"","ModuleInstanceSubjectCollection":{"ModuleInstanceSubject":["Film Studies","Russian and East European Languages and Cultural Studies"]},"ModuleDeliveryCollection":{"ModuleDelivery":{"ModuleDeliveryIdentifier":"129E56C073F811E89A86FAE8722E8321","LevelOfStudy":"Undergraduate","ModuleDeliveryPeriod":{"PeriodCode":"T2","PeriodTitle":"Term 2"},"AcademicLevel":{"AcademicLevelCode":"L5","AcademicLevelTitle":"FHEQ Level 5"},"ModuleDeliveryType":"","ModeOfStudy":"Face-to-face","ModuleDeliveryTutor":{"PersonIdentifier":"KZECH17","Name":"Katarzyna Zechenter","Email":""},"PreviousYearStudentCount":"15","NumberOfStudents":"15","ModuleDeliveryLocation":{"LocationIdentifier":"","LocationName":""},"ModuleDeliveryAssessment":{"AssessmentGroupCollection":{"@DefaultAssessmentGroup":"NULL","AssessmentGroup":[{"AssessmentGroupCode":"NULL","AssessmentGroupName":"","AssessmentComponentList":{"AssessmentComponent":[{"AssessmentComponentTitle":"Coursework two (1,800 words)","AssessmentComponentWeightPercentage":"35"},{"AssessmentComponentTitle":"Coursework three","AssessmentComponentWeightPercentage":"15"},{"AssessmentComponentTitle":"Coursework one (3,000 words)","AssessmentComponentWeightPercentage":"50"}]}},{"AssessmentGroupCode":"A","AssessmentGroupName":"","AssessmentComponentList":{"AssessmentComponent":[{"AssessmentComponentTitle":"Coursework three","AssessmentComponentWeightPercentage":"15"},{"AssessmentComponentTitle":"Coursework two (1,800 words)","AssessmentComponentWeightPercentage":"35"},{"AssessmentComponentTitle":"Coursework one (3,000 words)","AssessmentComponentWeightPercentage":"50"}]}}]}}}}}}}}