{"Response":{"Module":{"ModuleCode":"MECH0052","ModuleIdentifier":"12995FFE73F711E89A86FAE8722E8321","ModuleTitle":"Applied Thermodynamics and Turbomachinery A","ModuleContact":{"Faculty":{"FacultyCode":"ENG","FacultyName":"Faculty of Engineering Sciences"},"Department":{"DepartmentCode":"MECHN_ENG","DepartmentName":"Mechanical Engineering"}},"ModuleValue":"7.5","ModuleStudyHours":"75","ModuleLearningHours":"20","ModuleSearchKeywords":"","Email":"mecheng.pg-queries@ucl.ac.uk","ModuleSuperGroup":"Applied Thermodynamics and Turbomachinery","CEFRLevel":"","ModuleInstance":{"AcademicYearCode":"2019","AcademicYearDescription":"2019/20 academic  year","ModuleInstanceDescription":"<p>\n\t<em>This description relates to the full year version of the module. Only the topics and content that is taught in Term 1 will be covered in this module.</em></p>\n<p>\n\t<strong>Overview:</strong></p>\n<p>\n\tThis module aims to develop a good understanding of the various gas turbine, steam turbine and combined cycles for electricity generation.&nbsp;Students will understand basic fundamentals of turbomachinery with particular emphasis on axial turbomachinery, and will understand the basic fundamentals of fuel cells.</p>\n<p>\n\tThe module will develop a good understanding of the thermodynamic, design and operating principles of diesel engines including four- and two-stroke naturally aspirated and turbocharged units. Students will gain an appreciation of diesel engine environmental pollutants and their mitigation.</p>\n<p>\n\tAlthough many students will have studied thermodynamics material (i.e. basic Carnot, Rankine Cycle) at undergraduate level, the module is designed to cover more practical aspects on modern aspects of power generation cycles system design and evaluation, as well as additional topics on fuel cell, application of thermodynamic cycles, and principles to analyse and understand advanced power generation systems.</p>\n<p>\n\tThe module particularly addresses the latest development and application of modern concepts related to combined cycle, gas turbine and turbomachinery for reducing the global warming impact of power generation systems. The recent developments in diesel engine systems are discussed is some detail. The impact of diesel engines toxic emissions on the environment is explained and technologies to mitigate the emission of toxic pollutants are discussed. The importance of thermal efficiency in reducing operating costs and CO2 emission to the atmosphere is emphasised.</p>\n<p>\n\tA significant part of this module addresses the latest development and practice in modern power generation cycles in the context of land, air and sea applications involving power generation.</p>\n<p>\n\tStudents are taught how to evaluate different design options for optimization based on product/component information, meeting client&rsquo;s specifications.</p>\n<p>\n\tAn understanding of concepts relevant to the discipline, some from outside engineering, and the ability to critically evaluate and apply them effectively is developed in the coursework element. Environmental pollution-restricting legislation for gas turbines and diesel engines is discussed at several points during the course.</p>\n<p>\n\t<strong>Topics covered:</strong></p>\n<p>\n\tTopics covered in this module include:</p>\n<ul>\n\t<li>\n\t\tRevision of engineering thermodynamics</li>\n\t<li>\n\t\tFuel Cells</li>\n\t<li>\n\t\tGas turbines, steam turbines and combined cycles</li>\n\t<li>\n\t\tIntroduction to turbomachinery</li>\n\t<li>\n\t\tInternal combustion engines</li>\n\t<li>\n\t\tFuels and combustion</li>\n</ul>\n<p>\n\t<strong>Learning outcomes:</strong></p>\n<p>\n\tUpon completion of this module students will be able to:</p>\n<ul>\n\t<li>\n\t\tUnderstand the main sources of CO2 emission from different sources and especially power generation and the effect of different trends in power generation on emissions.</li>\n\t<li>\n\t\tUnderstand the effect of intercooling, recuperator and reheat on gas turbine efficiency and specific work.</li>\n\t<li>\n\t\tUnderstand the impact of gas turbine pressure ratio and maximum temperature on optimum efficiency for different gas turbine cycles.</li>\n\t<li>\n\t\tCarry out preliminary analysis of intercooled/recuperated gas turbine.</li>\n\t<li>\n\t\tUnderstand the effect of free power turbine and its applications in marine field.</li>\n\t<li>\n\t\tUnderstand the main features of steam cycles and main parameters affecting cycle efficiency.</li>\n\t<li>\n\t\tUnderstand the effect of reheating and direct contact and non-contact feed heaters in steam cycles.</li>\n\t<li>\n\t\tCarry out basic cycle analysis for combined cycle plants in terms of efficiency, work ratio, ratio of mass flow rate in steam to gas turbine cycle, and pinch point temperature.</li>\n\t<li>\n\t\tUnderstand the impact of dual and triple pressure levels on combined cycle efficiency.</li>\n\t<li>\n\t\tUnderstand velocity triangles in axial compressor and turbines and main geometrical and flow related parameters and main non-dimensional groups for characterising turbomachinery.</li>\n\t<li>\n\t\tUnderstand the characteristic of turbomachinery and off-design flow effects such as surge.</li>\n\t<li>\n\t\tCarry out matching computations between compressor and turbine for generator sets and free power turbines.</li>\n\t<li>\n\t\tUnderstand the basic designs of combustion chambers and cooling arrangements and emission problems from gas turbines.</li>\n\t<li>\n\t\tUnderstand basic fundamentals of fuel cells, Gibbs function and ideal efficiency, main sources of loss in PEM and SOFC fuel cells.</li>\n\t<li>\n\t\tUse basic empirical functions for fuel cells to predict the actual voltage for PEM and SOFC.</li>\n\t<li>\n\t\tUse basic thermodynamic cycles to identify the main variables affecting spark and compression ignition engine efficiency.</li>\n\t<li>\n\t\tUnderstand and describe the gas exchange and combustion processes in diesel engines.</li>\n\t<li>\n\t\tDescribe basic models to represent various gas dynamic and thermodynamic processes in diesel engines</li>\n\t<li>\n\t\tAnalyse the performance of two stroke diesel engines, including large displacement slow speed engines used for marine propulsion and stationary power generation.</li>\n\t<li>\n\t\tAnalyse and evaluate the performance of naturally aspirated and turbocharged diesel engines, including the compressor and turbine power requirements and the enhancement in engine power output and efficiency</li>\n\t<li>\n\t\tGain an appreciation of a wider range of topics on fuels and combustion in reciprocating engines via coursework and student presentations.</li>\n</ul>\n<p>\n\t&nbsp;</p>\n","ModuleInstanceRestriction":"Only available to Term 1 only affiliate students","ModuleInstanceSubjectCollection":{"ModuleInstanceSubject":"Mechanical Engineering"},"ModuleDeliveryCollection":{"ModuleDelivery":{"ModuleDeliveryIdentifier":"12A89D5C73F711E89A86FAE8722E8321","LevelOfStudy":"Postgraduate","ModuleDeliveryPeriod":{"PeriodCode":"T1","PeriodTitle":"Term 1"},"AcademicLevel":{"AcademicLevelCode":"L7","AcademicLevelTitle":"FHEQ Level 7"},"ModuleDeliveryType":"","ModeOfStudy":"Face-to-face","ModuleDeliveryTutor":{"PersonIdentifier":"MZANG95","Name":"Mehrdad Zangeneh","Email":""},"PreviousYearStudentCount":"5","NumberOfStudents":"5","ModuleDeliveryLocation":{"LocationIdentifier":"","LocationName":""},"ModuleDeliveryAssessment":{"AssessmentGroupCollection":{"@DefaultAssessmentGroup":"NULL","AssessmentGroup":[{"AssessmentGroupCode":"NULL","AssessmentGroupName":"","AssessmentComponentList":{"AssessmentComponent":[{"AssessmentComponentTitle":"Coursework two (1,800 words)","AssessmentComponentWeightPercentage":"35"},{"AssessmentComponentTitle":"Coursework three","AssessmentComponentWeightPercentage":"15"},{"AssessmentComponentTitle":"Coursework one (3,000 words)","AssessmentComponentWeightPercentage":"50"}]}},{"AssessmentGroupCode":"A","AssessmentGroupName":"","AssessmentComponentList":{"AssessmentComponent":[{"AssessmentComponentTitle":"Coursework three","AssessmentComponentWeightPercentage":"15"},{"AssessmentComponentTitle":"Coursework two (1,800 words)","AssessmentComponentWeightPercentage":"35"},{"AssessmentComponentTitle":"Coursework one (3,000 words)","AssessmentComponentWeightPercentage":"50"}]}}]}}}}}}}}