{"Response":{"Module":{"ModuleCode":"SEEE0010","ModuleIdentifier":"12B2A52673F811E89A86FAE8722E8321","ModuleTitle":"Minority Languages of Russia: Cultural, Linguistic Diversity and Endangerment","ModuleContact":{"Faculty":{"FacultyCode":"ART","FacultyName":"Faculty of Arts and Humanities"},"Department":{"DepartmentCode":"SSEEL_ART","DepartmentName":"SSEES - East European Languages and Culture"}},"ModuleValue":"15","ModuleStudyHours":"150","ModuleLearningHours":"20","ModuleSearchKeywords":"MINORITY LANGUAGES RUSSIA LINGUISTICS","Email":"","ModuleSuperGroup":"","CEFRLevel":"","ModuleInstance":{"AcademicYearCode":"2019","AcademicYearDescription":"2019/20 academic  year","ModuleInstanceDescription":"<div>\n\tWhy do we hear so little about some minority languages spoken in Russia today, and so much about others? The &rsquo;size&rsquo; of a language in popular discourse is often associated with the number and/or the political power of its speakers. This module takes a view of linguistic diversity irrespective of such factors. Instead, language diversity is understood in terms of linguistic structure on all levels: phonology, morphology, syntax, and discourse. Language endangerment, in turn, is particularly alarming if, as is usually the case, it leads to a decrease in diversity and to the loss of a different world view. One of the aims of the module is to explore historical and current trends that shape(d) the perceived importance of language both in the native-speaking minority and in the majority community.</div>\n<div>\n\t&nbsp;</div>\n<div>\n\tDefining questions of the module include:</div>\n<div>\n\t&nbsp;</div>\n<div>\n\t- What is the language landscape of Russia and of the former Soviet Union like, and what are the main historical events that helped shape this diversity? How do diversity and endangerment correlate?</div>\n<div>\n\t&nbsp;</div>\n<div>\n\t- How do language policy and planning influence the future of languages and their speakers&rsquo; choices of language use?</div>\n<div>\n\t&nbsp;</div>\n<div>\n\t- What are the reasons for language shift and language extinction in a bilingual minority context?</div>\n<div>\n\t&nbsp;</div>\n<div>\n\t- What are the main trends of language revitalisation and patterns of endangerment today?</div>\n<div>\n\t&nbsp;</div>\n<div>\n\tThe module is an introduction not only to the sociolinguistic situation of the minority languages of Russia but also to the study of some of the languages. By critically evaluating the impact of language policy and the challenges to language revitalisation, you will develop an introductory knowledge of the methods of sociolinguistic research and the main principles of studying endangered languages.</div>\n","ModuleInstanceRestriction":"","ModuleInstanceSubjectCollection":{"ModuleInstanceSubject":"Russian and East European Languages and Cultural Studies"},"ModuleDeliveryCollection":{"ModuleDelivery":{"ModuleDeliveryIdentifier":"12C18B4A73F811E89A86FAE8722E8321","LevelOfStudy":"Undergraduate","ModuleDeliveryPeriod":{"PeriodCode":"T1","PeriodTitle":"Term 1"},"AcademicLevel":{"AcademicLevelCode":"L5","AcademicLevelTitle":"FHEQ Level 5"},"ModuleDeliveryType":"","ModeOfStudy":"Face-to-face","ModuleDeliveryTutor":{"PersonIdentifier":"ETARS06","Name":"Eszter Tarsoly","Email":""},"PreviousYearStudentCount":"20","NumberOfStudents":"20","ModuleDeliveryLocation":{"LocationIdentifier":"","LocationName":""},"ModuleDeliveryAssessment":{"AssessmentGroupCollection":{"@DefaultAssessmentGroup":"NULL","AssessmentGroup":[{"AssessmentGroupCode":"NULL","AssessmentGroupName":"","AssessmentComponentList":{"AssessmentComponent":[{"AssessmentComponentTitle":"Coursework two (1,800 words)","AssessmentComponentWeightPercentage":"35"},{"AssessmentComponentTitle":"Coursework three","AssessmentComponentWeightPercentage":"15"},{"AssessmentComponentTitle":"Coursework one (3,000 words)","AssessmentComponentWeightPercentage":"50"}]}},{"AssessmentGroupCode":"A","AssessmentGroupName":"","AssessmentComponentList":{"AssessmentComponent":[{"AssessmentComponentTitle":"Coursework three","AssessmentComponentWeightPercentage":"15"},{"AssessmentComponentTitle":"Coursework two (1,800 words)","AssessmentComponentWeightPercentage":"35"},{"AssessmentComponentTitle":"Coursework one (3,000 words)","AssessmentComponentWeightPercentage":"50"}]}}]}}}}}}}}