{"Response":{"Module":{"ModuleCode":"MECH0053","ModuleIdentifier":"12BCC71473F711E89A86FAE8722E8321","ModuleTitle":"Power Transmission and Auxiliary Machinery Systems","ModuleContact":{"Faculty":{"FacultyCode":"ENG","FacultyName":"Faculty of Engineering Sciences"},"Department":{"DepartmentCode":"MECHN_ENG","DepartmentName":"Mechanical Engineering"}},"ModuleValue":"15","ModuleStudyHours":"150","ModuleLearningHours":"50","ModuleSearchKeywords":"","Email":"mecheng.pg-queries@ucl.ac.uk","ModuleSuperGroup":"Power Transmission and Auxiliary Machinery Systems","CEFRLevel":"","ModuleInstance":{"AcademicYearCode":"2019","AcademicYearDescription":"2019/20 academic  year","ModuleInstanceDescription":"<p>\n\t<strong>Overview:</strong></p>\n<p>\n\tThis module provides an overview of the consideration required to connect a prime mover to loads which, for example, might be generators, compressors or hydraulic pumps. Additionally, the module provides an introduction to the application of Reliability, Availability and Maintainability (RAM) to an engineering system.</p>\n<p>\n\tThe main aims of the module are:</p>\n<ul>\n\t<li>\n\t\tTo provide students with the skills necessary in the design and selection of components in a power train.</li>\n\t<li>\n\t\tTo explain and discuss the factors affecting the performance of hydraulic and pneumatic systems.</li>\n\t<li>\n\t\tTo provide students with mathematical tools needed in the design and critically assess some of the major factors affecting the performance of a power train system and the coupling between a prime mover and its load.</li>\n\t<li>\n\t\tTo provide an introduction to the use of RAM analysis, applied to an engineering system by way of a project.</li>\n\t<li>\n\t\tTo introduce students the methodologies of duct sizing and fan matching in HVAC systems.</li>\n</ul>\n<p>\n\t<strong>Topics covered:</strong></p>\n<p>\n\tTopics covered in this module include:</p>\n<ul>\n\t<li>\n\t\tGears and Ancillary Services</li>\n\t<li>\n\t\tReliability, Availability and Maintainability (RAM)</li>\n\t<li>\n\t\tShaft, couplings and clutches</li>\n\t<li>\n\t\tDuct sizing and fan matching</li>\n</ul>\n<p>\n\t<strong>Learning outcomes:</strong></p>\n<p>\n\tUpon completion of this module students will be able to:</p>\n<ul>\n\t<li>\n\t\tDesign and select components in a power train.</li>\n\t<li>\n\t\tDesign shafts for static and fatigue loading and select an appropriate type of coupling.</li>\n\t<li>\n\t\tDesign friction clutches and distinguish friction materials and mating surfaces.</li>\n\t<li>\n\t\tEvaluate reciprocating compressors.</li>\n\t<li>\n\t\tSize ducts and select fans.</li>\n\t<li>\n\t\tDesign and analyse a hydraulic and pneumatic power system.</li>\n\t<li>\n\t\tOptimise system performance through Reliability, Availability and Maintenance analysis.</li>\n</ul>\n<p>\n\t&nbsp;</p>\n","ModuleInstanceRestriction":"","ModuleInstanceSubjectCollection":{"ModuleInstanceSubject":"Mechanical Engineering"},"ModuleDeliveryCollection":{"ModuleDelivery":[{"ModuleDeliveryIdentifier":"12E241A673F711E89A86FAE8722E8321","LevelOfStudy":"Undergraduate","ModuleDeliveryPeriod":{"PeriodCode":"T1/2","PeriodTitle":"Terms 1 and 2"},"AcademicLevel":{"AcademicLevelCode":"L7","AcademicLevelTitle":"FHEQ Level 7"},"ModuleDeliveryType":"","ModeOfStudy":"Face-to-face","ModuleDeliveryTutor":{"PersonIdentifier":"AABOL52","Name":"Ali Abolfathi","Email":""},"PreviousYearStudentCount":"0","NumberOfStudents":"0","ModuleDeliveryLocation":{"LocationIdentifier":"","LocationName":""},"ModuleDeliveryAssessment":{"AssessmentGroupCollection":{"@DefaultAssessmentGroup":"NULL","AssessmentGroup":[{"AssessmentGroupCode":"NULL","AssessmentGroupName":"","AssessmentComponentList":{"AssessmentComponent":[{"AssessmentComponentTitle":"Coursework two (1,800 words)","AssessmentComponentWeightPercentage":"35"},{"AssessmentComponentTitle":"Coursework three","AssessmentComponentWeightPercentage":"15"},{"AssessmentComponentTitle":"Coursework one (3,000 words)","AssessmentComponentWeightPercentage":"50"}]}},{"AssessmentGroupCode":"A","AssessmentGroupName":"","AssessmentComponentList":{"AssessmentComponent":[{"AssessmentComponentTitle":"Coursework three","AssessmentComponentWeightPercentage":"15"},{"AssessmentComponentTitle":"Coursework two (1,800 words)","AssessmentComponentWeightPercentage":"35"},{"AssessmentComponentTitle":"Coursework one (3,000 words)","AssessmentComponentWeightPercentage":"50"}]}}]}}},{"ModuleDeliveryIdentifier":"12CBC8D673F711E89A86FAE8722E8321","LevelOfStudy":"Postgraduate","ModuleDeliveryPeriod":{"PeriodCode":"T1/2","PeriodTitle":"Terms 1 and 2"},"AcademicLevel":{"AcademicLevelCode":"L7","AcademicLevelTitle":"FHEQ Level 7"},"ModuleDeliveryType":"","ModeOfStudy":"Face-to-face","ModuleDeliveryTutor":{"PersonIdentifier":"AABOL52","Name":"Ali Abolfathi","Email":""},"PreviousYearStudentCount":"85","NumberOfStudents":"85","ModuleDeliveryLocation":{"LocationIdentifier":"","LocationName":""},"ModuleDeliveryAssessment":{"AssessmentGroupCollection":{"@DefaultAssessmentGroup":"NULL","AssessmentGroup":[{"AssessmentGroupCode":"NULL","AssessmentGroupName":"","AssessmentComponentList":{"AssessmentComponent":[{"AssessmentComponentTitle":"Coursework two (1,800 words)","AssessmentComponentWeightPercentage":"35"},{"AssessmentComponentTitle":"Coursework three","AssessmentComponentWeightPercentage":"15"},{"AssessmentComponentTitle":"Coursework one (3,000 words)","AssessmentComponentWeightPercentage":"50"}]}},{"AssessmentGroupCode":"A","AssessmentGroupName":"","AssessmentComponentList":{"AssessmentComponent":[{"AssessmentComponentTitle":"Coursework three","AssessmentComponentWeightPercentage":"15"},{"AssessmentComponentTitle":"Coursework two (1,800 words)","AssessmentComponentWeightPercentage":"35"},{"AssessmentComponentTitle":"Coursework one (3,000 words)","AssessmentComponentWeightPercentage":"50"}]}}]}}}]}}}}}