{"Response":{"Module":{"ModuleCode":"CELL0004","ModuleIdentifier":"12BDEA3473F411E89A86FAE8722E8321","ModuleTitle":"Clocks, Sleep and Biological Time","ModuleContact":{"Faculty":{"FacultyCode":"LIF","FacultyName":"Faculty of Life Sciences"},"Department":{"DepartmentCode":"BIOSC_LIF","DepartmentName":"Division of Biosciences"}},"ModuleValue":"15","ModuleStudyHours":"150","ModuleLearningHours":"21","ModuleSearchKeywords":"TIME, CLOCKS, SLEEP, CIRCADIAN, HIBERNATION","Email":"d.whitmore@ucl.ac.uk","ModuleSuperGroup":"","CEFRLevel":"","ModuleInstance":{"AcademicYearCode":"2019","AcademicYearDescription":"2019/20 academic  year","ModuleInstanceDescription":"<p>\n\tThis module will examine the importance of time and oscillations in a range of biological situations. The central theme will be the circadian or daily clock. We will look at what is currently known about biological clock mechanisms.</p>\n<p>\n\tThe objective, to be achieved through lectures and reading of research papers, is to examine the mechanisms of biological clocks through a detailed study of the experimental evidence. Topics may include: Introduction to circadian timing, The mammalian clock mechanism, The <em>Drosophila</em> clock mechanism, Peripheral tissue clocks, Clocks in unusual species, Hibernation and navigation, Circadian light detection, Photoperiodism, Clocks and the cell cycle, Human Clocks.</p>\n<p>\n\tThis module is an option for students on Biosciences and Natural Sciences programmes, and may be taken as an elective by students (including iBSc and affiliate students) on other degree programmes. A good understanding of cell biology is required. The combined class size will be limited to 90 students and if oversubscribed, priority will be given to CDB students (especially iBSc Anatomy, Cell and Developmental Biology, and MSci Cell Biology students).</p>\n<p>\n\t<strong>Indicative lecture topics </strong>&ndash; based on module content in 2018/19</p>\n<ul>\n\t<li>\n\t\tGeneral introduction to circadian timing.</li>\n\t<li>\n\t\tThe mammalian clock system. Circadian light detection.</li>\n\t<li>\n\t\t<em>Drosophila</em> clocks &ndash; history and mechanism.</li>\n\t<li>\n\t\tPeripheral tissue clocks and the zebrafish circadian system.</li>\n\t<li>\n\t\tClocks in unusual species and caves.</li>\n\t<li>\n\t\tClocks and cell cycle.</li>\n\t<li>\n\t\tSleep (2 lectures).</li>\n\t<li>\n\t\tSeasonality, photoperiodism.</li>\n</ul>\n","ModuleInstanceRestriction":"The module is available for students in Year 3. Some knowledge of cell biology desirable. The combined class size will be limited to 90 students.  If it is oversubscribed priority will be given to CDB students (especially those on the iBSc in Anatomy, Cell and Developmental Biology, and the MSci in Cell Biology). Students on other programmes will be selected based on relevant academic background and/or their Year 2 marks.","ModuleInstanceSubjectCollection":{"ModuleInstanceSubject":["Biology","Cell Biology"]},"ModuleDeliveryCollection":{"ModuleDelivery":[{"ModuleDeliveryIdentifier":"12F7DF9673F411E89A86FAE8722E8321","LevelOfStudy":"Undergraduate","ModuleDeliveryPeriod":{"PeriodCode":"T2","PeriodTitle":"Term 2"},"AcademicLevel":{"AcademicLevelCode":"L7","AcademicLevelTitle":"FHEQ Level 7"},"ModuleDeliveryType":"","ModeOfStudy":"Face-to-face","ModuleDeliveryTutor":{"PersonIdentifier":"DWHIT77","Name":"David Whitmore","Email":""},"PreviousYearStudentCount":"6","NumberOfStudents":"6","ModuleDeliveryLocation":{"LocationIdentifier":"","LocationName":""},"ModuleDeliveryAssessment":{"AssessmentGroupCollection":{"@DefaultAssessmentGroup":"NULL","AssessmentGroup":[{"AssessmentGroupCode":"NULL","AssessmentGroupName":"","AssessmentComponentList":{"AssessmentComponent":[{"AssessmentComponentTitle":"Coursework two (1,800 words)","AssessmentComponentWeightPercentage":"35"},{"AssessmentComponentTitle":"Coursework three","AssessmentComponentWeightPercentage":"15"},{"AssessmentComponentTitle":"Coursework one (3,000 words)","AssessmentComponentWeightPercentage":"50"}]}},{"AssessmentGroupCode":"A","AssessmentGroupName":"","AssessmentComponentList":{"AssessmentComponent":[{"AssessmentComponentTitle":"Coursework three","AssessmentComponentWeightPercentage":"15"},{"AssessmentComponentTitle":"Coursework two (1,800 words)","AssessmentComponentWeightPercentage":"35"},{"AssessmentComponentTitle":"Coursework one (3,000 words)","AssessmentComponentWeightPercentage":"50"}]}}]}}},{"ModuleDeliveryIdentifier":"12E1267A73F411E89A86FAE8722E8321","LevelOfStudy":"Postgraduate","ModuleDeliveryPeriod":{"PeriodCode":"T2","PeriodTitle":"Term 2"},"AcademicLevel":{"AcademicLevelCode":"L7","AcademicLevelTitle":"FHEQ Level 7"},"ModuleDeliveryType":"","ModeOfStudy":"Face-to-face","ModuleDeliveryTutor":{"PersonIdentifier":"DWHIT77","Name":"David Whitmore","Email":""},"PreviousYearStudentCount":"1","NumberOfStudents":"1","ModuleDeliveryLocation":{"LocationIdentifier":"","LocationName":""},"ModuleDeliveryAssessment":{"AssessmentGroupCollection":{"@DefaultAssessmentGroup":"NULL","AssessmentGroup":[{"AssessmentGroupCode":"NULL","AssessmentGroupName":"","AssessmentComponentList":{"AssessmentComponent":[{"AssessmentComponentTitle":"Coursework two (1,800 words)","AssessmentComponentWeightPercentage":"35"},{"AssessmentComponentTitle":"Coursework three","AssessmentComponentWeightPercentage":"15"},{"AssessmentComponentTitle":"Coursework one (3,000 words)","AssessmentComponentWeightPercentage":"50"}]}},{"AssessmentGroupCode":"A","AssessmentGroupName":"","AssessmentComponentList":{"AssessmentComponent":[{"AssessmentComponentTitle":"Coursework three","AssessmentComponentWeightPercentage":"15"},{"AssessmentComponentTitle":"Coursework two (1,800 words)","AssessmentComponentWeightPercentage":"35"},{"AssessmentComponentTitle":"Coursework one (3,000 words)","AssessmentComponentWeightPercentage":"50"}]}}]}}},{"ModuleDeliveryIdentifier":"12CBDC8E73F411E89A86FAE8722E8321","LevelOfStudy":"Undergraduate","ModuleDeliveryPeriod":{"PeriodCode":"T2","PeriodTitle":"Term 2"},"AcademicLevel":{"AcademicLevelCode":"L6","AcademicLevelTitle":"FHEQ Level 6"},"ModuleDeliveryType":"","ModeOfStudy":"Face-to-face","ModuleDeliveryTutor":{"PersonIdentifier":"DWHIT77","Name":"David Whitmore","Email":""},"PreviousYearStudentCount":"62","NumberOfStudents":"62","ModuleDeliveryLocation":{"LocationIdentifier":"","LocationName":""},"ModuleDeliveryAssessment":{"AssessmentGroupCollection":{"@DefaultAssessmentGroup":"NULL","AssessmentGroup":[{"AssessmentGroupCode":"NULL","AssessmentGroupName":"","AssessmentComponentList":{"AssessmentComponent":[{"AssessmentComponentTitle":"Coursework two (1,800 words)","AssessmentComponentWeightPercentage":"35"},{"AssessmentComponentTitle":"Coursework three","AssessmentComponentWeightPercentage":"15"},{"AssessmentComponentTitle":"Coursework one (3,000 words)","AssessmentComponentWeightPercentage":"50"}]}},{"AssessmentGroupCode":"A","AssessmentGroupName":"","AssessmentComponentList":{"AssessmentComponent":[{"AssessmentComponentTitle":"Coursework three","AssessmentComponentWeightPercentage":"15"},{"AssessmentComponentTitle":"Coursework two (1,800 words)","AssessmentComponentWeightPercentage":"35"},{"AssessmentComponentTitle":"Coursework one (3,000 words)","AssessmentComponentWeightPercentage":"50"}]}}]}}}]}}}}}