{"Response":{"Module":{"ModuleCode":"CELL0005","ModuleIdentifier":"130D66FE73F411E89A86FAE8722E8321","ModuleTitle":"Advanced Investigative Project in Cell and Developmental Biology","ModuleContact":{"Faculty":{"FacultyCode":"LIF","FacultyName":"Faculty of Life Sciences"},"Department":{"DepartmentCode":"BIOSC_LIF","DepartmentName":"Division of Biosciences"}},"ModuleValue":"30","ModuleStudyHours":"300","ModuleLearningHours":"0","ModuleSearchKeywords":"ANATOMY, EMBRYOLOGY, CELL BIOLOGY, DEVELOPMENTAL BIOLOGY, NEUROSCIENCE, LIBRARY PROJECT","Email":"l.dale@ucl.ac.uk; t.arnett@ucl.ac.uk","ModuleSuperGroup":"","CEFRLevel":"","ModuleInstance":{"AcademicYearCode":"2019","AcademicYearDescription":"2019/20 academic  year","ModuleInstanceDescription":"<p>\n\tA detailed review of the primary research literature on a topic of interest to each student will be conducted under the individual guidance of a project supervisor. Topics will be in Anatomy, Developmental Biology, Cell Biology, Neuroscience, and Evolution. The provisional title and the supervisor will be approved by the module organiser at the start. A written report of no more than 7,500 words (excluding bibliography) will be submitted for examination and students will complete a 10 minute PowerPoint presentation.</p>\n<p>\n\tCELL0005 is a library-based research project for 3<sup>rd</sup> year BSc and iBSc students in Biosciences who wish to write an in-depth dissertation in the areas of anatomy, cell biology, developmental biology, or neuroscience.</p>\n<p>\n\tSupervisors should be members of academic staff in Cell and Developmental Biology (CDB) or Neuroscience, Physiology and Pharmacology (NPP). &nbsp;Students may consider other members of the Division of Biosciences, the Faculty of Life Sciences or elsewhere in UCL as project supervisors, but this will require approval by the CELL0005 module organizer. &nbsp;Information on supervisors in CDB and their fields of research is available on the departmental webpages.&nbsp; Individual project supervisors may require that a particular module has been studied previously and passed at a satisfactory level.&nbsp; They may also specify that a current module is undertaken to complement or support the project.</p>\n<p>\n\tCompleting the project will provide students with in-depth knowledge of their chosen subject area, through independent reading of original published research articles and books. &nbsp;The written report will have a clear aim to address or answer a particular question in the chosen field. &nbsp;This will be achieved by an independent literature search and a written dissertation that summarises the relevant published experimental evidence, critically appraises that evidence and reaches an independent conclusion. &nbsp;Students will also present a PowerPoint presentation on their project to a small group of students and examiner.</p>\n","ModuleInstanceRestriction":"Available to students in Year 3 on BSc and iBSc programmes in Biosciences.  Students wishing to take the CELL0005 library project should complete the project registration form, have it signed by their supervisor and then return it to Helen Jefferson-Brown (G04, Medawar Building).","ModuleInstanceSubjectCollection":{"ModuleInstanceSubject":["Developmental Biology","Neuroscience","Biology","Cell Biology","Anatomy"]},"ModuleDeliveryCollection":{"ModuleDelivery":{"ModuleDeliveryIdentifier":"131B7C4E73F411E89A86FAE8722E8321","LevelOfStudy":"Undergraduate","ModuleDeliveryPeriod":{"PeriodCode":"T1/2","PeriodTitle":"Terms 1 and 2"},"AcademicLevel":{"AcademicLevelCode":"L6","AcademicLevelTitle":"FHEQ Level 6"},"ModuleDeliveryType":"","ModeOfStudy":"Face-to-face","ModuleDeliveryTutor":{"PersonIdentifier":"LDALE47","Name":"Leslie Dale","Email":""},"PreviousYearStudentCount":"12","NumberOfStudents":"12","ModuleDeliveryLocation":{"LocationIdentifier":"","LocationName":""},"ModuleDeliveryAssessment":{"AssessmentGroupCollection":{"@DefaultAssessmentGroup":"NULL","AssessmentGroup":[{"AssessmentGroupCode":"NULL","AssessmentGroupName":"","AssessmentComponentList":{"AssessmentComponent":[{"AssessmentComponentTitle":"Coursework two (1,800 words)","AssessmentComponentWeightPercentage":"35"},{"AssessmentComponentTitle":"Coursework three","AssessmentComponentWeightPercentage":"15"},{"AssessmentComponentTitle":"Coursework one (3,000 words)","AssessmentComponentWeightPercentage":"50"}]}},{"AssessmentGroupCode":"A","AssessmentGroupName":"","AssessmentComponentList":{"AssessmentComponent":[{"AssessmentComponentTitle":"Coursework three","AssessmentComponentWeightPercentage":"15"},{"AssessmentComponentTitle":"Coursework two (1,800 words)","AssessmentComponentWeightPercentage":"35"},{"AssessmentComponentTitle":"Coursework one (3,000 words)","AssessmentComponentWeightPercentage":"50"}]}}]}}}}}}}}