{"Response":{"Module":{"ModuleCode":"ELEC0029","ModuleIdentifier":"1315354A73F511E89A86FAE8722E8321","ModuleTitle":"Electronic Devices and Nanotechnology","ModuleContact":{"Faculty":{"FacultyCode":"ENG","FacultyName":"Faculty of Engineering Sciences"},"Department":{"DepartmentCode":"ELECN_ENG","DepartmentName":"Electronic and Electrical Engineering"}},"ModuleValue":"15","ModuleStudyHours":"150","ModuleLearningHours":"30","ModuleSearchKeywords":"","Email":"ugadmin@ee.ucl.ac.uk","ModuleSuperGroup":"","CEFRLevel":"","ModuleInstance":{"AcademicYearCode":"2019","AcademicYearDescription":"2019/20 academic  year","ModuleInstanceDescription":"<p>\n\tThis module provides greater depth and further insights into the fabrication, operational characteristics and underlying physics of electronic devices already introduced in first and second year courses. This module offers further study of fundamental semiconductor device physics, quantum mechanics, advanced technology and advanced devices, and emerging technologies such as III-V compound semiconductor heterostructures.</p>\n<p>\n\tThis course has the following aims:</p>\n<ul>\n\t<li>\n\t\tTo learn silicon wafer technology, oxidation processes as well as micro-fabrication techniques.</li>\n\t<li>\n\t\tTo learn doping and ion implantation, epitaxial growth of semiconductor films and metallisation.</li>\n\t<li>\n\t\tTo understand basics of electronic states</li>\n\t<li>\n\t\tTo learn the properties of III-V semiconductors both in bulk and at the nanoscale</li>\n\t<li>\n\t\tTo investigate the design and fabrication of nanoscale electronic devices from these materials</li>\n\t<li>\n\t\tTo appreciate the current state-of-the-art in performance with III-V semi-conductors and to speculate on materials and devices for ultimate nm-scale operation</li>\n</ul>\n<p>\n\tAt the end of this course, students will be able to:</p>\n<ul>\n\t<li>\n\t\tDescribe how high grade silicon is fabricated from rare materials to wafer products.</li>\n\t<li>\n\t\tAnswer to why silicon oxide make a good insulating material;</li>\n\t<li>\n\t\tArticulate semiconductor clearnroom processes and technologies and also other thin-film growth techniques.</li>\n\t<li>\n\t\tDescribe the basic concepts of quantum mechanics and solve time-independent Schrodinger equations for simple potential profiles;</li>\n\t<li>\n\t\tHave clear understanding mobility, effective mass and other transport parameters connected to electronic structures.</li>\n\t<li>\n\t\tDescribe the difference between Si semiconductor devices and III-V compound ones and demonstrate a basic understanding on the formation of III-V heterostructures such as HEMTs and their device operation and characteristics.</li>\n</ul>\n","ModuleInstanceRestriction":"","ModuleInstanceSubjectCollection":"","ModuleDeliveryCollection":{"ModuleDelivery":[{"ModuleDeliveryIdentifier":"1339968873F511E89A86FAE8722E8321","LevelOfStudy":"Undergraduate","ModuleDeliveryPeriod":{"PeriodCode":"T2","PeriodTitle":"Term 2"},"AcademicLevel":{"AcademicLevelCode":"L7","AcademicLevelTitle":"FHEQ Level 7"},"ModuleDeliveryType":"","ModeOfStudy":"Face-to-face","ModuleDeliveryTutor":{"PersonIdentifier":"AFMCK30","Name":"Arnold Fredric McKinley","Email":""},"PreviousYearStudentCount":"10","NumberOfStudents":"10","ModuleDeliveryLocation":{"LocationIdentifier":"","LocationName":""},"ModuleDeliveryAssessment":{"AssessmentGroupCollection":{"@DefaultAssessmentGroup":"NULL","AssessmentGroup":[{"AssessmentGroupCode":"NULL","AssessmentGroupName":"","AssessmentComponentList":{"AssessmentComponent":[{"AssessmentComponentTitle":"Coursework two (1,800 words)","AssessmentComponentWeightPercentage":"35"},{"AssessmentComponentTitle":"Coursework three","AssessmentComponentWeightPercentage":"15"},{"AssessmentComponentTitle":"Coursework one (3,000 words)","AssessmentComponentWeightPercentage":"50"}]}},{"AssessmentGroupCode":"A","AssessmentGroupName":"","AssessmentComponentList":{"AssessmentComponent":[{"AssessmentComponentTitle":"Coursework three","AssessmentComponentWeightPercentage":"15"},{"AssessmentComponentTitle":"Coursework two (1,800 words)","AssessmentComponentWeightPercentage":"35"},{"AssessmentComponentTitle":"Coursework one (3,000 words)","AssessmentComponentWeightPercentage":"50"}]}}]}}},{"ModuleDeliveryIdentifier":"1323F71073F511E89A86FAE8722E8321","LevelOfStudy":"Undergraduate","ModuleDeliveryPeriod":{"PeriodCode":"T2","PeriodTitle":"Term 2"},"AcademicLevel":{"AcademicLevelCode":"L6","AcademicLevelTitle":"FHEQ Level 6"},"ModuleDeliveryType":"","ModeOfStudy":"Face-to-face","ModuleDeliveryTutor":{"PersonIdentifier":"AFMCK30","Name":"Arnold Fredric McKinley","Email":""},"PreviousYearStudentCount":"30","NumberOfStudents":"30","ModuleDeliveryLocation":{"LocationIdentifier":"","LocationName":""},"ModuleDeliveryAssessment":{"AssessmentGroupCollection":{"@DefaultAssessmentGroup":"NULL","AssessmentGroup":[{"AssessmentGroupCode":"NULL","AssessmentGroupName":"","AssessmentComponentList":{"AssessmentComponent":[{"AssessmentComponentTitle":"Coursework two (1,800 words)","AssessmentComponentWeightPercentage":"35"},{"AssessmentComponentTitle":"Coursework three","AssessmentComponentWeightPercentage":"15"},{"AssessmentComponentTitle":"Coursework one (3,000 words)","AssessmentComponentWeightPercentage":"50"}]}},{"AssessmentGroupCode":"A","AssessmentGroupName":"","AssessmentComponentList":{"AssessmentComponent":[{"AssessmentComponentTitle":"Coursework three","AssessmentComponentWeightPercentage":"15"},{"AssessmentComponentTitle":"Coursework two (1,800 words)","AssessmentComponentWeightPercentage":"35"},{"AssessmentComponentTitle":"Coursework one (3,000 words)","AssessmentComponentWeightPercentage":"50"}]}}]}}}]}}}}}