{"Response":{"Module":{"ModuleCode":"CELL0006","ModuleIdentifier":"132F030E73F411E89A86FAE8722E8321","ModuleTitle":"MSci Investigative Project in Cell Biology","ModuleContact":{"Faculty":{"FacultyCode":"LIF","FacultyName":"Faculty of Life Sciences"},"Department":{"DepartmentCode":"BIOSC_LIF","DepartmentName":"Division of Biosciences"}},"ModuleValue":"30","ModuleStudyHours":"300","ModuleLearningHours":"0","ModuleSearchKeywords":"ANATOMY, EMBRYOLOGY, CELL BIOLOGY, DEVELOPMENTAL BIOLOGY, NEUROSCIENCE, LIBRARY PROJECT","Email":"l.dale@ucl.ac.uk; julie.pitcher@ucl.ac.uk","ModuleSuperGroup":"","CEFRLevel":"","ModuleInstance":{"AcademicYearCode":"2019","AcademicYearDescription":"2019/20 academic  year","ModuleInstanceDescription":"<p>\n\tA detailed review of the primary research literature on a topic of interest to each student will be conducted under the individual guidance of a project supervisor. Topics will be in Developmental Biology or Cell Biology. The provisional title and the supervisor will be approved by the module organiser at the start. A written report of no more than 7,500 words (excluding bibliography) will be submitted for examination and students will complete a 10 minute PowerPoint presentation.</p>\n<p>\n\tThis library-based research project for 3<sup>rd</sup> year MSci Cell Biology students will require you to write an in-depth dissertation in the area of either cell or developmental biology under the supervision of a UCL academic. &nbsp;The dissertation will aim to address or answer a particular question in your chosen field.&nbsp;&nbsp;</p>\n<p>\n\tYour supervisor is likely to be in either the Research Department of Cell and Developmental Biology (CDB) or the Laboratory of Molecular Cell Biology (LMCB). &nbsp;Project titles are negotiable with supervisors. &nbsp;Students may consider other members of the Division of Biosciences, the Faculty of Life Sciences, or elsewhere in UCL, as project supervisors but this will require approval by the CELL0006 module organizer. &nbsp;Information about supervisors in CDB and their fields of research is available on the departmental webpages.&nbsp; Individual project supervisors may require that a particular module has been studied previously and passed at a satisfactory level.&nbsp; They may also specify that a current module is undertaken to complement or support the project.</p>\n<p>\n\tCompleting the project will provide you with in-depth knowledge of a chosen subject area.</p>\n<p>\n\tThis will be achieved by an independent literature search and a written dissertation that summarises the relevant published experimental evidence, critically appraises that evidence and reaches an independent conclusion. &nbsp;You will also be required to give a short PowerPoint presentation of your project to a small group of students and examiners.</p>\n","ModuleInstanceRestriction":"This is a core (compulsory) module for MSci in Cell Biology students in Year 3.  It is not available to students on other degree programmes.","ModuleInstanceSubjectCollection":{"ModuleInstanceSubject":["Developmental Biology","Neuroscience","Biology","Cell Biology","Anatomy"]},"ModuleDeliveryCollection":{"ModuleDelivery":{"ModuleDeliveryIdentifier":"133CDA0673F411E89A86FAE8722E8321","LevelOfStudy":"Undergraduate","ModuleDeliveryPeriod":{"PeriodCode":"T1/2","PeriodTitle":"Terms 1 and 2"},"AcademicLevel":{"AcademicLevelCode":"L7","AcademicLevelTitle":"FHEQ Level 7"},"ModuleDeliveryType":"","ModeOfStudy":"Face-to-face","ModuleDeliveryTutor":{"PersonIdentifier":"LDALE47","Name":"Leslie Dale","Email":""},"PreviousYearStudentCount":"6","NumberOfStudents":"6","ModuleDeliveryLocation":{"LocationIdentifier":"","LocationName":""},"ModuleDeliveryAssessment":{"AssessmentGroupCollection":{"@DefaultAssessmentGroup":"NULL","AssessmentGroup":[{"AssessmentGroupCode":"NULL","AssessmentGroupName":"","AssessmentComponentList":{"AssessmentComponent":[{"AssessmentComponentTitle":"Coursework two (1,800 words)","AssessmentComponentWeightPercentage":"35"},{"AssessmentComponentTitle":"Coursework three","AssessmentComponentWeightPercentage":"15"},{"AssessmentComponentTitle":"Coursework one (3,000 words)","AssessmentComponentWeightPercentage":"50"}]}},{"AssessmentGroupCode":"A","AssessmentGroupName":"","AssessmentComponentList":{"AssessmentComponent":[{"AssessmentComponentTitle":"Coursework three","AssessmentComponentWeightPercentage":"15"},{"AssessmentComponentTitle":"Coursework two (1,800 words)","AssessmentComponentWeightPercentage":"35"},{"AssessmentComponentTitle":"Coursework one (3,000 words)","AssessmentComponentWeightPercentage":"50"}]}}]}}}}}}}}