{"Response":{"Module":{"ModuleCode":"ELEC0030","ModuleIdentifier":"134F5B1273F511E89A86FAE8722E8321","ModuleTitle":"Numerical Methods","ModuleContact":{"Faculty":{"FacultyCode":"ENG","FacultyName":"Faculty of Engineering Sciences"},"Department":{"DepartmentCode":"ELECN_ENG","DepartmentName":"Electronic and Electrical Engineering"}},"ModuleValue":"15","ModuleStudyHours":"150","ModuleLearningHours":"30","ModuleSearchKeywords":"","Email":"ugadmin@ee.ucl.ac.uk","ModuleSuperGroup":"Numerical Methods","CEFRLevel":"","ModuleInstance":{"AcademicYearCode":"2019","AcademicYearDescription":"2019/20 academic  year","ModuleInstanceDescription":"<p>\n\tThis course starts with basic details of numerical calculations: machine representation of numbers, error sources and estimation of error bounds in algorithms and continues with the basic techniques to solve nonlinear equations (root finding methods). Interpolation of discrete data and approximation by functions is covered next, including, polynomial interpolations; least squares methods for discrete data and functions. Taylor expansions and Pade approximants. Discrete approximation of derivatives are then found, giving the starting point to introduce finite differences methods for differential equations are covered later. Basic numerical integration methods and quadrature methods and integration methods for initial value problems, Euler, Taylor and Runge-Kutta methods are also covered. Matrix computations methods include the direct and iterative solutions of linear systems, Gauss elimination, jacobi and Gauss-Seidel, steepest descent, conjugate gradients and other Krilov subspace methods. Preconditioning techniques are also introduced. Eigenvalue problems are solved with iterative methods, power method and the inverse, shifted inverse and Rayleigh iteration methods. The weak solution of boundary value problem is then described using the Rayleigh-Ritz approach and the weighted residual and variational methods are developed presenting finally the finite element method as an implementation of these.</p>\n<p>\n\tStudents will gain knowledge of numerical and computational techniques used in solving common engineering problems; understanding of the advantages and disadvantages of the different methods and to be able to choose adequate methods for different classes of problems; and to be able to formulate a solution strategy for manual or computer implementation.</p>\n<p>\n\tBy the end of the modules students should:</p>\n<ul>\n\t<li>\n\t\tUnderstand the fundamentals of numerical computation.</li>\n\t<li>\n\t\tBe able to setup a solution strategy for common types of problems in Engineering and Physics</li>\n\t<li>\n\t\tDesign and write basic computer programs</li>\n\t<li>\n\t\tBe able to choose adequate available software for the solution of these problems.</li>\n</ul>\n<p>\n\tStudents should have a good understanding of:</p>\n<ul>\n\t<li>\n\t\tMathematical modelling</li>\n\t<li>\n\t\tMatrix methods</li>\n\t<li>\n\t\tSolution of linear equations and eigenvalue problems</li>\n\t<li>\n\t\tSolution of ordinary &amp; partial differential equations</li>\n</ul>\n<p>\n\t&nbsp;</p>\n<p>\n\t&nbsp;</p>\n","ModuleInstanceRestriction":"","ModuleInstanceSubjectCollection":"","ModuleDeliveryCollection":{"ModuleDelivery":[{"ModuleDeliveryIdentifier":"1373411273F511E89A86FAE8722E8321","LevelOfStudy":"Undergraduate","ModuleDeliveryPeriod":{"PeriodCode":"T1","PeriodTitle":"Term 1"},"AcademicLevel":{"AcademicLevelCode":"L7","AcademicLevelTitle":"FHEQ Level 7"},"ModuleDeliveryType":"","ModeOfStudy":"Face-to-face","ModuleDeliveryTutor":{"PersonIdentifier":"FAFER74","Name":"Federico Anibal Fernandez","Email":""},"PreviousYearStudentCount":"22","NumberOfStudents":"22","ModuleDeliveryLocation":{"LocationIdentifier":"","LocationName":""},"ModuleDeliveryAssessment":{"AssessmentGroupCollection":{"@DefaultAssessmentGroup":"NULL","AssessmentGroup":[{"AssessmentGroupCode":"NULL","AssessmentGroupName":"","AssessmentComponentList":{"AssessmentComponent":[{"AssessmentComponentTitle":"Coursework two (1,800 words)","AssessmentComponentWeightPercentage":"35"},{"AssessmentComponentTitle":"Coursework three","AssessmentComponentWeightPercentage":"15"},{"AssessmentComponentTitle":"Coursework one (3,000 words)","AssessmentComponentWeightPercentage":"50"}]}},{"AssessmentGroupCode":"A","AssessmentGroupName":"","AssessmentComponentList":{"AssessmentComponent":[{"AssessmentComponentTitle":"Coursework three","AssessmentComponentWeightPercentage":"15"},{"AssessmentComponentTitle":"Coursework two (1,800 words)","AssessmentComponentWeightPercentage":"35"},{"AssessmentComponentTitle":"Coursework one (3,000 words)","AssessmentComponentWeightPercentage":"50"}]}}]}}},{"ModuleDeliveryIdentifier":"135DF28A73F511E89A86FAE8722E8321","LevelOfStudy":"Undergraduate","ModuleDeliveryPeriod":{"PeriodCode":"T1","PeriodTitle":"Term 1"},"AcademicLevel":{"AcademicLevelCode":"L6","AcademicLevelTitle":"FHEQ Level 6"},"ModuleDeliveryType":"","ModeOfStudy":"Face-to-face","ModuleDeliveryTutor":{"PersonIdentifier":"FAFER74","Name":"Federico Anibal Fernandez","Email":""},"PreviousYearStudentCount":"60","NumberOfStudents":"60","ModuleDeliveryLocation":{"LocationIdentifier":"","LocationName":""},"ModuleDeliveryAssessment":{"AssessmentGroupCollection":{"@DefaultAssessmentGroup":"NULL","AssessmentGroup":[{"AssessmentGroupCode":"NULL","AssessmentGroupName":"","AssessmentComponentList":{"AssessmentComponent":[{"AssessmentComponentTitle":"Coursework two (1,800 words)","AssessmentComponentWeightPercentage":"35"},{"AssessmentComponentTitle":"Coursework three","AssessmentComponentWeightPercentage":"15"},{"AssessmentComponentTitle":"Coursework one (3,000 words)","AssessmentComponentWeightPercentage":"50"}]}},{"AssessmentGroupCode":"A","AssessmentGroupName":"","AssessmentComponentList":{"AssessmentComponent":[{"AssessmentComponentTitle":"Coursework three","AssessmentComponentWeightPercentage":"15"},{"AssessmentComponentTitle":"Coursework two (1,800 words)","AssessmentComponentWeightPercentage":"35"},{"AssessmentComponentTitle":"Coursework one (3,000 words)","AssessmentComponentWeightPercentage":"50"}]}}]}}}]}}}}}