{"Response":{"Module":{"ModuleCode":"CELL0007","ModuleIdentifier":"13502F7073F411E89A86FAE8722E8321","ModuleTitle":"Cells and Development","ModuleContact":{"Faculty":{"FacultyCode":"LIF","FacultyName":"Faculty of Life Sciences"},"Department":{"DepartmentCode":"BIOSC_LIF","DepartmentName":"Division of Biosciences"}},"ModuleValue":"15","ModuleStudyHours":"150","ModuleLearningHours":"25","ModuleSearchKeywords":"CELL BIOLOGY, CELL SIGNALLING, DEVELOPMENTAL BIOLOGY, HISTOLOGY","Email":"patel.s@ucl.ac.uk","ModuleSuperGroup":"","CEFRLevel":"","ModuleInstance":{"AcademicYearCode":"2019","AcademicYearDescription":"2019/20 academic  year","ModuleInstanceDescription":"<p>\n\t&nbsp;</p>\n<p>\n\tThe module provides an introduction to significant aspects of cell and developmental biology. &nbsp;Lectures in the first half will cover Cell Biology and Signalling and in the second half Developmental Biology and Stem Cells. &nbsp;There will be practicals on cell permeability and human development.</p>\n<p>\n\t&nbsp;</p>\n<p>\n\tThe module will prepare you for more advanced modules that you may wish to pursue in Year 2, such as CELL0009 Integrative Cell Biology (Cell Structure and Function), CELL0010 Integrative Cell Biology (Cell Signalling and Regulation), CELL0011 Integrative Cell Biology, or BIOL0013 The Biology of Development.</p>\n<p>\n\t&nbsp;</p>\n<p>\n\t<strong>Indicative lecture topics </strong>&ndash; based on module content in 2018/19</p>\n<ul>\n\t<li>\n\t\tMembranes and cytoskeleton (structure and function)</li>\n\t<li>\n\t\tCellular organelles</li>\n\t<li>\n\t\tCell cycle and mitosis</li>\n\t<li>\n\t\tCell trafficking</li>\n\t<li>\n\t\tCell signalling</li>\n\t<li>\n\t\tIon channels and receptors&nbsp;&nbsp;</li>\n\t<li>\n\t\tBasic principles of embryonic development</li>\n\t<li>\n\t\tCell fate and cell differentiation</li>\n\t<li>\n\t\tStem cells.</li>\n</ul>\n<p>\n\t&nbsp;</p>\n","ModuleInstanceRestriction":"The module is core (and compulsory) for Year 1 students on specified programmes, mostly those within the Division of Biosciences.  It is not available as an optional or elective module.","ModuleInstanceSubjectCollection":{"ModuleInstanceSubject":["Developmental Biology","Cell Biology"]},"ModuleDeliveryCollection":{"ModuleDelivery":{"ModuleDeliveryIdentifier":"135E47D673F411E89A86FAE8722E8321","LevelOfStudy":"Undergraduate","ModuleDeliveryPeriod":{"PeriodCode":"T2","PeriodTitle":"Term 2"},"AcademicLevel":{"AcademicLevelCode":"L4","AcademicLevelTitle":"FHEQ Level 4"},"ModuleDeliveryType":"","ModeOfStudy":"Face-to-face","ModuleDeliveryTutor":{"PersonIdentifier":"SKPAT56","Name":"Sandip Patel","Email":""},"PreviousYearStudentCount":"270","NumberOfStudents":"270","ModuleDeliveryLocation":{"LocationIdentifier":"","LocationName":""},"ModuleDeliveryAssessment":{"AssessmentGroupCollection":{"@DefaultAssessmentGroup":"NULL","AssessmentGroup":[{"AssessmentGroupCode":"NULL","AssessmentGroupName":"","AssessmentComponentList":{"AssessmentComponent":[{"AssessmentComponentTitle":"Coursework two (1,800 words)","AssessmentComponentWeightPercentage":"35"},{"AssessmentComponentTitle":"Coursework three","AssessmentComponentWeightPercentage":"15"},{"AssessmentComponentTitle":"Coursework one (3,000 words)","AssessmentComponentWeightPercentage":"50"}]}},{"AssessmentGroupCode":"A","AssessmentGroupName":"","AssessmentComponentList":{"AssessmentComponent":[{"AssessmentComponentTitle":"Coursework three","AssessmentComponentWeightPercentage":"15"},{"AssessmentComponentTitle":"Coursework two (1,800 words)","AssessmentComponentWeightPercentage":"35"},{"AssessmentComponentTitle":"Coursework one (3,000 words)","AssessmentComponentWeightPercentage":"50"}]}}]}}}}}}}}