{"Response":{"Module":{"ModuleCode":"MECH0056","ModuleIdentifier":"1357355673F711E89A86FAE8722E8321","ModuleTitle":"Materials and Fatigue A","ModuleContact":{"Faculty":{"FacultyCode":"ENG","FacultyName":"Faculty of Engineering Sciences"},"Department":{"DepartmentCode":"MECHN_ENG","DepartmentName":"Mechanical Engineering"}},"ModuleValue":"7.5","ModuleStudyHours":"75","ModuleLearningHours":"20","ModuleSearchKeywords":"","Email":"mecheng.pg-queries@ucl.ac.uk","ModuleSuperGroup":"Materials and Fatigue","CEFRLevel":"","ModuleInstance":{"AcademicYearCode":"2019","AcademicYearDescription":"2019/20 academic  year","ModuleInstanceDescription":"<p>\n\t<em>This description relates to the full year version of the module. Only the topics and content that is taught in Term 1 will be covered in this module.</em></p>\n<p>\n\t<strong>Overview:</strong></p>\n<p>\n\tThis module builds upon a basic theory of materials as would be given in the first years of an undergraduate programme, and examines specific areas of materials science which are not normally taught as part of a basic materials curriculum. The module also aims to cover the fundamentals of fracture mechanics, and the theory of fatigue failure in engineering materials, principally from an analytical perspective.</p>\n<p>\n\tThe module is common to 4th year Mechanical Engineering undergraduate students and MSc students from several postgraduate programmes, including those with an emphasis on Marine engineering. Accordingly, several of the topics covered will also refer to materials used in marine environments and attempts will be made to link into this area of engineering. Given the wide range of backgrounds of the students who attend this module, the first few lectures given cover the basics of materials science and may well be revision for some students but totally new for others.</p>\n<p>\n\t<strong>Topics covered:</strong></p>\n<p>\n\tAlthough many students will have studied materials science and engineering at undergraduate level, the module is designed to provide a common level of knowledge and then to introduce new subject matter such as advanced fracture mechanics and fatigue failure in engineering materials, and to provide a detailed look at some areas of materials application which are not normally covered at undergraduate level.&nbsp; Some of the taught matter is placed in a context that makes it relevant to materials in marine environments, to ensure relevance to students specialising in this field.</p>\n<p>\n\tThe module begins by providing a levelling to the material science knowledge of the course participants (who come from a wide range of academic backgrounds).&nbsp; This is then used as a springboard for dealing with more esoteric and advanced materials based issues which are introduced as discrete case studies in materials science, particularly drawn from relevant and modern contexts (eg materials for MEMS structures, concrete based composites and materials for fuel cell applications).</p>\n<p>\n\t&nbsp;</p>\n","ModuleInstanceRestriction":"Only available to Term 1 only affiliate students","ModuleInstanceSubjectCollection":{"ModuleInstanceSubject":["Material Science","Mechanical Engineering"]},"ModuleDeliveryCollection":{"ModuleDelivery":{"ModuleDeliveryIdentifier":"1366324A73F711E89A86FAE8722E8321","LevelOfStudy":"Postgraduate","ModuleDeliveryPeriod":{"PeriodCode":"T1","PeriodTitle":"Term 1"},"AcademicLevel":{"AcademicLevelCode":"L7","AcademicLevelTitle":"FHEQ Level 7"},"ModuleDeliveryType":"","ModeOfStudy":"Face-to-face","ModuleDeliveryTutor":{"PersonIdentifier":"AWOJC65","Name":"Adam Wojcik","Email":""},"PreviousYearStudentCount":"5","NumberOfStudents":"5","ModuleDeliveryLocation":{"LocationIdentifier":"","LocationName":""},"ModuleDeliveryAssessment":{"AssessmentGroupCollection":{"@DefaultAssessmentGroup":"NULL","AssessmentGroup":[{"AssessmentGroupCode":"NULL","AssessmentGroupName":"","AssessmentComponentList":{"AssessmentComponent":[{"AssessmentComponentTitle":"Coursework two (1,800 words)","AssessmentComponentWeightPercentage":"35"},{"AssessmentComponentTitle":"Coursework three","AssessmentComponentWeightPercentage":"15"},{"AssessmentComponentTitle":"Coursework one (3,000 words)","AssessmentComponentWeightPercentage":"50"}]}},{"AssessmentGroupCode":"A","AssessmentGroupName":"","AssessmentComponentList":{"AssessmentComponent":[{"AssessmentComponentTitle":"Coursework three","AssessmentComponentWeightPercentage":"15"},{"AssessmentComponentTitle":"Coursework two (1,800 words)","AssessmentComponentWeightPercentage":"35"},{"AssessmentComponentTitle":"Coursework one (3,000 words)","AssessmentComponentWeightPercentage":"50"}]}}]}}}}}}}}