{"Response":{"Module":{"ModuleCode":"CELL0008","ModuleIdentifier":"137233D673F411E89A86FAE8722E8321","ModuleTitle":"Introduction to Cell Biology","ModuleContact":{"Faculty":{"FacultyCode":"LIF","FacultyName":"Faculty of Life Sciences"},"Department":{"DepartmentCode":"BIOSC_LIF","DepartmentName":"Division of Biosciences"}},"ModuleValue":"15","ModuleStudyHours":"150","ModuleLearningHours":"22","ModuleSearchKeywords":"CELL BIOLOGY, CELL SIGNALLING, EUKARYOTE, HISTOLOGY, PROKARYOTE, VIROLOGY, VIRUS","Email":"l.dale@ucl.ac.uk","ModuleSuperGroup":"","CEFRLevel":"","ModuleInstance":{"AcademicYearCode":"2019","AcademicYearDescription":"2019/20 academic  year","ModuleInstanceDescription":"<p>\n\tThe module provides a general introduction to eukaryotic and prokaryotic cell biology, cell signalling and virology. &nbsp;Topics will include: Membrane structure and function, cellular organelles, cytoskeleton, cell signalling, cell division, cell physiology, bacterial cell biology and basic principles of virology. &nbsp;The majority of the teaching will comprise lectures, supported by Moodle, with lecture slides provided before the lectures. &nbsp;Detailed feedback will be taken at the end of term and fed back into the module delivery and design.</p>\n<p>\n\tAt the end of the module students will have a basic understanding of cell biology, and should understand how prokaryotic and eukaryotic cells function and how they are affected by viruses. &nbsp;The module will prepare students for more advanced modules that they may wish to pursue in Year 2, such as CELL0009 Integrative Cell Biology (Cell Structure and Function), CELL0010 Integrative Cell Biology (Cell Signalling and Regulation) or CELL0011 Integrative Cell Biology. &nbsp;Students will develop independent learning, problem solving and laboratory skills.</p>\n<p>\n\tThe module is compulsory for Year 1 BSc Biomedical Sciences students and an option for (Year 1) students selecting the Biomedical Sciences or Molecular Cell Biology streams of the Natural Sciences programme. &nbsp; It is not available to students on any other programme.</p>\n<p>\n\t<strong>Indicative lecture topics </strong>&ndash; based on module content in 2018/19</p>\n<ul>\n\t<li>\n\t\tCell biology (5 lectures)</li>\n\t<li>\n\t\tCell signalling (3 lectures)</li>\n\t<li>\n\t\tBacterial cell biology (3 lectures)</li>\n\t<li>\n\t\tVirology (4 lectures)</li>\n</ul>\n<p>\n\tResearch seminars. Topics vary from year to year but in 2018/19 were on:</p>\n<ul>\n\t<li>\n\t\tGene expression dynamics</li>\n\t<li>\n\t\tCell migration</li>\n\t<li>\n\t\tPoxvirus Post Entry Events.</li>\n</ul>\n<p>\n\t&nbsp;</p>\n","ModuleInstanceRestriction":"The module is compulsory for Year 1 BSc Biomedical Sciences students and some Year 1 BSc and MSci Natural Sciences students.  Optional and elective students may be allowed to take the module but must contact the module organizer first.  The module is not available to students in Years 2 to 4.\n","ModuleInstanceSubjectCollection":{"ModuleInstanceSubject":"Cell Biology"},"ModuleDeliveryCollection":{"ModuleDelivery":{"ModuleDeliveryIdentifier":"13802B5873F411E89A86FAE8722E8321","LevelOfStudy":"Undergraduate","ModuleDeliveryPeriod":{"PeriodCode":"T2","PeriodTitle":"Term 2"},"AcademicLevel":{"AcademicLevelCode":"L4","AcademicLevelTitle":"FHEQ Level 4"},"ModuleDeliveryType":"","ModeOfStudy":"Face-to-face","ModuleDeliveryTutor":{"PersonIdentifier":"GCAMP76","Name":"Gregor Campbell","Email":""},"PreviousYearStudentCount":"180","NumberOfStudents":"180","ModuleDeliveryLocation":{"LocationIdentifier":"","LocationName":""},"ModuleDeliveryAssessment":{"AssessmentGroupCollection":{"@DefaultAssessmentGroup":"NULL","AssessmentGroup":[{"AssessmentGroupCode":"NULL","AssessmentGroupName":"","AssessmentComponentList":{"AssessmentComponent":[{"AssessmentComponentTitle":"Coursework two (1,800 words)","AssessmentComponentWeightPercentage":"35"},{"AssessmentComponentTitle":"Coursework three","AssessmentComponentWeightPercentage":"15"},{"AssessmentComponentTitle":"Coursework one (3,000 words)","AssessmentComponentWeightPercentage":"50"}]}},{"AssessmentGroupCode":"A","AssessmentGroupName":"","AssessmentComponentList":{"AssessmentComponent":[{"AssessmentComponentTitle":"Coursework three","AssessmentComponentWeightPercentage":"15"},{"AssessmentComponentTitle":"Coursework two (1,800 words)","AssessmentComponentWeightPercentage":"35"},{"AssessmentComponentTitle":"Coursework one (3,000 words)","AssessmentComponentWeightPercentage":"50"}]}}]}}}}}}}}