{"Response":{"Module":{"ModuleCode":"CELL0009","ModuleIdentifier":"13938B7673F411E89A86FAE8722E8321","ModuleTitle":"Integrative Cell Biology (Cell Structure and Function)","ModuleContact":{"Faculty":{"FacultyCode":"LIF","FacultyName":"Faculty of Life Sciences"},"Department":{"DepartmentCode":"BIOSC_LIF","DepartmentName":"Division of Biosciences"}},"ModuleValue":"15","ModuleStudyHours":"150","ModuleLearningHours":"23","ModuleSearchKeywords":"CELL BIOLOGY, CELL STRUCTURE, CELL FUNCTION, EUKARYOTIC CELLS","Email":"g.thomas@ucl.ac.uk; l.cramer@ucl.ac.uk","ModuleSuperGroup":"","CEFRLevel":"","ModuleInstance":{"AcademicYearCode":"2019","AcademicYearDescription":"2019/20 academic  year","ModuleInstanceDescription":"<p>\n\tThis is a broad-based cell biology module that aims to introduce the student to a wide range of topics related to the biological functioning of eukaryotic cells. The lectures are divided into the following four major themes:- A) structural and functional anatomy of eukaryotic cells, B) experimental methods in cell biology, C) cell growth, division and the cell cycle, D) multicellular life and cell specialization and differentiation. Assessments cover interpretation of images of cells obtained with an electron microscope and a fluorescence microscope including semi-quantitative analysis. The coursework forms an important part of the module and is designed to illustrate specific cellular processes and techniques in greater detail.</p>\n<p>\n\t<strong>Module information</strong></p>\n<p>\n\tRunning in Term 1 CELL0009 is a broad-based cell biology module that aims to introduce students who have taken cell or molecular biology in Year 1 (BIOC0001 and or CELL0007/CELL0008/BIOS0005) to a wide range of topics related to the biological functioning of eukaryotic cells. &nbsp;It will prepare you for more specialised modules in the 3<sup>rd</sup> year. &nbsp;Through lectures, online practical assignments in the form of Moodle quizzes and a dry lab on cell biology microscopy data interpretation this module will provide up-to-date coverage of a broad range of topics in eukaryotic cell biology. &nbsp;Coursework is an important part of your study and is designed to illustrate specific cellular processes and techniques in more detail, to support and enhance the lectures.</p>\n<p>\n\t<strong>Indicative lecture topics</strong></p>\n<p>\n\tThe following is a typical example of topics; precise contents in any given year of study may change with module updates and development:-</p>\n<ul>\n\t<li>\n\t\tcell structure and function,</li>\n\t<li>\n\t\tfunction of organelles and intracellular compartmentalisation,</li>\n\t<li>\n\t\torganelle biogenesis and protein/membrane trafficking (including the transport of proteins to the nucleus, endoplasmic reticulum,</li>\n\t<li>\n\t\tGolgi apparatus, lysosomes, peroxisomes, mitochondria, chloroplast, secretory vesicles, plasma membrane, as well as processes such as endocytosis and exocytosis),</li>\n\t<li>\n\t\tstructure and function of biological membranes,</li>\n\t<li>\n\t\tstructure and function of the cytoskeleton (including microtubules, microfilaments etc.),</li>\n\t<li>\n\t\tcell division and the cell cycle,</li>\n\t<li>\n\t\texperimental methods used in cell biology (including tissue culture, microscopy, and protein expression and analysis techniques),</li>\n\t<li>\n\t\tcell specialization and differentiation,</li>\n\t<li>\n\t\tmulticellular life (including stem cells, control of cell growth and programmed cell death).</li>\n</ul>\n<p>\n\t<strong>Module Notes</strong></p>\n<p>\n\tStudents should note that this module does not specifically cover signalling and signal transduction. For detailed coverage in this area, students are recommended to take CELL0010. &nbsp;To combine the cell biology of CELL0009 and the cell signalling of CELL0010 students should take course CELL0011 (registration for both CELL0009 and CELL0010 independently will not be permitted). &nbsp;Note, CELL0011 is popular and additional places available beyond students for whom it is compulsory (listed, below) are limited. &nbsp;Note if you are a student on BioMedSci stream 5 (Cells and Molecules) or the Cell Biology stream of Natural Sciences you need to register (compulsory) for CELL0011.</p>\n<p>\n\tThis module is co-taught with CELL0011. &nbsp;Places are limited to a combined total of 144 (CELL0011 is capped at 96, so typically the cap for CELL0009 is 48). &nbsp;CELL0009 is an option for students on Biosciences and Natural Sciences programmes and may be taken as an elective by students (including affiliate students) on other degree programmes. &nbsp;In the event of module over-subscription, the module may not be available as an elective.</p>\n","ModuleInstanceRestriction":"Module prerequisites and caps:\nAvailable for students in Year(s) 2.  BIOC0001, CELL0007 or CELL0008 in the first year, and either BIOC0005, BIOC0007, or BIOL0008 in the second year.  This module is co-taught with CELL0011. Places are limited to a combined total of 144 and priority will be given to CELL0011 students.  In the event of over subscription for places on CELL0009 some or all of the following selection criteria may be applied by the course organiser.  The compulsory or optional nature of the selection of CELL0009. The precise combination of prerequisite courses taken by each applicant. The grades of each applicant in their qualifying prerequisite courses.  The interdisciplinary or integrative nature of the degree programme of each applicant.  Personal statements from applicants may also be considered if all other relevant criteria are equivalent.  To register for this module please ensure you meet the prerequisites listed above (where applicable) and, if you do, select it using Portico and await Teaching and Parent Department approval.\n","ModuleInstanceSubjectCollection":{"ModuleInstanceSubject":["Biology","Cell Biology"]},"ModuleDeliveryCollection":{"ModuleDelivery":{"ModuleDeliveryIdentifier":"13A1697673F411E89A86FAE8722E8321","LevelOfStudy":"Undergraduate","ModuleDeliveryPeriod":{"PeriodCode":"T1","PeriodTitle":"Term 1"},"AcademicLevel":{"AcademicLevelCode":"L5","AcademicLevelTitle":"FHEQ Level 5"},"ModuleDeliveryType":"","ModeOfStudy":"Face-to-face","ModuleDeliveryTutor":{"PersonIdentifier":"GMTHO44","Name":"Geraint Mark Thomas","Email":""},"PreviousYearStudentCount":"48","NumberOfStudents":"48","ModuleDeliveryLocation":{"LocationIdentifier":"","LocationName":""},"ModuleDeliveryAssessment":{"AssessmentGroupCollection":{"@DefaultAssessmentGroup":"NULL","AssessmentGroup":[{"AssessmentGroupCode":"NULL","AssessmentGroupName":"","AssessmentComponentList":{"AssessmentComponent":[{"AssessmentComponentTitle":"Coursework two (1,800 words)","AssessmentComponentWeightPercentage":"35"},{"AssessmentComponentTitle":"Coursework three","AssessmentComponentWeightPercentage":"15"},{"AssessmentComponentTitle":"Coursework one (3,000 words)","AssessmentComponentWeightPercentage":"50"}]}},{"AssessmentGroupCode":"A","AssessmentGroupName":"","AssessmentComponentList":{"AssessmentComponent":[{"AssessmentComponentTitle":"Coursework three","AssessmentComponentWeightPercentage":"15"},{"AssessmentComponentTitle":"Coursework two (1,800 words)","AssessmentComponentWeightPercentage":"35"},{"AssessmentComponentTitle":"Coursework one (3,000 words)","AssessmentComponentWeightPercentage":"50"}]}}]}}}}}}}}