{"Response":{"Module":{"ModuleCode":"MECH0058","ModuleIdentifier":"13B5853E73F711E89A86FAE8722E8321","ModuleTitle":"Vibrations, Acoustics and Control A","ModuleContact":{"Faculty":{"FacultyCode":"ENG","FacultyName":"Faculty of Engineering Sciences"},"Department":{"DepartmentCode":"MECHN_ENG","DepartmentName":"Mechanical Engineering"}},"ModuleValue":"7.5","ModuleStudyHours":"75","ModuleLearningHours":"20","ModuleSearchKeywords":"","Email":"mecheng.pg-queries@ucl.ac.uk","ModuleSuperGroup":"Vibrations, Acoustics and Control","CEFRLevel":"","ModuleInstance":{"AcademicYearCode":"2019","AcademicYearDescription":"2019/20 academic  year","ModuleInstanceDescription":"<p>\n\t<em>This description relates to the full year version of the module. Only the topics and content that is taught in Term 1 will be covered in this module.</em></p>\n<p>\n\t<strong>Overview:</strong></p>\n<p>\n\tVibrations</p>\n<p>\n\tThe module reinforces the modelling and vibrations knowledge gained by students at undergraduate level.&nbsp;Building on these skills and mathematical tools, vibrations in more realistic and complex&nbsp;structures are investigated and analysed, increasing the understanding of vibration problems in&nbsp;engineering structures.</p>\n<p>\n\tAcoustics<br />\n\tIn the Acoustics part of the module, the aim is to impart knowledge of the sources and nature of&nbsp;acoustic noise in an engineering environment. The coverage starts with basic physical concepts&nbsp;and leads on to the treatment of vibrating structure/fluid interactions for a number of simple&nbsp;examples of practical interest.</p>\n<p>\n\tControl</p>\n<p>\n\tThe main aims of the digital control systems part of the module are:</p>\n<ul>\n\t<li>\n\t\tTo give students an appreciation of the need for modern control systems</li>\n\t<li>\n\t\tTo explain and discuss the systems that make up modern control systems</li>\n\t<li>\n\t\tTo provide students with mathematical tools needed in the design and performance&nbsp;analysis of digital control systems</li>\n</ul>\n<p>\n\t<strong>Topics covered:</strong></p>\n<p>\n\tVibrations</p>\n<ul>\n\t<li>\n\t\tIntroduction &ndash; Free response of SDOF systems</li>\n\t<li>\n\t\tForced vibration of SDOF systems</li>\n\t<li>\n\t\tTransient response of SDOF systems</li>\n\t<li>\n\t\tUnforced MDOF systems</li>\n\t<li>\n\t\tHarmonic force applied to a MDOF system</li>\n\t<li>\n\t\tVibration in continuous systems</li>\n</ul>\n<p>\n\tControl</p>\n<ul>\n\t<li>\n\t\tIntroduction to Digital Control Systems</li>\n\t<li>\n\t\tMathematics of Digital Control Engineering</li>\n\t<li>\n\t\tDiscrete Time Systems</li>\n\t<li>\n\t\tDiscrete Control Systems</li>\n</ul>\n<p>\n\tAcoustics</p>\n<ul>\n\t<li>\n\t\tIntroduction to Acoustics</li>\n\t<li>\n\t\tPropagation of sound waves in solids and fluids</li>\n\t<li>\n\t\tInteraction between vibrating structures and sound</li>\n\t<li>\n\t\tPropagation through partitions</li>\n\t<li>\n\t\tSound in an enclosure</li>\n</ul>\n<p>\n\t&nbsp;</p>\n","ModuleInstanceRestriction":"Only available to Term 1 only affiliate students","ModuleInstanceSubjectCollection":{"ModuleInstanceSubject":["Mechanical Engineering","Waves, Acoustics and Optics"]},"ModuleDeliveryCollection":{"ModuleDelivery":{"ModuleDeliveryIdentifier":"13C49EA273F711E89A86FAE8722E8321","LevelOfStudy":"Postgraduate","ModuleDeliveryPeriod":{"PeriodCode":"T1","PeriodTitle":"Term 1"},"AcademicLevel":{"AcademicLevelCode":"L7","AcademicLevelTitle":"FHEQ Level 7"},"ModuleDeliveryType":"","ModeOfStudy":"Face-to-face","ModuleDeliveryTutor":{"PersonIdentifier":"PFROM09","Name":"Paul Fromme","Email":""},"PreviousYearStudentCount":"5","NumberOfStudents":"5","ModuleDeliveryLocation":{"LocationIdentifier":"","LocationName":""},"ModuleDeliveryAssessment":{"AssessmentGroupCollection":{"@DefaultAssessmentGroup":"NULL","AssessmentGroup":[{"AssessmentGroupCode":"NULL","AssessmentGroupName":"","AssessmentComponentList":{"AssessmentComponent":[{"AssessmentComponentTitle":"Coursework two (1,800 words)","AssessmentComponentWeightPercentage":"35"},{"AssessmentComponentTitle":"Coursework three","AssessmentComponentWeightPercentage":"15"},{"AssessmentComponentTitle":"Coursework one (3,000 words)","AssessmentComponentWeightPercentage":"50"}]}},{"AssessmentGroupCode":"A","AssessmentGroupName":"","AssessmentComponentList":{"AssessmentComponent":[{"AssessmentComponentTitle":"Coursework three","AssessmentComponentWeightPercentage":"15"},{"AssessmentComponentTitle":"Coursework two (1,800 words)","AssessmentComponentWeightPercentage":"35"},{"AssessmentComponentTitle":"Coursework one (3,000 words)","AssessmentComponentWeightPercentage":"50"}]}}]}}}}}}}}