{"Response":{"Module":{"ModuleCode":"CCME0136","ModuleIdentifier":"13BD294A1B70462FBF4A0DAE9BECD736","ModuleTitle":"Dissertation on Digital Media: Production","ModuleContact":{"Faculty":{"FacultyCode":"IOE","FacultyName":"Institute of Education"},"Department":{"DepartmentCode":"CULCM_IOE","DepartmentName":"Culture, Communication and Media"}},"ModuleValue":"60","ModuleStudyHours":"600","ModuleLearningHours":"10","ModuleSearchKeywords":"DISSERTATION, DIGITAL DESIGN, STUDIO PRODUCTION","Email":"ioe.ma.media@ucl.ac.uk","ModuleSuperGroup":"","CEFRLevel":"","ModuleInstance":{"AcademicYearCode":"2019","AcademicYearDescription":"2019/20 academic  year","ModuleInstanceDescription":"<p>\n\t&lt;span style=&quot;color: rgb(0, 0, 0); font-family: Calibri, &quot; segoe=&quot;&quot; ui&quot;,=&quot;&quot; calibri,=&quot;&quot; thonburi,=&quot;&quot; arial,=&quot;&quot; verdana,=&quot;&quot; sans-serif,=&quot;&quot; &quot;mongolian=&quot;&quot; baiti&quot;,=&quot;&quot; &quot;microsoft=&quot;&quot; yi=&quot;&quot; &quot;javanese=&quot;&quot; text&quot;;=&quot;&quot; font-size:=&quot;&quot; 13.3333px;=&quot;&quot; white-space:=&quot;&quot; pre-wrap;&quot;=&quot;&quot;&gt;This is the dissertation module for the MA Digital Media: Production. All students undertake an independent studio-based design project, which culminates in a design portfolio in either digital games or animation, incorporating evidence of the design process, the final artefact, and an evaluative document of 5000 words. This is a core module for students taking the Digital Media MA programme.</p>\n","ModuleInstanceRestriction":"This is a compulsory module on MA Digital Media: Production. It is not available to students outside of this programme.","ModuleInstanceSubjectCollection":"","ModuleDeliveryCollection":{"ModuleDelivery":{"ModuleDeliveryIdentifier":"CBD520A19F7140C2AB41E98D8BEE0B40","LevelOfStudy":"Postgraduate","ModuleDeliveryPeriod":{"PeriodCode":"T2/3","PeriodTitle":"Terms 2 and 3"},"AcademicLevel":{"AcademicLevelCode":"L7","AcademicLevelTitle":"FHEQ Level 7"},"ModuleDeliveryType":"","ModeOfStudy":"Face-to-face","ModuleDeliveryTutor":{"PersonIdentifier":"ANBUR40","Name":"Andrew Nicholas Burn","Email":""},"PreviousYearStudentCount":"80","NumberOfStudents":"40","ModuleDeliveryLocation":{"LocationIdentifier":"","LocationName":""},"ModuleDeliveryAssessment":{"AssessmentGroupCollection":{"@DefaultAssessmentGroup":"NULL","AssessmentGroup":[{"AssessmentGroupCode":"NULL","AssessmentGroupName":"","AssessmentComponentList":{"AssessmentComponent":[{"AssessmentComponentTitle":"Coursework two (1,800 words)","AssessmentComponentWeightPercentage":"35"},{"AssessmentComponentTitle":"Coursework three","AssessmentComponentWeightPercentage":"15"},{"AssessmentComponentTitle":"Coursework one (3,000 words)","AssessmentComponentWeightPercentage":"50"}]}},{"AssessmentGroupCode":"A","AssessmentGroupName":"","AssessmentComponentList":{"AssessmentComponent":[{"AssessmentComponentTitle":"Coursework three","AssessmentComponentWeightPercentage":"15"},{"AssessmentComponentTitle":"Coursework two (1,800 words)","AssessmentComponentWeightPercentage":"35"},{"AssessmentComponentTitle":"Coursework one (3,000 words)","AssessmentComponentWeightPercentage":"50"}]}}]}}}}}}}}