{"Response":{"Module":{"ModuleCode":"CELL0010","ModuleIdentifier":"13CFD7D473F411E89A86FAE8722E8321","ModuleTitle":"Integrative Cell Biology (Cell Signalling and Regulation)","ModuleContact":{"Faculty":{"FacultyCode":"LIF","FacultyName":"Faculty of Life Sciences"},"Department":{"DepartmentCode":"BIOSC_LIF","DepartmentName":"Division of Biosciences"}},"ModuleValue":"15","ModuleStudyHours":"150","ModuleLearningHours":"23","ModuleSearchKeywords":"CELL SIGNALLING, CELL REGULATION","Email":"g.thomas@ucl.ac.uk; l.cramer@ucl.ac.uk","ModuleSuperGroup":"","CEFRLevel":"","ModuleInstance":{"AcademicYearCode":"2019","AcademicYearDescription":"2019/20 academic  year","ModuleInstanceDescription":"<p>\n\tThis module will provide a strong introduction to the principles of cellular regulation and range across molecular and cellular scales. Using key examples students will learn how molecular mechanisms orchestrate important cellular processes. In a wider context cell signalling will serve as a vehicle for students to discover how to fuse an understanding of molecular concepts with macroscopic biology. Lectures will concentrate on the molecular properties of different classes of receptors, the structure-function relationships of kinases, small and heterotrimeric G-proteins, second messenger molecules and the enzymes that generate them, structure-function in the recognition and binding of phosphoproteins and second messengers. This will develop insights for integration of molecular-scale information into an understanding of major signalling pathways for example adrenalin, insulin and EGF systems, calcium and the Wnt/catenin signalling pathways in example processes like energy metabolism, developmental processes and circadian clock time keeping.</p>\n<p>\n\t<strong>Module information</strong></p>\n<p>\n\tThis module runs in Term 2 and will provide a strong introduction to the principles of cellular regulation and range across molecular and cellular scales. &nbsp;Using key examples students will learn how molecular mechanisms orchestrate cellular processes. &nbsp;In a wider context cell signalling will serve as a vehicle for students to discover how to fuse an understanding of molecular concepts with macroscopic biology.</p>\n<p>\n\tLectures will be supplemented by a series of online tutorials. &nbsp;Coursework is specific to CELL0010 (CELL0011 undertake separate coursework), on analysis of signalling data available to read and prepare before assessment; assessment is then in-course during the February reading week, under exam conditions.</p>\n<p>\n\t<strong>Indicative lecture topics</strong></p>\n<p>\n\tThe following is a typical example of topics; precise contents in any given year of study may change with module updates and development:-</p>\n<ul>\n\t<li>\n\t\tthe molecular properties of different classes of receptors;</li>\n\t<li>\n\t\tthe structure-function relationships of kinases,</li>\n\t<li>\n\t\tsmall and heterotrimeric G-proteins;</li>\n\t<li>\n\t\tsecond messenger molecules and the enzymes that generate them,</li>\n\t<li>\n\t\tstructure-function in the recognition and binding of phosphoproteins and second messengers; signalling through polyphosphoinositides;</li>\n\t<li>\n\t\tintegration of molecular-scale information into an understanding of major signaling pathways; adrenalin, insulin and EGF and the Wnt/catenin signalling pathways in example processes like energy metabolism, cancer biology, tissue differentiation, lymph function, phosphatases.</li>\n</ul>\n<p>\n\t<strong>Module Notes</strong></p>\n<p>\n\tStudents should note that this module does not specifically cover broad-based cell biology. &nbsp;For detailed coverage in this area, students are recommended to take CELL0009. &nbsp;To combine the cell biology of CELL0009 and the cell signalling of CELL0010 students should take module CELL0011 (as registration for both CELL0009 and CELL0010 independently will not be permitted). &nbsp;Note, CELL0011 is popular and additional places available beyond students for whom it is compulsory (listed below) are limited. &nbsp;Note, if you are a student on BioMedSci stream 5 (Cells and Molecules) or the Cell Biology stream of Natural Sciences you need to register (compulsory) for CELL0011.</p>\n<p>\n\tThis module is co-taught with CELL0011. &nbsp;Places are limited to a combined total of 144 (CELL0011 is capped at 96, so typically the cap for CELL0010 is 48). &nbsp;CELL0010 is an option for students on Biosciences and Natural Sciences programmes and may be taken as an elective by students (including affiliate students) on other degree programmes. &nbsp;In the event of module over-subscription, the module may not be available as an elective.</p>\n","ModuleInstanceRestriction":"Module prerequisites and caps:\nAvailable for students in Year 2.  Open to negotiation but BIOC0001 or BIOC1009, CELL0007 or CELL0008 in the 1st year, and either BIOC0005, BIOC0007, or BIOL0008 in the 2nd year.  This module is co-taught with CELL0011.  Places are limited to a combined total of 144 and priority will be given to CELL0011 students.  In the event of over-subscription for places on CELL0010 some or all of the following selection criteria may be applied by the module organiser.  The compulsory or optional nature of the selection of CELL0010.  The precise combination of prerequisite modules taken by each applicant.  The grades of each applicant in their qualifying prerequisite modules.  The interdisciplinary or integrative nature of the degree programme of each applicant.  Personal statements from applicants may also be considered if all other relevant criteria are equivalent.  To register for this module please ensure you meet the prerequisites listed above (where applicable) and, if you do, select it using Portico and await Teaching and Parent Department approval.\n","ModuleInstanceSubjectCollection":{"ModuleInstanceSubject":["Molecular Biology","Biology","Cell Biology"]},"ModuleDeliveryCollection":{"ModuleDelivery":{"ModuleDeliveryIdentifier":"13DDBAD473F411E89A86FAE8722E8321","LevelOfStudy":"Undergraduate","ModuleDeliveryPeriod":{"PeriodCode":"T2","PeriodTitle":"Term 2"},"AcademicLevel":{"AcademicLevelCode":"L5","AcademicLevelTitle":"FHEQ Level 5"},"ModuleDeliveryType":"","ModeOfStudy":"Face-to-face","ModuleDeliveryTutor":{"PersonIdentifier":"GMTHO44","Name":"Geraint Mark Thomas","Email":""},"PreviousYearStudentCount":"48","NumberOfStudents":"48","ModuleDeliveryLocation":{"LocationIdentifier":"","LocationName":""},"ModuleDeliveryAssessment":{"AssessmentGroupCollection":{"@DefaultAssessmentGroup":"NULL","AssessmentGroup":[{"AssessmentGroupCode":"NULL","AssessmentGroupName":"","AssessmentComponentList":{"AssessmentComponent":[{"AssessmentComponentTitle":"Coursework two (1,800 words)","AssessmentComponentWeightPercentage":"35"},{"AssessmentComponentTitle":"Coursework three","AssessmentComponentWeightPercentage":"15"},{"AssessmentComponentTitle":"Coursework one (3,000 words)","AssessmentComponentWeightPercentage":"50"}]}},{"AssessmentGroupCode":"A","AssessmentGroupName":"","AssessmentComponentList":{"AssessmentComponent":[{"AssessmentComponentTitle":"Coursework three","AssessmentComponentWeightPercentage":"15"},{"AssessmentComponentTitle":"Coursework two (1,800 words)","AssessmentComponentWeightPercentage":"35"},{"AssessmentComponentTitle":"Coursework one (3,000 words)","AssessmentComponentWeightPercentage":"50"}]}}]}}}}}}}}