{"Response":{"Module":{"ModuleCode":"MECH0059","ModuleIdentifier":"13D877A673F711E89A86FAE8722E8321","ModuleTitle":"Advanced Computer Applications in Engineering","ModuleContact":{"Faculty":{"FacultyCode":"ENG","FacultyName":"Faculty of Engineering Sciences"},"Department":{"DepartmentCode":"MECHN_ENG","DepartmentName":"Mechanical Engineering"}},"ModuleValue":"15","ModuleStudyHours":"150","ModuleLearningHours":"45","ModuleSearchKeywords":"","Email":"mecheng.pg-queries@ucl.ac.uk","ModuleSuperGroup":"","CEFRLevel":"","ModuleInstance":{"AcademicYearCode":"2019","AcademicYearDescription":"2019/20 academic  year","ModuleInstanceDescription":"<p>\n\t<strong>Overview:</strong></p>\n<p>\n\tThis module provides an understanding of the principles underpinning Finite Element analysis (FEA) and computational fluid dynamics (CFD).&nbsp; Students are lectured on basics of finite element method and current problems, challenges, insights, developments, etc., relevant to various types of applications of CFD in industry and research: Aerodynamics, F1 racing, gas turbines, internal combustion engines, weather forecasting, heat transfer, fundamental turbulence modelling, etc.</p>\n<p>\n\tLectures provide the basic course content and significant self-learning is required by students for them to fully understand the material. The concepts of FEA and CFD are explained and coursework exercises provide students with the opportunity to demonstrate correct and effective application.</p>\n<p>\n\t<strong>Topics covered:</strong></p>\n<p>\n\tFinite Element Analysis</p>\n<ul>\n\t<li>\n\t\tIntroduction and overview</li>\n\t<li>\n\t\tOverview of finite element theory</li>\n\t<li>\n\t\tShape function</li>\n\t<li>\n\t\tElasticity problems formulation</li>\n\t<li>\n\t\tHigher order elements</li>\n\t<li>\n\t\tAssembly and solution of FE equations</li>\n</ul>\n<p>\n\tComputational Fluid Dynamics</p>\n<ul>\n\t<li>\n\t\tIntroduction, overview and applications</li>\n\t<li>\n\t\tBasic governing equations</li>\n\t<li>\n\t\tGrid types and mesh generation</li>\n\t<li>\n\t\tFinite volume method &amp; discretisation</li>\n\t<li>\n\t\tPressure correction and turbulence modelling</li>\n\t<li>\n\t\tApplications and frontiers of modelling</li>\n</ul>\n<p>\n\t<strong>Learning outcomes:</strong></p>\n<p>\n\tUpon completion of this module students will be able to:</p>\n<ol>\n\t<li>\n\t\tUnderstand the theoretical background to the workings behind commercial FEA and CFD packages.</li>\n\t<li>\n\t\tAppreciate the structure of programmes for potential amendment and development.</li>\n\t<li>\n\t\tUse commercial software packages for solving problems and assessing their limitations.</li>\n\t<li>\n\t\tTake a detached view in checking output.</li>\n</ol>\n<p>\n\t&nbsp;</p>\n","ModuleInstanceRestriction":"Familiarity with mechanics of fluids, mechanics of materials, statics, dynamics and basic calculus. Familiarity with principles of programming","ModuleInstanceSubjectCollection":{"ModuleInstanceSubject":"Mechanical Engineering"},"ModuleDeliveryCollection":{"ModuleDelivery":[{"ModuleDeliveryIdentifier":"13FE34D273F711E89A86FAE8722E8321","LevelOfStudy":"Undergraduate","ModuleDeliveryPeriod":{"PeriodCode":"T1","PeriodTitle":"Term 1"},"AcademicLevel":{"AcademicLevelCode":"L7","AcademicLevelTitle":"FHEQ Level 7"},"ModuleDeliveryType":"","ModeOfStudy":"Face-to-face","ModuleDeliveryTutor":{"PersonIdentifier":"MMOAZ42","Name":"Mehran Moazen","Email":""},"PreviousYearStudentCount":"0","NumberOfStudents":"0","ModuleDeliveryLocation":{"LocationIdentifier":"","LocationName":""},"ModuleDeliveryAssessment":{"AssessmentGroupCollection":{"@DefaultAssessmentGroup":"NULL","AssessmentGroup":[{"AssessmentGroupCode":"NULL","AssessmentGroupName":"","AssessmentComponentList":{"AssessmentComponent":[{"AssessmentComponentTitle":"Coursework two (1,800 words)","AssessmentComponentWeightPercentage":"35"},{"AssessmentComponentTitle":"Coursework three","AssessmentComponentWeightPercentage":"15"},{"AssessmentComponentTitle":"Coursework one (3,000 words)","AssessmentComponentWeightPercentage":"50"}]}},{"AssessmentGroupCode":"A","AssessmentGroupName":"","AssessmentComponentList":{"AssessmentComponent":[{"AssessmentComponentTitle":"Coursework three","AssessmentComponentWeightPercentage":"15"},{"AssessmentComponentTitle":"Coursework two (1,800 words)","AssessmentComponentWeightPercentage":"35"},{"AssessmentComponentTitle":"Coursework one (3,000 words)","AssessmentComponentWeightPercentage":"50"}]}}]}}},{"ModuleDeliveryIdentifier":"13E7CDFA73F711E89A86FAE8722E8321","LevelOfStudy":"Postgraduate","ModuleDeliveryPeriod":{"PeriodCode":"T1","PeriodTitle":"Term 1"},"AcademicLevel":{"AcademicLevelCode":"L7","AcademicLevelTitle":"FHEQ Level 7"},"ModuleDeliveryType":"","ModeOfStudy":"Face-to-face","ModuleDeliveryTutor":{"PersonIdentifier":"MMOAZ42","Name":"Mehran Moazen","Email":""},"PreviousYearStudentCount":"75","NumberOfStudents":"75","ModuleDeliveryLocation":{"LocationIdentifier":"","LocationName":""},"ModuleDeliveryAssessment":{"AssessmentGroupCollection":{"@DefaultAssessmentGroup":"NULL","AssessmentGroup":[{"AssessmentGroupCode":"NULL","AssessmentGroupName":"","AssessmentComponentList":{"AssessmentComponent":[{"AssessmentComponentTitle":"Coursework two (1,800 words)","AssessmentComponentWeightPercentage":"35"},{"AssessmentComponentTitle":"Coursework three","AssessmentComponentWeightPercentage":"15"},{"AssessmentComponentTitle":"Coursework one (3,000 words)","AssessmentComponentWeightPercentage":"50"}]}},{"AssessmentGroupCode":"A","AssessmentGroupName":"","AssessmentComponentList":{"AssessmentComponent":[{"AssessmentComponentTitle":"Coursework three","AssessmentComponentWeightPercentage":"15"},{"AssessmentComponentTitle":"Coursework two (1,800 words)","AssessmentComponentWeightPercentage":"35"},{"AssessmentComponentTitle":"Coursework one (3,000 words)","AssessmentComponentWeightPercentage":"50"}]}}]}}}]}}}}}