{"Response":{"Module":{"ModuleCode":"ELEC0032","ModuleIdentifier":"13DAE20473F511E89A86FAE8722E8321","ModuleTitle":"Networking Systems","ModuleContact":{"Faculty":{"FacultyCode":"ENG","FacultyName":"Faculty of Engineering Sciences"},"Department":{"DepartmentCode":"ELECN_ENG","DepartmentName":"Electronic and Electrical Engineering"}},"ModuleValue":"15","ModuleStudyHours":"150","ModuleLearningHours":"30","ModuleSearchKeywords":"","Email":"","ModuleSuperGroup":"","CEFRLevel":"","ModuleInstance":{"AcademicYearCode":"2019","AcademicYearDescription":"2019/20 academic  year","ModuleInstanceDescription":"<div>\n\tThis module looks at the networks and network technologies that form the basis of connected systems. It looks in more detail at how both wireless and optical networks are designed and constructed and how these form the backbone of communications systems including the internet.</div>\n<div>\n\t&nbsp;</div>\n<div>\n\tThe module aims to discuss in detail the key technologies require to construct connected systems and Internet of Things devices and applications. It covers the main technologies and design considerations including in depth coverage of:</div>\n<div>\n\t&nbsp;</div>\n<div>\n\t<ul>\n\t\t<li>\n\t\t\tPhysical layer systems</li>\n\t\t<li>\n\t\t\tReal-time Operating systems</li>\n\t\t<li>\n\t\t\tMAC layer issues</li>\n\t\t<li>\n\t\t\tSensor node architectures</li>\n\t\t<li>\n\t\t\tSynchronisation and energy consumption issues</li>\n\t\t<li>\n\t\t\tIP/MQTT Protocols</li>\n\t\t<li>\n\t\t\tSecurity, Reliability, privacy and authentication</li>\n\t\t<li>\n\t\t\tApplications and cloud processing</li>\n\t</ul>\n</div>\n<div>\n\tAt the end of the module student will be expected to be able to:</div>\n<div>\n\t<div>\n\t\t<ul>\n\t\t\t<li>\n\t\t\t\tunderstand the different mechanism used in wireless standards</li>\n\t\t\t<li>\n\t\t\t\tbe able to choose, based on basic calculations, the most appropriatewireless standard for an application</li>\n\t\t\t<li>\n\t\t\t\tevaluate the performance of different wireless standards</li>\n\t\t\t<li>\n\t\t\t\tUnderstand the trade-offs in MAC protocol design for wireless sensornetworks</li>\n\t\t\t<li>\n\t\t\t\tBe able to assess technical solutions in the area of MAC designs and propose new ones.</li>\n\t\t\t<li>\n\t\t\t\tUnderstand the state-of-the-art in the area of MAC design for wireless sensors</li>\n\t\t\t<li>\n\t\t\t\tUnderstand the basics of TCP/IP</li>\n\t\t\t<li>\n\t\t\t\tUnderstand how routing works in the Internet</li>\n\t\t\t<li>\n\t\t\t\tUnderstand how transport protocols work in the Internet</li>\n\t\t\t<li>\n\t\t\t\tBe familiar with the characteristics of time-series sensor data.</li>\n\t\t\t<li>\n\t\t\t\tUnderstand the fundamentals of statistical modelling and learning.</li>\n\t\t\t<li>\n\t\t\t\tKnow when and where to apply different techniques used in the analysis</li>\n\t\t\t<li>\n\t\t\t\tof time-series data.</li>\n\t\t\t<li>\n\t\t\t\tCarry out basic exploratory analysis and reproduce the cycle of retrieving,</li>\n\t\t\t<li>\n\t\t\t\tstoring, processing, visualising and analysing sensor data.</li>\n\t\t</ul>\n\t</div>\n</div>\n<p>\n\t&nbsp;</p>\n","ModuleInstanceRestriction":"","ModuleInstanceSubjectCollection":"","ModuleDeliveryCollection":{"ModuleDelivery":{"ModuleDeliveryIdentifier":"13E93F6673F511E89A86FAE8722E8321","LevelOfStudy":"Undergraduate","ModuleDeliveryPeriod":{"PeriodCode":"T1","PeriodTitle":"Term 1"},"AcademicLevel":{"AcademicLevelCode":"L6","AcademicLevelTitle":"FHEQ Level 6"},"ModuleDeliveryType":"","ModeOfStudy":"Face-to-face","ModuleDeliveryTutor":{"PersonIdentifier":"RGRAM49","Name":"Ryan Costadinos Grammenos","Email":""},"PreviousYearStudentCount":"60","NumberOfStudents":"60","ModuleDeliveryLocation":{"LocationIdentifier":"","LocationName":""},"ModuleDeliveryAssessment":{"AssessmentGroupCollection":{"@DefaultAssessmentGroup":"NULL","AssessmentGroup":[{"AssessmentGroupCode":"NULL","AssessmentGroupName":"","AssessmentComponentList":{"AssessmentComponent":[{"AssessmentComponentTitle":"Coursework two (1,800 words)","AssessmentComponentWeightPercentage":"35"},{"AssessmentComponentTitle":"Coursework three","AssessmentComponentWeightPercentage":"15"},{"AssessmentComponentTitle":"Coursework one (3,000 words)","AssessmentComponentWeightPercentage":"50"}]}},{"AssessmentGroupCode":"A","AssessmentGroupName":"","AssessmentComponentList":{"AssessmentComponent":[{"AssessmentComponentTitle":"Coursework three","AssessmentComponentWeightPercentage":"15"},{"AssessmentComponentTitle":"Coursework two (1,800 words)","AssessmentComponentWeightPercentage":"35"},{"AssessmentComponentTitle":"Coursework one (3,000 words)","AssessmentComponentWeightPercentage":"50"}]}}]}}}}}}}}