{"Response":{"Module":{"ModuleCode":"CELL0011","ModuleIdentifier":"13F120C473F411E89A86FAE8722E8321","ModuleTitle":"Integrative Cell Biology","ModuleContact":{"Faculty":{"FacultyCode":"LIF","FacultyName":"Faculty of Life Sciences"},"Department":{"DepartmentCode":"BIOSC_LIF","DepartmentName":"Division of Biosciences"}},"ModuleValue":"30","ModuleStudyHours":"300","ModuleLearningHours":"50","ModuleSearchKeywords":"CELL BIOLOGY, CELL STRUCTURE, CELL FUNCTION, CELL SIGNALLING, CELL REGULATION","Email":"g.thomas@ucl.ac.uk; l.cramer@ucl.ac.uk","ModuleSuperGroup":"","CEFRLevel":"","ModuleInstance":{"AcademicYearCode":"2019","AcademicYearDescription":"2019/20 academic  year","ModuleInstanceDescription":"<p>\n\t<strong>Module information</strong></p>\n<p>\n\tCELL0011 will cover the major areas of contemporary eukaryotic cell biology - including the mechanistic basis of cell signal transduction - at an intermediate level in order to provide a foundation for more specialised 3<sup>rd</sup> year modules. &nbsp;CELL0011 will introduce you to much more detailed aspects of eukaryotic cell biology than those covered in the 1<sup>st</sup>-year BIOC0001, CELL0007 and CELL0008 modules. Through the study of examples you should gain an understanding of how molecular-scale mechanisms orchestrate cellular process and events.</p>\n<p>\n\tThe module begins in Term 1 with a broad-based study of eukaryotic cell biology that introduces how different parts of the cell are formed and function, and how one cell differs from another. &nbsp;In the second half of the module, in Term 2, a detailed study of cell signalling mechanisms establishes a fusion between molecular-scale concepts with macroscopic biology.</p>\n<p>\n\tCoursework runs in both Terms 1 and 2, forming an important part of your study, and is designed to illustrate specific cellular processes and techniques in greater detail. &nbsp;In Term 1 reading week (in November) there is a dry lab on semi-quantitative imaging of cells, and spread over Term 1 several pieces of coursework in the form of online quizzes on cell structure and function that support and enhance the lectures. The module includes a compulsory one-week wet and dry laboratory component (held in the Term 2 reading week, in February) that will provide a hands-on introduction to; 1) Techniques of mammalian cell culture, propagation and transfection with foreign DNA; 2) Fluorescent and visible light microscopy (both 1) and 2) build on the dry lab of cell imaging in Term 1); 3) The deduction of the organisation of signalling pathways through epigenetic study of <em>C. elegans</em> with mutations in genes coding signalling proteins; 4) The application of basic bioinformatics to studies of signalling molecules. In addition in both terms there is online data interpretation. The module finishes with a molecular exploration project. &nbsp;You will first undertake a series of whole class practice exercises (item 4), above) that will introduce you to a range of molecular biology computing tools, and then work in small groups to explore the structure-function properties of cell signalling proteins and publish your findings in the form of a website.</p>\n<p>\n\t<strong>Indicative lecture topics</strong></p>\n<p>\n\tThe following are indicative lecture topics. &nbsp;Precise contents may change in any given year of study with module updates and development.</p>\n<ul>\n\t<li>\n\t\tcell structure and function,</li>\n\t<li>\n\t\tfunction of organelles and intracellular compartmentalisation,</li>\n\t<li>\n\t\torganelle biogenesis and protein/membrane trafficking (including the transport of proteins to the nucleus), endoplasmic reticulum,</li>\n\t<li>\n\t\tGolgi apparatus, lysosomes, peroxisomes, mitochondria, chloroplast, secretory vesicles, plasma membrane, as well as processes such as endocytosis and exocytosis,</li>\n\t<li>\n\t\tstructure and function of biological membranes,</li>\n\t<li>\n\t\tstructure and function of the cytoskeleton (including microtubules, microfilaments etc.),</li>\n\t<li>\n\t\tcell division and the cell cycle,</li>\n\t<li>\n\t\texperimental methods used in cell biology (including tissue culture, microscopy, and protein expression and analysis techniques),</li>\n\t<li>\n\t\tcell specialization and differentiation,</li>\n\t<li>\n\t\tmulticellular life (including stem cells, cell turnover and programmed cell death),</li>\n\t<li>\n\t\tthe molecular properties of different classes of receptors,</li>\n\t<li>\n\t\tthe structure-function relationships of kinases,</li>\n\t<li>\n\t\tsmall and heterotrimeric G-proteins,</li>\n\t<li>\n\t\tsecond messenger molecules and the enzymes that generate them,</li>\n\t<li>\n\t\tstructure-function in the recognition and binding of phosphoproteins and second messengers; signalling through polyphosphoinositides;</li>\n\t<li>\n\t\tintegration of molecular-scale information into an understanding of major signalling pathways; adrenalin, insulin and EGF and the Wnt/catenin signalling pathways in example processes like energy metabolism, cancer biology, tissue differentiation, lymph function and phosphatases.&nbsp;</li>\n</ul>\n<p>\n\t<strong>Module Notes</strong></p>\n<p>\n\tThis module is co-taught with CELL0009 in Term 1 and CELL0010 in Term 2. &nbsp;Places are limited to a combined total of 144 students (and CELL0011 capped at 96). &nbsp;CELL0011 is compulsory for Biomedical Sciences Stream 5 (Cells and Molecules) students and some Natural Science programme students (that take the Cell Biology degree option), and is an option for students on other Biomedical Sciences streams and Biochemistry students. CELL0011 may be taken as an elective by students (including affiliate students) on other degree programmes, depending on numbers. In the event of module over-subscription, the module may not be available as an elective.</p>\n","ModuleInstanceRestriction":"Module prerequisites and caps:\nAvailable for students in Year 2. BIOC0001, CELL0007,CELL0008 or BIOS0005 in the 1st  year, and either BIOC0005, BIOC0007, or BIOL0008 in the 2nd year. This module is capped at 96 students. In the event of over-subscription for places on CELL0011 some or all of the following selection criteria may be applied by the module organiser. The compulsory or optional nature of the selection of CELL0011. The precise combination of prerequisite modules taken by each applicant. The grades of each applicant in their qualifying prerequisite modules.  The interdisciplinary or integrative nature of the degree programme of each applicant.  Personal statements from applicants may also be considered if all other relevant criteria are equivalent.  To register for this module for the current academic year please ensure you meet the prerequisites listed above (where applicable) and, if you do, select it using Portico and await Teaching and Parent Department approval.\n","ModuleInstanceSubjectCollection":{"ModuleInstanceSubject":["Biology","Cell Biology"]},"ModuleDeliveryCollection":{"ModuleDelivery":{"ModuleDeliveryIdentifier":"13FEFC1273F411E89A86FAE8722E8321","LevelOfStudy":"Undergraduate","ModuleDeliveryPeriod":{"PeriodCode":"T1/2","PeriodTitle":"Terms 1 and 2"},"AcademicLevel":{"AcademicLevelCode":"L5","AcademicLevelTitle":"FHEQ Level 5"},"ModuleDeliveryType":"","ModeOfStudy":"Face-to-face","ModuleDeliveryTutor":{"PersonIdentifier":"GMTHO44","Name":"Geraint Mark Thomas","Email":""},"PreviousYearStudentCount":"96","NumberOfStudents":"96","ModuleDeliveryLocation":{"LocationIdentifier":"","LocationName":""},"ModuleDeliveryAssessment":{"AssessmentGroupCollection":{"@DefaultAssessmentGroup":"NULL","AssessmentGroup":[{"AssessmentGroupCode":"NULL","AssessmentGroupName":"","AssessmentComponentList":{"AssessmentComponent":[{"AssessmentComponentTitle":"Coursework two (1,800 words)","AssessmentComponentWeightPercentage":"35"},{"AssessmentComponentTitle":"Coursework three","AssessmentComponentWeightPercentage":"15"},{"AssessmentComponentTitle":"Coursework one (3,000 words)","AssessmentComponentWeightPercentage":"50"}]}},{"AssessmentGroupCode":"A","AssessmentGroupName":"","AssessmentComponentList":{"AssessmentComponent":[{"AssessmentComponentTitle":"Coursework three","AssessmentComponentWeightPercentage":"15"},{"AssessmentComponentTitle":"Coursework two (1,800 words)","AssessmentComponentWeightPercentage":"35"},{"AssessmentComponentTitle":"Coursework one (3,000 words)","AssessmentComponentWeightPercentage":"50"}]}}]}}}}}}}}