{"Response":{"Module":{"ModuleCode":"ELEC0033","ModuleIdentifier":"13FD015473F511E89A86FAE8722E8321","ModuleTitle":"Internet of Things","ModuleContact":{"Faculty":{"FacultyCode":"ENG","FacultyName":"Faculty of Engineering Sciences"},"Department":{"DepartmentCode":"ELECN_ENG","DepartmentName":"Electronic and Electrical Engineering"}},"ModuleValue":"15","ModuleStudyHours":"150","ModuleLearningHours":"30","ModuleSearchKeywords":"","Email":"ugadmin@ee.ucl.ac.uk","ModuleSuperGroup":"Internet of Things","CEFRLevel":"","ModuleInstance":{"AcademicYearCode":"2019","AcademicYearDescription":"2019/20 academic  year","ModuleInstanceDescription":"<p>\n\tThis module looks at the networks and network technologies that form the basis of connected systems. It looks in more detail at how both wireless and optical networks are designed and constructed and how these form the backbone of communications systems including the internet. The module aims to discuss in detail the key technologies require to construct connected systems and Internet of Things devices and applications. It covers the main technologies and design considerations including in depth coverage of:</p>\n<ul>\n\t<li>\n\t\tPhysical layer systems</li>\n\t<li>\n\t\tReal-time Operating systems</li>\n\t<li>\n\t\tMAC layer issues</li>\n\t<li>\n\t\tSensor node architectures</li>\n\t<li>\n\t\tSynchronisation and energy consumption issues</li>\n\t<li>\n\t\tIP/MQTT Protocols</li>\n\t<li>\n\t\tSecurity, Reliability, privacy and authentication</li>\n\t<li>\n\t\tApplications and cloud processing</li>\n</ul>\n<p>\n\tAt the end of the module student will be expected to be able to:</p>\n<ul>\n\t<li>\n\t\tdesign an end to end connected system using appropriate and optimal</li>\n\t<li>\n\t\ttechnologies.</li>\n\t<li>\n\t\tspecify technologies required to meet a design requirement</li>\n\t<li>\n\t\tevaluate standards, propriety systems and published research to</li>\n\t<li>\n\t\tdetermine design solutions</li>\n</ul>\n<p>\n\t&nbsp;</p>\n","ModuleInstanceRestriction":"","ModuleInstanceSubjectCollection":"","ModuleDeliveryCollection":{"ModuleDelivery":{"ModuleDeliveryIdentifier":"140B299673F511E89A86FAE8722E8321","LevelOfStudy":"Undergraduate","ModuleDeliveryPeriod":{"PeriodCode":"T2","PeriodTitle":"Term 2"},"AcademicLevel":{"AcademicLevelCode":"L6","AcademicLevelTitle":"FHEQ Level 6"},"ModuleDeliveryType":"","ModeOfStudy":"Face-to-face","ModuleDeliveryTutor":{"PersonIdentifier":"RGRAM49","Name":"Ryan Costadinos Grammenos","Email":""},"PreviousYearStudentCount":"60","NumberOfStudents":"60","ModuleDeliveryLocation":{"LocationIdentifier":"","LocationName":""},"ModuleDeliveryAssessment":{"AssessmentGroupCollection":{"@DefaultAssessmentGroup":"NULL","AssessmentGroup":[{"AssessmentGroupCode":"NULL","AssessmentGroupName":"","AssessmentComponentList":{"AssessmentComponent":[{"AssessmentComponentTitle":"Coursework two (1,800 words)","AssessmentComponentWeightPercentage":"35"},{"AssessmentComponentTitle":"Coursework three","AssessmentComponentWeightPercentage":"15"},{"AssessmentComponentTitle":"Coursework one (3,000 words)","AssessmentComponentWeightPercentage":"50"}]}},{"AssessmentGroupCode":"A","AssessmentGroupName":"","AssessmentComponentList":{"AssessmentComponent":[{"AssessmentComponentTitle":"Coursework three","AssessmentComponentWeightPercentage":"15"},{"AssessmentComponentTitle":"Coursework two (1,800 words)","AssessmentComponentWeightPercentage":"35"},{"AssessmentComponentTitle":"Coursework one (3,000 words)","AssessmentComponentWeightPercentage":"50"}]}}]}}}}}}}}