{"Response":{"Module":{"ModuleCode":"ELEC0035","ModuleIdentifier":"144180E073F511E89A86FAE8722E8321","ModuleTitle":"Advanced Nanotechnology and Nanosystems","ModuleContact":{"Faculty":{"FacultyCode":"ENG","FacultyName":"Faculty of Engineering Sciences"},"Department":{"DepartmentCode":"ELECN_ENG","DepartmentName":"Electronic and Electrical Engineering"}},"ModuleValue":"15","ModuleStudyHours":"150","ModuleLearningHours":"30","ModuleSearchKeywords":"","Email":"ugadmin@ee.ucl.ac.uk","ModuleSuperGroup":"","CEFRLevel":"","ModuleInstance":{"AcademicYearCode":"2019","AcademicYearDescription":"2019/20 academic  year","ModuleInstanceDescription":"<p>\n\tThis module builds on the &lsquo;An Introduction to Nanotechnology&rsquo; course by studying advanced topics in nanotechnology, encompassing electronics, mobile communications, energy applications, nano-robotics, nanotoxicology, biosensors, medical applications and nanotechnology for the entrepreneur.</p>\n<p>\n\tStudents will gain an understanding of the advanced applications for nanotechnology, spanning all Engineering aspects of the nanoscale as applied to a wide range of fields where nanotechnology is becoming important.</p>\n<p>\n\tKey topics include:</p>\n<ul>\n\t<li>\n\t\tNanoelectronics</li>\n\t<li>\n\t\tQuantum computing</li>\n\t<li>\n\t\tSensors and actuators</li>\n\t<li>\n\t\tNanocarbons for advanced energy applications</li>\n\t<li>\n\t\tRadical nanotechnology - nanobots and beyond</li>\n\t<li>\n\t\tBio-nanotechnology</li>\n\t<li>\n\t\tMedical applications of functional nanoparticles</li>\n\t<li>\n\t\tNanotoxicology and nanosafety</li>\n\t<li>\n\t\tNanoplasmonics for sensing applications</li>\n</ul>\n","ModuleInstanceRestriction":"","ModuleInstanceSubjectCollection":"","ModuleDeliveryCollection":{"ModuleDelivery":{"ModuleDeliveryIdentifier":"14503F5473F511E89A86FAE8722E8321","LevelOfStudy":"Undergraduate","ModuleDeliveryPeriod":{"PeriodCode":"T2","PeriodTitle":"Term 2"},"AcademicLevel":{"AcademicLevelCode":"L6","AcademicLevelTitle":"FHEQ Level 6"},"ModuleDeliveryType":"","ModeOfStudy":"Face-to-face","ModuleDeliveryTutor":{"PersonIdentifier":"RBJAC40","Name":"Richard Brett Jackman","Email":""},"PreviousYearStudentCount":"30","NumberOfStudents":"30","ModuleDeliveryLocation":{"LocationIdentifier":"","LocationName":""},"ModuleDeliveryAssessment":{"AssessmentGroupCollection":{"@DefaultAssessmentGroup":"NULL","AssessmentGroup":[{"AssessmentGroupCode":"NULL","AssessmentGroupName":"","AssessmentComponentList":{"AssessmentComponent":[{"AssessmentComponentTitle":"Coursework two (1,800 words)","AssessmentComponentWeightPercentage":"35"},{"AssessmentComponentTitle":"Coursework three","AssessmentComponentWeightPercentage":"15"},{"AssessmentComponentTitle":"Coursework one (3,000 words)","AssessmentComponentWeightPercentage":"50"}]}},{"AssessmentGroupCode":"A","AssessmentGroupName":"","AssessmentComponentList":{"AssessmentComponent":[{"AssessmentComponentTitle":"Coursework three","AssessmentComponentWeightPercentage":"15"},{"AssessmentComponentTitle":"Coursework two (1,800 words)","AssessmentComponentWeightPercentage":"35"},{"AssessmentComponentTitle":"Coursework one (3,000 words)","AssessmentComponentWeightPercentage":"50"}]}}]}}}}}}}}