{"Response":{"Module":{"ModuleCode":"SEEF0007","ModuleIdentifier":"1444913873F811E89A86FAE8722E8321","ModuleTitle":"Finnish Language Level 2b-Production","ModuleContact":{"Faculty":{"FacultyCode":"ART","FacultyName":"Faculty of Arts and Humanities"},"Department":{"DepartmentCode":"SSEEL_ART","DepartmentName":"SSEES - East European Languages and Culture"}},"ModuleValue":"15","ModuleStudyHours":"150","ModuleLearningHours":"40","ModuleSearchKeywords":"FINNISH, LANGUAGE,","Email":"","ModuleSuperGroup":"Finnish Language Level 2b-Production","CEFRLevel":"","ModuleInstance":{"AcademicYearCode":"2019","AcademicYearDescription":"2019/20 academic  year","ModuleInstanceDescription":"<p>\n\tThis module is for students who have successfully completed Level 1 of the target language, or who can demonstrate equivalent competence. The module consists of two components, comprehension and production, which are taught in conjunction.</p>\n<p>\n\tStudents will work with a wide range of authentic spoken and written materials from predictable topic areas and gain skills in extracting required information from them and recording it accurately and coherently in English. They will manipulate the spoken and written language with appropriate and accurate use of lexis and grammatical structures in a variety of contexts and registers and speak with confidence and accuracy appropriate to this level about many aspects of life and culture in the region of the target language.</p>\n<p>\n\tStudents will gain an understanding of translation by discussing problems of specific translations from and into the target language and tackle a range of texts. Students will progress their knowledge and active use of more complex grammatical structures and a wide range of vocabulary.</p>\n","ModuleInstanceRestriction":"","ModuleInstanceSubjectCollection":{"ModuleInstanceSubject":"Finnish Language and Culture"},"ModuleDeliveryCollection":{"ModuleDelivery":{"ModuleDeliveryIdentifier":"1453AF3873F811E89A86FAE8722E8321","LevelOfStudy":"Undergraduate","ModuleDeliveryPeriod":{"PeriodCode":"T1/2","PeriodTitle":"Terms 1 and 2"},"AcademicLevel":{"AcademicLevelCode":"L5","AcademicLevelTitle":"FHEQ Level 5"},"ModuleDeliveryType":"","ModeOfStudy":"Face-to-face","ModuleDeliveryTutor":{"PersonIdentifier":"RVALI91","Name":"Riitta-Liisa Valijarvi","Email":""},"PreviousYearStudentCount":"5","NumberOfStudents":"5","ModuleDeliveryLocation":{"LocationIdentifier":"","LocationName":""},"ModuleDeliveryAssessment":{"AssessmentGroupCollection":{"@DefaultAssessmentGroup":"NULL","AssessmentGroup":[{"AssessmentGroupCode":"NULL","AssessmentGroupName":"","AssessmentComponentList":{"AssessmentComponent":[{"AssessmentComponentTitle":"Coursework two (1,800 words)","AssessmentComponentWeightPercentage":"35"},{"AssessmentComponentTitle":"Coursework three","AssessmentComponentWeightPercentage":"15"},{"AssessmentComponentTitle":"Coursework one (3,000 words)","AssessmentComponentWeightPercentage":"50"}]}},{"AssessmentGroupCode":"A","AssessmentGroupName":"","AssessmentComponentList":{"AssessmentComponent":[{"AssessmentComponentTitle":"Coursework three","AssessmentComponentWeightPercentage":"15"},{"AssessmentComponentTitle":"Coursework two (1,800 words)","AssessmentComponentWeightPercentage":"35"},{"AssessmentComponentTitle":"Coursework one (3,000 words)","AssessmentComponentWeightPercentage":"50"}]}}]}}}}}}}}