{"Response":{"Module":{"ModuleCode":"MECH0061","ModuleIdentifier":"144ED07273F711E89A86FAE8722E8321","ModuleTitle":"Heat Transfer and Heat Systems A","ModuleContact":{"Faculty":{"FacultyCode":"ENG","FacultyName":"Faculty of Engineering Sciences"},"Department":{"DepartmentCode":"MECHN_ENG","DepartmentName":"Mechanical Engineering"}},"ModuleValue":"7.5","ModuleStudyHours":"75","ModuleLearningHours":"20","ModuleSearchKeywords":"","Email":"mecheng.pg-queries@ucl.ac.uk","ModuleSuperGroup":"Heat Transfer and Heat Systems","CEFRLevel":"","ModuleInstance":{"AcademicYearCode":"2019","AcademicYearDescription":"2019/20 academic  year","ModuleInstanceDescription":"<p>\n\t<em>This description relates to the full year version of the module. Only the topics and content that is taught in Term 1 will be covered in this module.</em></p>\n<p>\n\t<strong>Overview:</strong></p>\n<p>\n\tThis module presents new subject matter on heat transfer and heat systems at masters level.&nbsp;Although many students will have studied thermodynamics material (i.e. basic refrigeration cycle and psychrometrics) at undergraduate level, the module is designed to cover more practical aspects of refrigeration and air conditioning system design and evaluation, as well as additional topics on heat transfer.</p>\n<p>\n\tThe module particularly addresses the latest development and application of alternative refrigerants for reducing the global warming impact of HVAC&amp;R systems, as well as refrigeration component/system optimization.</p>\n<p>\n\t<strong>Topics covered:</strong></p>\n<ul>\n\t<li>\n\t\tThermal radiation heat transfer</li>\n\t<li>\n\t\tRefrigeration systems operation and refrigerant selection</li>\n\t<li>\n\t\tCharacterization of refrigeration evaporators and condensers</li>\n\t<li>\n\t\tCharacterization of refrigeration compressors</li>\n\t<li>\n\t\tRefrigeration system design and balancing</li>\n\t<li>\n\t\tIntroduction to heat transfer, 1-D conduction</li>\n\t<li>\n\t\tFins</li>\n\t<li>\n\t\tConvection in external flows</li>\n\t<li>\n\t\tConvection in internal flows</li>\n\t<li>\n\t\tHeat exchangers &ndash; LMTD and NTU methods</li>\n\t<li>\n\t\tAir-conditioning</li>\n</ul>\n<p>\n\t<strong>Learning outcomes:</strong></p>\n<p>\n\tUpon completion of this module students will be able to:</p>\n<ul>\n\t<li>\n\t\tEvaluate the thermal radiation heat transfer between surfaces, including thermal radiation shields.</li>\n\t<li>\n\t\tSolve one-dimensional steady state conduction problems by applying the heat balance equation and using thermal resistances through linear, cylindrical and spherical geometries.</li>\n\t<li>\n\t\tDetermine the heat transfer occurring through a series of fins and their performance.</li>\n\t<li>\n\t\tAnalyse convection problems and determine convection coefficients in external flow conditions, flat plate, cylinder, tube bundles and in internal flow conditions, circular and concentric circular tubes.</li>\n\t<li>\n\t\tDesign and dimension a heat exchanger system both by using the notions acquired in the previous points and by applying the NTU method or the log mean temperature difference method.</li>\n\t<li>\n\t\tUnderstand the operation of a vapour compression refrigeration system and how its operation and performance depend on various internal and ambient conditions.</li>\n\t<li>\n\t\tSelect appropriate refrigerant for a given application, characterize and choose suitable components to balance a refrigeration system according to certain design specifications.</li>\n\t<li>\n\t\tHave a solid understanding of the Psychrometry of air conditioning processes and be able to choose optimum supply design conditions by using notions of sensible heat, latent heat and room ratio line.</li>\n</ul>\n<p>\n\t&nbsp;</p>\n","ModuleInstanceRestriction":"Only available to Term 1 only affiliate students","ModuleInstanceSubjectCollection":{"ModuleInstanceSubject":"Mechanical Engineering"},"ModuleDeliveryCollection":{"ModuleDelivery":[{"ModuleDeliveryIdentifier":"147448E873F711E89A86FAE8722E8321","LevelOfStudy":"Undergraduate","ModuleDeliveryPeriod":{"PeriodCode":"T1","PeriodTitle":"Term 1"},"AcademicLevel":{"AcademicLevelCode":"L7","AcademicLevelTitle":"FHEQ Level 7"},"ModuleDeliveryType":"","ModeOfStudy":"Face-to-face","ModuleDeliveryTutor":{"PersonIdentifier":"KOSUE88","Name":"Kwok On Suen","Email":""},"PreviousYearStudentCount":"","NumberOfStudents":"0","ModuleDeliveryLocation":{"LocationIdentifier":"","LocationName":""},"ModuleDeliveryAssessment":{"AssessmentGroupCollection":{"@DefaultAssessmentGroup":"NULL","AssessmentGroup":[{"AssessmentGroupCode":"NULL","AssessmentGroupName":"","AssessmentComponentList":{"AssessmentComponent":[{"AssessmentComponentTitle":"Coursework two (1,800 words)","AssessmentComponentWeightPercentage":"35"},{"AssessmentComponentTitle":"Coursework three","AssessmentComponentWeightPercentage":"15"},{"AssessmentComponentTitle":"Coursework one (3,000 words)","AssessmentComponentWeightPercentage":"50"}]}},{"AssessmentGroupCode":"A","AssessmentGroupName":"","AssessmentComponentList":{"AssessmentComponent":[{"AssessmentComponentTitle":"Coursework three","AssessmentComponentWeightPercentage":"15"},{"AssessmentComponentTitle":"Coursework two (1,800 words)","AssessmentComponentWeightPercentage":"35"},{"AssessmentComponentTitle":"Coursework one (3,000 words)","AssessmentComponentWeightPercentage":"50"}]}}]}}},{"ModuleDeliveryIdentifier":"145DD5E073F711E89A86FAE8722E8321","LevelOfStudy":"Postgraduate","ModuleDeliveryPeriod":{"PeriodCode":"T1","PeriodTitle":"Term 1"},"AcademicLevel":{"AcademicLevelCode":"L7","AcademicLevelTitle":"FHEQ Level 7"},"ModuleDeliveryType":"","ModeOfStudy":"Face-to-face","ModuleDeliveryTutor":{"PersonIdentifier":"KOSUE88","Name":"Kwok On Suen","Email":""},"PreviousYearStudentCount":"5","NumberOfStudents":"5","ModuleDeliveryLocation":{"LocationIdentifier":"","LocationName":""},"ModuleDeliveryAssessment":{"AssessmentGroupCollection":{"@DefaultAssessmentGroup":"NULL","AssessmentGroup":[{"AssessmentGroupCode":"NULL","AssessmentGroupName":"","AssessmentComponentList":{"AssessmentComponent":[{"AssessmentComponentTitle":"Coursework two (1,800 words)","AssessmentComponentWeightPercentage":"35"},{"AssessmentComponentTitle":"Coursework three","AssessmentComponentWeightPercentage":"15"},{"AssessmentComponentTitle":"Coursework one (3,000 words)","AssessmentComponentWeightPercentage":"50"}]}},{"AssessmentGroupCode":"A","AssessmentGroupName":"","AssessmentComponentList":{"AssessmentComponent":[{"AssessmentComponentTitle":"Coursework three","AssessmentComponentWeightPercentage":"15"},{"AssessmentComponentTitle":"Coursework two (1,800 words)","AssessmentComponentWeightPercentage":"35"},{"AssessmentComponentTitle":"Coursework one (3,000 words)","AssessmentComponentWeightPercentage":"50"}]}}]}}}]}}}}}