{"Response":{"Module":{"ModuleCode":"CELL0013","ModuleIdentifier":"146194D073F411E89A86FAE8722E8321","ModuleTitle":"Functional Genetics of Model Systems","ModuleContact":{"Faculty":{"FacultyCode":"LIF","FacultyName":"Faculty of Life Sciences"},"Department":{"DepartmentCode":"BIOSC_LIF","DepartmentName":"Division of Biosciences"}},"ModuleValue":"15","ModuleStudyHours":"150","ModuleLearningHours":"24","ModuleSearchKeywords":"MOLECULAR GENETICS, GENETICS, NEUROSCIENCE, DEVELOPMENT","Email":"j.rihel@ucl.ac.uk; r.poole@ucl.ac.uk","ModuleSuperGroup":"","CEFRLevel":"","ModuleInstance":{"AcademicYearCode":"2019","AcademicYearDescription":"2019/20 academic  year","ModuleInstanceDescription":"<p>\n\tThe aim of this module is to provide in-depth coverage of new concepts in the molecular genetics of animal model systems, including nematode worms, fruit flies, zebrafish and mouse. &nbsp;Following a refresher on model organism biology and basic genetics, the topics covered will include genetic screening, modern gene mapping techniques, advanced recombinant technology and genome editing, as well as emerging concepts such as chemical genetics and optogenetics. &nbsp;Drawing mainly on recent examples from the primary literature, emphasis will be placed on the use of molecular genetics to tackle wide-ranging questions, from basic biological principles in development and neuroscience to the dissection of disease.&nbsp; Simple examples will be used to exemplify various methodologies, followed by more complex examples of methods applied in recent papers and cutting-edge work by UCL researchers.</p>\n<p>\n\tAfter taking the module you will understand how to:</p>\n<ol>\n\t<li>\n\t\tDesign novel forward and reverse genetic screens in model organisms;</li>\n\t<li>\n\t\tInterpret genetic interaction data;</li>\n\t<li>\n\t\tExamine genomes through web interfaces and mapping software;</li>\n\t<li>\n\t\tDesign targeting constructs for the manipulation of genetic loci.&nbsp;</li>\n</ol>\n<p>\n\tLectures will generally comprise one hour covering theory and concepts followed by one hour illustrating the use of these concepts in modern biological research and cutting-edge papers.&nbsp; There will also be two four-hour problem classes: one on manipulating genomes and a second laboratory practical on the genetics of model systems.</p>\n<p>\n\tThis module is an option for third year Biomedical, Biological and Natural Sciences students and may be taken as an elective by students (including affiliate students) on other degree programmes. &nbsp;There are no specific prerequisites, but a strong background in molecular biology and genetics would be useful.</p>\n<p>\n\t<strong>Indicative lecture topics </strong>&ndash; <strong>based on module content in 2018/19</strong></p>\n<p>\n\tCentral Dogma and Mendelian Genetics Revisited/The Modern Menagerie</p>\n<p>\n\tThe Art and Design of Forward Genetic Screens</p>\n<p>\n\tFrom Screens to Genes: Modern Mapping Techniques</p>\n<p>\n\tModern <em>Drosophila</em> Developmental Genetics</p>\n<p>\n\tModern Examples of Behavioral Screens</p>\n<p>\n\tReverse Genetics: Customized Mice and Screening</p>\n<p>\n\tReverse Genetics II: Modern Genome Editing (TALENs and Crisprs)</p>\n<p>\n\tHard Core Chemists Embrace Genetics: Chemical Genetics</p>\n<p>\n\tBeyond the Modern Menagerie: Functional Genetics in Any Species</p>\n<p>\n\tHard Core Neuroscience Embraces Genetics: Optogenetics.</p>\n","ModuleInstanceRestriction":"","ModuleInstanceSubjectCollection":{"ModuleInstanceSubject":["Developmental Biology","Genetics","Neuroscience"]},"ModuleDeliveryCollection":{"ModuleDelivery":[{"ModuleDeliveryIdentifier":"149A6FD073F411E89A86FAE8722E8321","LevelOfStudy":"Undergraduate","ModuleDeliveryPeriod":{"PeriodCode":"T2","PeriodTitle":"Term 2"},"AcademicLevel":{"AcademicLevelCode":"L7","AcademicLevelTitle":"FHEQ Level 7"},"ModuleDeliveryType":"","ModeOfStudy":"Face-to-face","ModuleDeliveryTutor":{"PersonIdentifier":"JRIHE66","Name":"Jason Mark Rihel","Email":""},"PreviousYearStudentCount":"2","NumberOfStudents":"2","ModuleDeliveryLocation":{"LocationIdentifier":"","LocationName":""},"ModuleDeliveryAssessment":{"AssessmentGroupCollection":{"@DefaultAssessmentGroup":"NULL","AssessmentGroup":[{"AssessmentGroupCode":"NULL","AssessmentGroupName":"","AssessmentComponentList":{"AssessmentComponent":[{"AssessmentComponentTitle":"Coursework two (1,800 words)","AssessmentComponentWeightPercentage":"35"},{"AssessmentComponentTitle":"Coursework three","AssessmentComponentWeightPercentage":"15"},{"AssessmentComponentTitle":"Coursework one (3,000 words)","AssessmentComponentWeightPercentage":"50"}]}},{"AssessmentGroupCode":"A","AssessmentGroupName":"","AssessmentComponentList":{"AssessmentComponent":[{"AssessmentComponentTitle":"Coursework three","AssessmentComponentWeightPercentage":"15"},{"AssessmentComponentTitle":"Coursework two (1,800 words)","AssessmentComponentWeightPercentage":"35"},{"AssessmentComponentTitle":"Coursework one (3,000 words)","AssessmentComponentWeightPercentage":"50"}]}}]}}},{"ModuleDeliveryIdentifier":"1484408473F411E89A86FAE8722E8321","LevelOfStudy":"Postgraduate","ModuleDeliveryPeriod":{"PeriodCode":"T2","PeriodTitle":"Term 2"},"AcademicLevel":{"AcademicLevelCode":"L7","AcademicLevelTitle":"FHEQ Level 7"},"ModuleDeliveryType":"","ModeOfStudy":"Face-to-face","ModuleDeliveryTutor":{"PersonIdentifier":"JRIHE66","Name":"Jason Mark Rihel","Email":""},"PreviousYearStudentCount":"2","NumberOfStudents":"2","ModuleDeliveryLocation":{"LocationIdentifier":"","LocationName":""},"ModuleDeliveryAssessment":{"AssessmentGroupCollection":{"@DefaultAssessmentGroup":"NULL","AssessmentGroup":[{"AssessmentGroupCode":"NULL","AssessmentGroupName":"","AssessmentComponentList":{"AssessmentComponent":[{"AssessmentComponentTitle":"Coursework two (1,800 words)","AssessmentComponentWeightPercentage":"35"},{"AssessmentComponentTitle":"Coursework three","AssessmentComponentWeightPercentage":"15"},{"AssessmentComponentTitle":"Coursework one (3,000 words)","AssessmentComponentWeightPercentage":"50"}]}},{"AssessmentGroupCode":"A","AssessmentGroupName":"","AssessmentComponentList":{"AssessmentComponent":[{"AssessmentComponentTitle":"Coursework three","AssessmentComponentWeightPercentage":"15"},{"AssessmentComponentTitle":"Coursework two (1,800 words)","AssessmentComponentWeightPercentage":"35"},{"AssessmentComponentTitle":"Coursework one (3,000 words)","AssessmentComponentWeightPercentage":"50"}]}}]}}},{"ModuleDeliveryIdentifier":"146F924C73F411E89A86FAE8722E8321","LevelOfStudy":"Undergraduate","ModuleDeliveryPeriod":{"PeriodCode":"T2","PeriodTitle":"Term 2"},"AcademicLevel":{"AcademicLevelCode":"L6","AcademicLevelTitle":"FHEQ Level 6"},"ModuleDeliveryType":"","ModeOfStudy":"Face-to-face","ModuleDeliveryTutor":{"PersonIdentifier":"JRIHE66","Name":"Jason Mark Rihel","Email":""},"PreviousYearStudentCount":"20","NumberOfStudents":"20","ModuleDeliveryLocation":{"LocationIdentifier":"","LocationName":""},"ModuleDeliveryAssessment":{"AssessmentGroupCollection":{"@DefaultAssessmentGroup":"NULL","AssessmentGroup":[{"AssessmentGroupCode":"NULL","AssessmentGroupName":"","AssessmentComponentList":{"AssessmentComponent":[{"AssessmentComponentTitle":"Coursework two (1,800 words)","AssessmentComponentWeightPercentage":"35"},{"AssessmentComponentTitle":"Coursework three","AssessmentComponentWeightPercentage":"15"},{"AssessmentComponentTitle":"Coursework one (3,000 words)","AssessmentComponentWeightPercentage":"50"}]}},{"AssessmentGroupCode":"A","AssessmentGroupName":"","AssessmentComponentList":{"AssessmentComponent":[{"AssessmentComponentTitle":"Coursework three","AssessmentComponentWeightPercentage":"15"},{"AssessmentComponentTitle":"Coursework two (1,800 words)","AssessmentComponentWeightPercentage":"35"},{"AssessmentComponentTitle":"Coursework one (3,000 words)","AssessmentComponentWeightPercentage":"50"}]}}]}}}]}}}}}