{"Response":{"Module":{"ModuleCode":"MECH0062","ModuleIdentifier":"1489924873F711E89A86FAE8722E8321","ModuleTitle":"Electrical Machines and Power Electronic Drives","ModuleContact":{"Faculty":{"FacultyCode":"ENG","FacultyName":"Faculty of Engineering Sciences"},"Department":{"DepartmentCode":"MECHN_ENG","DepartmentName":"Mechanical Engineering"}},"ModuleValue":"15","ModuleStudyHours":"150","ModuleLearningHours":"44","ModuleSearchKeywords":"","Email":"mecheng.pg-queries@ucl.ac.uk","ModuleSuperGroup":"Electrical Machines and Power Electronic Drives","CEFRLevel":"","ModuleInstance":{"AcademicYearCode":"2019","AcademicYearDescription":"2019/20 academic  year","ModuleInstanceDescription":"<p>\n\t<strong>Overview:</strong></p>\n<p>\n\tThis module provides students with&nbsp;detailed knowledge of the operation of electrical&nbsp;machines, an understanding of their design&nbsp;methodologies and experience of using analytical&nbsp;methods in performance analysis. Students will gain an appreciation of the wide and diverse role in which electrical machines and power electronic systems are used; an understanding of design methods for electro-mechanical system design; and an understanding of the mathematical algorithms upon which such tools computer simulation methods are based.</p>\n<p>\n\tThe module&nbsp;covers single-phase, multi-phase, DC&nbsp;and super-conducting machines and will include&nbsp;electro-magnetic and permanent magnet, field windings and reluctance designs. The power electronic drives section of the module covers variable speed drives and power conversion equipment.</p>\n<p>\n\tThe module strives to keep abreast of the state of the art and provide students with the tools to understand these and appreciate advances in technology and control that are influencing future designs. Students are exposed to the benefits of various electrical machine arrangements electric drive systems as being used in transport which is used as part of their group project work in other modules, or in ships the recent growth in electrical propulsion.</p>\n<p>\n\t<strong>Topics covered:</strong></p>\n<p>\n\tTopics covered in this module include:</p>\n<p>\n\tElectrical Machines</p>\n<ul>\n\t<li>\n\t\tFundamentals</li>\n\t<li>\n\t\tTypes of electrical machines and their uses</li>\n\t<li>\n\t\tAnalysis and design methods</li>\n\t<li>\n\t\tApplications</li>\n</ul>\n<p>\n\tPower Electronic Drives</p>\n<ul>\n\t<li>\n\t\tCircuit elements</li>\n\t<li>\n\t\tCircuits</li>\n\t<li>\n\t\tControl and performance</li>\n\t<li>\n\t\tApplications</li>\n</ul>\n<p>\n\t<strong>Learning outcomes:</strong></p>\n<p>\n\tUpon completion of this module students will be able to:</p>\n<ul>\n\t<li>\n\t\tAppreciate the range of electrical machines and power electronic systems and understand why different designs are being used in different applications.</li>\n\t<li>\n\t\tAppreciate power electronic devices used in the control of different motors and generators and understand how these devices are used together to make a range of different drive systems.</li>\n\t<li>\n\t\tAnalyse constant and variable speed electrical drive systems so as to calculate key parameters such as torque, speed, efficiency, and power under steady-state and transient conditions.</li>\n\t<li>\n\t\tUse computer based simulation tools to analyse electrical machine and power electronic system behaviour with an understanding of the mathematical algorithms upon which such tools are based.</li>\n\t<li>\n\t\tUnderstand the &lsquo;state of the art&rsquo; in electrical machines and power electronic systems and appreciate advanced materials and topologies that are influencing future designs.</li>\n</ul>\n<p>\n\t&nbsp;</p>\n","ModuleInstanceRestriction":"Mathematics to second year undergraduate level to include complex number theory, ordinary differential equations linear, non-linear 1st order and linear 2nd order homogenous with constant coefficients.\n\nElectricity at first year undergraduate level to include basic theory and circuit analysis i.e. Kirchoff¿s Laws, Ohm¿s Law, Faraday¿s law, Thevenin equivalent circuits, single-phase and dc circuit analysis.","ModuleInstanceSubjectCollection":{"ModuleInstanceSubject":["Electrical Power Systems","Mechanical Engineering"]},"ModuleDeliveryCollection":{"ModuleDelivery":[{"ModuleDeliveryIdentifier":"14AEEE4473F711E89A86FAE8722E8321","LevelOfStudy":"Undergraduate","ModuleDeliveryPeriod":{"PeriodCode":"T1/2","PeriodTitle":"Terms 1 and 2"},"AcademicLevel":{"AcademicLevelCode":"L7","AcademicLevelTitle":"FHEQ Level 7"},"ModuleDeliveryType":"","ModeOfStudy":"Face-to-face","ModuleDeliveryTutor":{"PersonIdentifier":"RBUCK26","Name":"Richard William Gordon Bucknall","Email":""},"PreviousYearStudentCount":"15","NumberOfStudents":"15","ModuleDeliveryLocation":{"LocationIdentifier":"","LocationName":""},"ModuleDeliveryAssessment":{"AssessmentGroupCollection":{"@DefaultAssessmentGroup":"NULL","AssessmentGroup":[{"AssessmentGroupCode":"NULL","AssessmentGroupName":"","AssessmentComponentList":{"AssessmentComponent":[{"AssessmentComponentTitle":"Coursework two (1,800 words)","AssessmentComponentWeightPercentage":"35"},{"AssessmentComponentTitle":"Coursework three","AssessmentComponentWeightPercentage":"15"},{"AssessmentComponentTitle":"Coursework one (3,000 words)","AssessmentComponentWeightPercentage":"50"}]}},{"AssessmentGroupCode":"A","AssessmentGroupName":"","AssessmentComponentList":{"AssessmentComponent":[{"AssessmentComponentTitle":"Coursework three","AssessmentComponentWeightPercentage":"15"},{"AssessmentComponentTitle":"Coursework two (1,800 words)","AssessmentComponentWeightPercentage":"35"},{"AssessmentComponentTitle":"Coursework one (3,000 words)","AssessmentComponentWeightPercentage":"50"}]}}]}}},{"ModuleDeliveryIdentifier":"149856D473F711E89A86FAE8722E8321","LevelOfStudy":"Postgraduate","ModuleDeliveryPeriod":{"PeriodCode":"T1/2","PeriodTitle":"Terms 1 and 2"},"AcademicLevel":{"AcademicLevelCode":"L7","AcademicLevelTitle":"FHEQ Level 7"},"ModuleDeliveryType":"","ModeOfStudy":"Face-to-face","ModuleDeliveryTutor":{"PersonIdentifier":"RBUCK26","Name":"Richard William Gordon Bucknall","Email":""},"PreviousYearStudentCount":"45","NumberOfStudents":"45","ModuleDeliveryLocation":{"LocationIdentifier":"","LocationName":""},"ModuleDeliveryAssessment":{"AssessmentGroupCollection":{"@DefaultAssessmentGroup":"NULL","AssessmentGroup":[{"AssessmentGroupCode":"NULL","AssessmentGroupName":"","AssessmentComponentList":{"AssessmentComponent":[{"AssessmentComponentTitle":"Coursework two (1,800 words)","AssessmentComponentWeightPercentage":"35"},{"AssessmentComponentTitle":"Coursework three","AssessmentComponentWeightPercentage":"15"},{"AssessmentComponentTitle":"Coursework one (3,000 words)","AssessmentComponentWeightPercentage":"50"}]}},{"AssessmentGroupCode":"A","AssessmentGroupName":"","AssessmentComponentList":{"AssessmentComponent":[{"AssessmentComponentTitle":"Coursework three","AssessmentComponentWeightPercentage":"15"},{"AssessmentComponentTitle":"Coursework two (1,800 words)","AssessmentComponentWeightPercentage":"35"},{"AssessmentComponentTitle":"Coursework one (3,000 words)","AssessmentComponentWeightPercentage":"50"}]}}]}}}]}}}}}