{"Response":{"Module":{"ModuleCode":"CELL0014","ModuleIdentifier":"14AFFB3473F411E89A86FAE8722E8321","ModuleTitle":"Dynamic Biological Systems","ModuleContact":{"Faculty":{"FacultyCode":"LIF","FacultyName":"Faculty of Life Sciences"},"Department":{"DepartmentCode":"BIOSC_LIF","DepartmentName":"Division of Biosciences"}},"ModuleValue":"15","ModuleStudyHours":"150","ModuleLearningHours":"80","ModuleSearchKeywords":"COMPUTATIONAL BIOLOGY, SYSTEMS BIOLOGY, SYNTHETIC BIOLOGY, PYTHON,COMPUTER PROGRAMMING","Email":"philip.lewis@ucl.ac.uk","ModuleSuperGroup":"","CEFRLevel":"","ModuleInstance":{"AcademicYearCode":"2019","AcademicYearDescription":"2019/20 academic  year","ModuleInstanceDescription":"<p>\n\tAll biological interactions, whether they take place at a molecular, organism or ecosystem scale, are part of complex dynamical systems. &nbsp;Understanding the behaviour of these systems lies at the heart of many key challenges in biological research. &nbsp;In this module you will have the opportunity to develop and investigate mathematical models of biological systems, and will learn techniques to construct, implement and analyse interaction networks using the Python programming language.</p>\n<p>\n\tTopics studied include models of ecosystems, disease dynamics and gene regulation.</p>\n<p>\n\tUpon successful completion of this module, students will:</p>\n<ul>\n\t<li>\n\t\tBe able to understand Python code and write their own computer programs.</li>\n\t<li>\n\t\tUnderstand the uses of modelling in biology with reference to examples drawn across the spectrum of bioscience research.</li>\n\t<li>\n\t\tUnderstand how biological models can be constructed using the principles of mass action and enzymatic kinetics.</li>\n\t<li>\n\t\tBe able to use Python libraries to run simulation of biological models.</li>\n\t<li>\n\t\tHave developed skills to investigate models including use of steady state analysis, parameter scans and phase space analysis.</li>\n\t<li>\n\t\tUnderstand techniques for developing and working with spatial models.</li>\n\t<li>\n\t\tUnderstand how stochastic models can be used to model systems in which random processes play an important role, and how to interpret and analyse the results obtained.</li>\n</ul>\n<p>\n\tThe module is aimed at students with a Biosciences background. &nbsp;Little or no programming experience is required, although if the module is oversubscribed marks in computational modules may be taken into account. &nbsp;A -level Maths or equivalent is desirable. &nbsp;Before the module starts students are expected to work through preparatory materials during Term 1 that revise some relevant maths and to work through an introduction to Python programming.</p>\n","ModuleInstanceRestriction":"Available for students in years 3 and 4. Class size is limited to 35 students, chosen on the basis of their average mark for all the previous year¿s modules.  Some preference will be given to students who have good marks in Computational Biology. \n\nTo study this module A -level Maths or equivalent is desirable.  The module lectures runs in Term 2.\nBefore the module starts students are expected to work through some preparatory materials during Term 1 that revise some relevant mathematics, and to work through an introduction to Python programming. \n","ModuleInstanceSubjectCollection":{"ModuleInstanceSubject":["Computational Biology","Synthetic Biology"]},"ModuleDeliveryCollection":{"ModuleDelivery":[{"ModuleDeliveryIdentifier":"14BE06AC73F411E89A86FAE8722E8321","LevelOfStudy":"Undergraduate","ModuleDeliveryPeriod":{"PeriodCode":"T2","PeriodTitle":"Term 2"},"AcademicLevel":{"AcademicLevelCode":"L6","AcademicLevelTitle":"FHEQ Level 6"},"ModuleDeliveryType":"","ModeOfStudy":"Face-to-face","ModuleDeliveryTutor":{"PersonIdentifier":"PLEWI54","Name":"Philip William Lewis","Email":""},"PreviousYearStudentCount":"31","NumberOfStudents":"31","ModuleDeliveryLocation":{"LocationIdentifier":"","LocationName":""},"ModuleDeliveryAssessment":{"AssessmentGroupCollection":{"@DefaultAssessmentGroup":"NULL","AssessmentGroup":[{"AssessmentGroupCode":"NULL","AssessmentGroupName":"","AssessmentComponentList":{"AssessmentComponent":[{"AssessmentComponentTitle":"Coursework two (1,800 words)","AssessmentComponentWeightPercentage":"35"},{"AssessmentComponentTitle":"Coursework three","AssessmentComponentWeightPercentage":"15"},{"AssessmentComponentTitle":"Coursework one (3,000 words)","AssessmentComponentWeightPercentage":"50"}]}},{"AssessmentGroupCode":"A","AssessmentGroupName":"","AssessmentComponentList":{"AssessmentComponent":[{"AssessmentComponentTitle":"Coursework three","AssessmentComponentWeightPercentage":"15"},{"AssessmentComponentTitle":"Coursework two (1,800 words)","AssessmentComponentWeightPercentage":"35"},{"AssessmentComponentTitle":"Coursework one (3,000 words)","AssessmentComponentWeightPercentage":"50"}]}}]}}},{"ModuleDeliveryIdentifier":"14EA0CA273F411E89A86FAE8722E8321","LevelOfStudy":"Undergraduate","ModuleDeliveryPeriod":{"PeriodCode":"T2","PeriodTitle":"Term 2"},"AcademicLevel":{"AcademicLevelCode":"L7","AcademicLevelTitle":"FHEQ Level 7"},"ModuleDeliveryType":"","ModeOfStudy":"Face-to-face","ModuleDeliveryTutor":{"PersonIdentifier":"PLEWI54","Name":"Philip William Lewis","Email":""},"PreviousYearStudentCount":"6","NumberOfStudents":"6","ModuleDeliveryLocation":{"LocationIdentifier":"","LocationName":""},"ModuleDeliveryAssessment":{"AssessmentGroupCollection":{"@DefaultAssessmentGroup":"NULL","AssessmentGroup":[{"AssessmentGroupCode":"NULL","AssessmentGroupName":"","AssessmentComponentList":{"AssessmentComponent":[{"AssessmentComponentTitle":"Coursework two (1,800 words)","AssessmentComponentWeightPercentage":"35"},{"AssessmentComponentTitle":"Coursework three","AssessmentComponentWeightPercentage":"15"},{"AssessmentComponentTitle":"Coursework one (3,000 words)","AssessmentComponentWeightPercentage":"50"}]}},{"AssessmentGroupCode":"A","AssessmentGroupName":"","AssessmentComponentList":{"AssessmentComponent":[{"AssessmentComponentTitle":"Coursework three","AssessmentComponentWeightPercentage":"15"},{"AssessmentComponentTitle":"Coursework two (1,800 words)","AssessmentComponentWeightPercentage":"35"},{"AssessmentComponentTitle":"Coursework one (3,000 words)","AssessmentComponentWeightPercentage":"50"}]}}]}}},{"ModuleDeliveryIdentifier":"14D37A2873F411E89A86FAE8722E8321","LevelOfStudy":"Postgraduate","ModuleDeliveryPeriod":{"PeriodCode":"T2","PeriodTitle":"Term 2"},"AcademicLevel":{"AcademicLevelCode":"L7","AcademicLevelTitle":"FHEQ Level 7"},"ModuleDeliveryType":"","ModeOfStudy":"Face-to-face","ModuleDeliveryTutor":{"PersonIdentifier":"PLEWI54","Name":"Philip William Lewis","Email":""},"PreviousYearStudentCount":"1","NumberOfStudents":"1","ModuleDeliveryLocation":{"LocationIdentifier":"","LocationName":""},"ModuleDeliveryAssessment":{"AssessmentGroupCollection":{"@DefaultAssessmentGroup":"NULL","AssessmentGroup":[{"AssessmentGroupCode":"NULL","AssessmentGroupName":"","AssessmentComponentList":{"AssessmentComponent":[{"AssessmentComponentTitle":"Coursework two (1,800 words)","AssessmentComponentWeightPercentage":"35"},{"AssessmentComponentTitle":"Coursework three","AssessmentComponentWeightPercentage":"15"},{"AssessmentComponentTitle":"Coursework one (3,000 words)","AssessmentComponentWeightPercentage":"50"}]}},{"AssessmentGroupCode":"A","AssessmentGroupName":"","AssessmentComponentList":{"AssessmentComponent":[{"AssessmentComponentTitle":"Coursework three","AssessmentComponentWeightPercentage":"15"},{"AssessmentComponentTitle":"Coursework two (1,800 words)","AssessmentComponentWeightPercentage":"35"},{"AssessmentComponentTitle":"Coursework one (3,000 words)","AssessmentComponentWeightPercentage":"50"}]}}]}}}]}}}}}