{"Response":{"Module":{"ModuleCode":"CELL0015","ModuleIdentifier":"14FEB79C73F411E89A86FAE8722E8321","ModuleTitle":"Mitochondrial Biology, Bioenergetics and Metabolism in Human Disease","ModuleContact":{"Faculty":{"FacultyCode":"LIF","FacultyName":"Faculty of Life Sciences"},"Department":{"DepartmentCode":"BIOSC_LIF","DepartmentName":"Division of Biosciences"}},"ModuleValue":"15","ModuleStudyHours":"150","ModuleLearningHours":"40","ModuleSearchKeywords":"MITOCHONDRIA, MTDNA, NEURODEGENERATIVE DISEASE, CANCER, CARDIOVASCULAR DISEASE, METABOLIC SYNDROME","Email":"m.duchen@ucl.ac.uk; g.szabadkai@ucl.ac.uk","ModuleSuperGroup":"","CEFRLevel":"","ModuleInstance":{"AcademicYearCode":"2019","AcademicYearDescription":"2019/20 academic  year","ModuleInstanceDescription":"<p>\n\tMitochondrial dysfunction has emerged as a key mechanism in the pathophysiology of a wide range of diseases, presenting novel therapeutic targets. Therefore, understanding fundamental mechanisms that regulate mitochondrial metabolism is likely to prove invaluable in the medicine of the future. In this module, we will therefore explore the basic mechanisms that regulate mitochondrial metabolism in health and the roles of mitochondrial dysfunction in human disease, ranging through metabolic syndrome, neurodegenerative and neurological disease, cancer and primary mitochondrial genetic disease. The module will include lectures, technical workshops in the lab and journal clubs. It will suit students in their final BSc year and on Masters programmes.</p>\n<p>\n\tThis module will establish firm foundations for understanding core processes and pathways that dictate cellular energy balance, and explore their roles in health and in disease. &nbsp;It should provide solid foundations for progression into postgraduate research either in Academia or Industry. &nbsp;The module will provide a basis for understanding essential aspects of mitochondrial bioenergetics and cell biology, including quality control pathways of autophagy, biogenesis, fission, fusion and trafficking. &nbsp;We will explore pathways of cell death in detail. &nbsp;The module will include a technical component to ensure that students understand how measurements are made and interpreted, including opportunities for hands-on demonstrations of major technical approaches in metabolic studies.</p>\n<p>\n\tStudents will develop a systematic understanding of knowledge and current problems/insights relating to mitochondrial biology and metabolic dysfunction in human disease. &nbsp;Critical thinking skills will be developed in terms of evaluating strategies and research data. &nbsp;Students will develop independent learning skills, original problem-solving abilities and written presentation skills.</p>\n<p>\n\tThis module is an option for students on Biosciences and Natural Sciences programmes, and may be taken as an elective by students (including affiliate students) on other degree programmes. &nbsp;A strong background in Biochemistry/Cell Biology is required.</p>\n<p>\n\t<strong>Indicative lecture topics </strong>&ndash; based on module content in 2018/19</p>\n<ul>\n\t<li>\n\t\tMitochondria and the origins of the eukaryotic cell</li>\n\t<li>\n\t\tEnergy transformations in mitochondria: Redox balance and oxidative phosphorylation</li>\n\t<li>\n\t\tMitochondrial quality control pathways 1: trafficking, fission and fusion&nbsp;</li>\n\t<li>\n\t\tMitochondrial quality control pathways 2: Biogenesis, autophagy</li>\n\t<li>\n\t\tBasic principles of free radical biology: mitochondria as sources and targets</li>\n\t<li>\n\t\tmtDNA 1: replication, regulation and maintenance</li>\n\t<li>\n\t\tmtDNA 2: mutations and human disease and mitochondrial protein handling</li>\n\t<li>\n\t\tNuclear encoded mitochondrial mutations and human disease</li>\n\t<li>\n\t\tMitochondrial cell death pathways 1: Apoptosis</li>\n\t<li>\n\t\tMitochondrial calcium signalling and cell death pathways 2: Necrosis and PTP</li>\n\t<li>\n\t\tMitochondrial cell death pathways 3: Intermediary pathways to cell death</li>\n\t<li>\n\t\tMitochondria and cancer 1: Cell death pathways and cancer</li>\n\t<li>\n\t\tMitochondria and cancer 2: Metabolic pathways and cancer</li>\n\t<li>\n\t\tMitochondria and sepsis</li>\n\t<li>\n\t\tMitochondria and ischaemia 1: Stroke</li>\n\t<li>\n\t\tMitochondria and ischaemia 2: Ischaemic heart disease</li>\n\t<li>\n\t\tMitochondrial dysfunction and neurodegenerative/neurological disease</li>\n\t<li>\n\t\tAre mitochondria involved in ageing?</li>\n\t<li>\n\t\tDiabetes</li>\n\t<li>\n\t\tMitochondria, the evolution of the sexes, uniparental inheritance, the germline and influences on fertility followed by wrap-up and exam advice.</li>\n</ul>\n","ModuleInstanceRestriction":"","ModuleInstanceSubjectCollection":{"ModuleInstanceSubject":["Bioenergetics and Metabolism","Biology","Cancer Biology","Cell Biology"]},"ModuleDeliveryCollection":{"ModuleDelivery":[{"ModuleDeliveryIdentifier":"15217F3473F411E89A86FAE8722E8321","LevelOfStudy":"Postgraduate","ModuleDeliveryPeriod":{"PeriodCode":"T2","PeriodTitle":"Term 2"},"AcademicLevel":{"AcademicLevelCode":"L7","AcademicLevelTitle":"FHEQ Level 7"},"ModuleDeliveryType":"","ModeOfStudy":"Face-to-face","ModuleDeliveryTutor":{"PersonIdentifier":"MRDUC42","Name":"Michael Roland Duchen","Email":""},"PreviousYearStudentCount":"2","NumberOfStudents":"2","ModuleDeliveryLocation":{"LocationIdentifier":"","LocationName":""},"ModuleDeliveryAssessment":{"AssessmentGroupCollection":{"@DefaultAssessmentGroup":"NULL","AssessmentGroup":[{"AssessmentGroupCode":"NULL","AssessmentGroupName":"","AssessmentComponentList":{"AssessmentComponent":[{"AssessmentComponentTitle":"Coursework two (1,800 words)","AssessmentComponentWeightPercentage":"35"},{"AssessmentComponentTitle":"Coursework three","AssessmentComponentWeightPercentage":"15"},{"AssessmentComponentTitle":"Coursework one (3,000 words)","AssessmentComponentWeightPercentage":"50"}]}},{"AssessmentGroupCode":"A","AssessmentGroupName":"","AssessmentComponentList":{"AssessmentComponent":[{"AssessmentComponentTitle":"Coursework three","AssessmentComponentWeightPercentage":"15"},{"AssessmentComponentTitle":"Coursework two (1,800 words)","AssessmentComponentWeightPercentage":"35"},{"AssessmentComponentTitle":"Coursework one (3,000 words)","AssessmentComponentWeightPercentage":"50"}]}}]}}},{"ModuleDeliveryIdentifier":"150C9AA673F411E89A86FAE8722E8321","LevelOfStudy":"Undergraduate","ModuleDeliveryPeriod":{"PeriodCode":"T2","PeriodTitle":"Term 2"},"AcademicLevel":{"AcademicLevelCode":"L6","AcademicLevelTitle":"FHEQ Level 6"},"ModuleDeliveryType":"","ModeOfStudy":"Face-to-face","ModuleDeliveryTutor":{"PersonIdentifier":"MRDUC42","Name":"Michael Roland Duchen","Email":""},"PreviousYearStudentCount":"18","NumberOfStudents":"18","ModuleDeliveryLocation":{"LocationIdentifier":"","LocationName":""},"ModuleDeliveryAssessment":{"AssessmentGroupCollection":{"@DefaultAssessmentGroup":"NULL","AssessmentGroup":[{"AssessmentGroupCode":"NULL","AssessmentGroupName":"","AssessmentComponentList":{"AssessmentComponent":[{"AssessmentComponentTitle":"Coursework two (1,800 words)","AssessmentComponentWeightPercentage":"35"},{"AssessmentComponentTitle":"Coursework three","AssessmentComponentWeightPercentage":"15"},{"AssessmentComponentTitle":"Coursework one (3,000 words)","AssessmentComponentWeightPercentage":"50"}]}},{"AssessmentGroupCode":"A","AssessmentGroupName":"","AssessmentComponentList":{"AssessmentComponent":[{"AssessmentComponentTitle":"Coursework three","AssessmentComponentWeightPercentage":"15"},{"AssessmentComponentTitle":"Coursework two (1,800 words)","AssessmentComponentWeightPercentage":"35"},{"AssessmentComponentTitle":"Coursework one (3,000 words)","AssessmentComponentWeightPercentage":"50"}]}}]}}}]}}}}}