{"Response":{"Module":{"ModuleCode":"MECH0065","ModuleIdentifier":"15235BF873F711E89A86FAE8722E8321","ModuleTitle":"MSc Individual Project (75 Credits)","ModuleContact":{"Faculty":{"FacultyCode":"ENG","FacultyName":"Faculty of Engineering Sciences"},"Department":{"DepartmentCode":"MECHN_ENG","DepartmentName":"Mechanical Engineering"}},"ModuleValue":"75","ModuleStudyHours":"750","ModuleLearningHours":"10","ModuleSearchKeywords":"INDIVIDUAL PROJECT","Email":"mecheng.pg-queries@ucl.ac.uk","ModuleSuperGroup":"","CEFRLevel":"","ModuleInstance":{"AcademicYearCode":"2019","AcademicYearDescription":"2019/20 academic  year","ModuleInstanceDescription":"<p>\n\t<strong>Overview:</strong></p>\n<p>\n\tThe individual project aims to develop independent research and project management skills and to improve technical writing and critical analysis ability. Students conduct an individual piece of research over an extended period of time and produce a coherent body of work to a deadline.</p>\n<p>\n\tGuidance is provided by an academic supervisor but it is expected that the work and effort is driven and managed by the student.&nbsp;The practical and experimental skills learnt are dependent upon the type of project chosen.</p>\n<p>\n\tThe individual project may cover any subject so long as it contains sufficient academic content and is relevant to mechanical engineering. Projects may be practical or theoretical. The project topic is usually selected by the student from a list of projects suggested by members of academic staff. Students may suggest their own project topic subject to the approval of the MSc Programme Director and&nbsp;provided a member of staff is willing to adopt and supervise that project.</p>\n<p>\n\t<strong>Learning outcomes:</strong></p>\n<p>\n\tThis module involves a major research project: planning, monitoring progress and adapting the plan to the changing situation are necessary skills.</p>\n<p>\n\tThe individual project forms a significant personal work load requiring well developed self-study and independent learning skills.&nbsp; Students are required to produce a work plan and this is reviewed at monthly intervals with the project supervisor.</p>\n<p>\n\tStudents are expected to exercise initiative and take ownership of the project.</p>\n<p>\n\tStudents are expected to actively learn new theories, concepts and methods as part of their research project as this typically involves an in depth investigation of an engineering topic. The purpose of the individual project is to achieve this knowledge in the specialist area of the project.&nbsp; Critical analysis is seen as a key component of the thesis.&nbsp; Research projects frequently take the student beyond just their own discipline.</p>\n<p>\n\t&nbsp;</p>\n","ModuleInstanceRestriction":"Only available to students enrolled on MSc Mechanical Engineering and MSc Power Systems Engineering","ModuleInstanceSubjectCollection":{"ModuleInstanceSubject":"Mechanical Engineering"},"ModuleDeliveryCollection":{"ModuleDelivery":{"ModuleDeliveryIdentifier":"1532931673F711E89A86FAE8722E8321","LevelOfStudy":"Postgraduate","ModuleDeliveryPeriod":{"PeriodCode":"YEAR","PeriodTitle":"Calendar Year"},"AcademicLevel":{"AcademicLevelCode":"L7","AcademicLevelTitle":"FHEQ Level 7"},"ModuleDeliveryType":"","ModeOfStudy":"Face-to-face","ModuleDeliveryTutor":{"PersonIdentifier":"EMUKP74","Name":"Ema Muk-Pavic","Email":""},"PreviousYearStudentCount":"80","NumberOfStudents":"80","ModuleDeliveryLocation":{"LocationIdentifier":"","LocationName":""},"ModuleDeliveryAssessment":{"AssessmentGroupCollection":{"@DefaultAssessmentGroup":"NULL","AssessmentGroup":[{"AssessmentGroupCode":"NULL","AssessmentGroupName":"","AssessmentComponentList":{"AssessmentComponent":[{"AssessmentComponentTitle":"Coursework two (1,800 words)","AssessmentComponentWeightPercentage":"35"},{"AssessmentComponentTitle":"Coursework three","AssessmentComponentWeightPercentage":"15"},{"AssessmentComponentTitle":"Coursework one (3,000 words)","AssessmentComponentWeightPercentage":"50"}]}},{"AssessmentGroupCode":"A","AssessmentGroupName":"","AssessmentComponentList":{"AssessmentComponent":[{"AssessmentComponentTitle":"Coursework three","AssessmentComponentWeightPercentage":"15"},{"AssessmentComponentTitle":"Coursework two (1,800 words)","AssessmentComponentWeightPercentage":"35"},{"AssessmentComponentTitle":"Coursework one (3,000 words)","AssessmentComponentWeightPercentage":"50"}]}}]}}}}}}}}