{"Response":{"Module":{"ModuleCode":"CELL0016","ModuleIdentifier":"1536879E73F411E89A86FAE8722E8321","ModuleTitle":"Advanced Molecular Cell Biology","ModuleContact":{"Faculty":{"FacultyCode":"LIF","FacultyName":"Faculty of Life Sciences"},"Department":{"DepartmentCode":"BIOSC_LIF","DepartmentName":"Division of Biosciences"}},"ModuleValue":"15","ModuleStudyHours":"150","ModuleLearningHours":"35","ModuleSearchKeywords":"GENE EXPRESSION, CELL BIOLOGY, MOLECULAR BIOLOGY, DEVELOPMENTAL BIOLOGY","Email":"","ModuleSuperGroup":"","CEFRLevel":"","ModuleInstance":{"AcademicYearCode":"2019","AcademicYearDescription":"2019/20 academic  year","ModuleInstanceDescription":"<p>\n\tThis module concentrates on the key questions and state-of-the-art techniques in modern cell biology. &nbsp;As the lecturers are active researchers in their fields they can provide students with not just background information but also cutting-edge research and primary knowledge of these.</p>\n<p>\n\tThere will be a particular emphasis on modern imaging approaches and techniques allowing the monitoring of the dynamics of cellular processes. &nbsp;Contributors include experts in the rapidly growing disciplines of super-resolution microscopy, membrane and cytoskeletal dynamics, and imaging of gene expression in living cells. &nbsp;The module will also provide an understanding of how key topics in modern cell biology relate to research questions in the field and related disease conditions.</p>\n<p>\n\tLive Cell Imaging is a key tool in modern cell biology, and a firm understanding of imaging techniques, advantages and limitations is essential. &nbsp;We therefore have a lecture on imaging techniques followed by imaging practicals on confocal microscopes; each student attends on session &ndash; in a small group so that everyone gets the chance to drive a confocal microscope and generate multicolour images of cells themselves. &nbsp;This should help with laboratory research projects as well as the understanding of images in research papers. &nbsp;The assignment for the imaging practical comprises capturing a high-resolution image, and writing this up to explain what you did to acquire the image, and the concepts behind these steps.</p>\n<p>\n\tThe coursework essay is in the style of a <em>Nature</em> &ldquo;News and Views&quot; article or <em>Cell</em> Mini Review. &nbsp;The lecturers will suggest recent key papers in their field and you will critically evaluate your chosen paper within the context of the broader field, which will have been covered lectures.</p>\n<p>\n\tThis module is an option for students on Biosciences and Natural Sciences programmes, and may be taken as an elective module by students (including affiliate students) on other degree programmes. A strong background in Cell Biology, although enthusiastic students from physics and chemistry will also be considered.</p>\n<p>\n\t<strong>Indicative lecture topics </strong>&ndash; based on module content in 2018/19</p>\n<p>\n\tIntroduction to the module and &ldquo;Doing a PhD&rdquo;</p>\n<p>\n\tActin cytoskeleton dynamics</p>\n<p>\n\tRegulation of cell division</p>\n<p>\n\tRegulation and function of cell shape</p>\n<p>\n\tCell ageing in physiology and disease</p>\n<p>\n\tCell cycle control and DNA damage</p>\n<p>\n\tTraining cell behaviour using light- circadian rhythms</p>\n<p>\n\tChromatin Dynamics</p>\n<p>\n\tNuclear Organisation</p>\n<p>\n\tNon-coding RNA in health and disease</p>\n<p>\n\tSingle cell gene expression</p>\n<p>\n\tViral cell biology</p>\n<p>\n\tMembrane dynamics</p>\n<p>\n\tSuper-resolution microscopy</p>\n<p>\n\tConfocal microscopy.</p>\n","ModuleInstanceRestriction":"Available for students in Year 3.  The module is capped at a total of 48 (taking into account the prerequisites).  Requires a good understanding of Cell Biology, although enthusiastic students from physics and chemistry will also be considered.  For UG students a good mark in a Cell Biology module (CELL0009, CELL0010, or CELL0011) would be advantageous.  The imaging practical will consist of capturing a high-resolution image, then writing this up to explain what you did to acquire the image, and the concepts behind these steps","ModuleInstanceSubjectCollection":{"ModuleInstanceSubject":["Developmental Biology","Molecular Biology","Biology","Cell Biology"]},"ModuleDeliveryCollection":{"ModuleDelivery":[{"ModuleDeliveryIdentifier":"1570CA3A73F411E89A86FAE8722E8321","LevelOfStudy":"Undergraduate","ModuleDeliveryPeriod":{"PeriodCode":"T1","PeriodTitle":"Term 1"},"AcademicLevel":{"AcademicLevelCode":"L7","AcademicLevelTitle":"FHEQ Level 7"},"ModuleDeliveryType":"","ModeOfStudy":"Face-to-face","ModuleDeliveryTutor":{"PersonIdentifier":"JRCHU69","Name":"Jonathan Robert Chubb","Email":""},"PreviousYearStudentCount":"3","NumberOfStudents":"3","ModuleDeliveryLocation":{"LocationIdentifier":"","LocationName":""},"ModuleDeliveryAssessment":{"AssessmentGroupCollection":{"@DefaultAssessmentGroup":"NULL","AssessmentGroup":[{"AssessmentGroupCode":"NULL","AssessmentGroupName":"","AssessmentComponentList":{"AssessmentComponent":[{"AssessmentComponentTitle":"Coursework two (1,800 words)","AssessmentComponentWeightPercentage":"35"},{"AssessmentComponentTitle":"Coursework three","AssessmentComponentWeightPercentage":"15"},{"AssessmentComponentTitle":"Coursework one (3,000 words)","AssessmentComponentWeightPercentage":"50"}]}},{"AssessmentGroupCode":"A","AssessmentGroupName":"","AssessmentComponentList":{"AssessmentComponent":[{"AssessmentComponentTitle":"Coursework three","AssessmentComponentWeightPercentage":"15"},{"AssessmentComponentTitle":"Coursework two (1,800 words)","AssessmentComponentWeightPercentage":"35"},{"AssessmentComponentTitle":"Coursework one (3,000 words)","AssessmentComponentWeightPercentage":"50"}]}}]}}},{"ModuleDeliveryIdentifier":"15599EA073F411E89A86FAE8722E8321","LevelOfStudy":"Postgraduate","ModuleDeliveryPeriod":{"PeriodCode":"T1","PeriodTitle":"Term 1"},"AcademicLevel":{"AcademicLevelCode":"L7","AcademicLevelTitle":"FHEQ Level 7"},"ModuleDeliveryType":"","ModeOfStudy":"Face-to-face","ModuleDeliveryTutor":{"PersonIdentifier":"JRCHU69","Name":"Jonathan Robert Chubb","Email":""},"PreviousYearStudentCount":"1","NumberOfStudents":"1","ModuleDeliveryLocation":{"LocationIdentifier":"","LocationName":""},"ModuleDeliveryAssessment":{"AssessmentGroupCollection":{"@DefaultAssessmentGroup":"NULL","AssessmentGroup":[{"AssessmentGroupCode":"NULL","AssessmentGroupName":"","AssessmentComponentList":{"AssessmentComponent":[{"AssessmentComponentTitle":"Coursework two (1,800 words)","AssessmentComponentWeightPercentage":"35"},{"AssessmentComponentTitle":"Coursework three","AssessmentComponentWeightPercentage":"15"},{"AssessmentComponentTitle":"Coursework one (3,000 words)","AssessmentComponentWeightPercentage":"50"}]}},{"AssessmentGroupCode":"A","AssessmentGroupName":"","AssessmentComponentList":{"AssessmentComponent":[{"AssessmentComponentTitle":"Coursework three","AssessmentComponentWeightPercentage":"15"},{"AssessmentComponentTitle":"Coursework two (1,800 words)","AssessmentComponentWeightPercentage":"35"},{"AssessmentComponentTitle":"Coursework one (3,000 words)","AssessmentComponentWeightPercentage":"50"}]}}]}}},{"ModuleDeliveryIdentifier":"154472AA73F411E89A86FAE8722E8321","LevelOfStudy":"Undergraduate","ModuleDeliveryPeriod":{"PeriodCode":"T1","PeriodTitle":"Term 1"},"AcademicLevel":{"AcademicLevelCode":"L6","AcademicLevelTitle":"FHEQ Level 6"},"ModuleDeliveryType":"","ModeOfStudy":"Face-to-face","ModuleDeliveryTutor":{"PersonIdentifier":"JRCHU69","Name":"Jonathan Robert Chubb","Email":""},"PreviousYearStudentCount":"44","NumberOfStudents":"44","ModuleDeliveryLocation":{"LocationIdentifier":"","LocationName":""},"ModuleDeliveryAssessment":{"AssessmentGroupCollection":{"@DefaultAssessmentGroup":"NULL","AssessmentGroup":[{"AssessmentGroupCode":"NULL","AssessmentGroupName":"","AssessmentComponentList":{"AssessmentComponent":[{"AssessmentComponentTitle":"Coursework two (1,800 words)","AssessmentComponentWeightPercentage":"35"},{"AssessmentComponentTitle":"Coursework three","AssessmentComponentWeightPercentage":"15"},{"AssessmentComponentTitle":"Coursework one (3,000 words)","AssessmentComponentWeightPercentage":"50"}]}},{"AssessmentGroupCode":"A","AssessmentGroupName":"","AssessmentComponentList":{"AssessmentComponent":[{"AssessmentComponentTitle":"Coursework three","AssessmentComponentWeightPercentage":"15"},{"AssessmentComponentTitle":"Coursework two (1,800 words)","AssessmentComponentWeightPercentage":"35"},{"AssessmentComponentTitle":"Coursework one (3,000 words)","AssessmentComponentWeightPercentage":"50"}]}}]}}}]}}}}}