{"Response":{"Module":{"ModuleCode":"MECH0066","ModuleIdentifier":"154A3BCE73F711E89A86FAE8722E8321","ModuleTitle":"Ship Dynamics","ModuleContact":{"Faculty":{"FacultyCode":"ENG","FacultyName":"Faculty of Engineering Sciences"},"Department":{"DepartmentCode":"MECHN_ENG","DepartmentName":"Mechanical Engineering"}},"ModuleValue":"30","ModuleStudyHours":"300","ModuleLearningHours":"80","ModuleSearchKeywords":"WAVE LOADS, SHIP DYNAMICS, SEAKEEPING, VIBRATION","Email":"mecheng.pg-queries@ucl.ac.uk","ModuleSuperGroup":"","CEFRLevel":"","ModuleInstance":{"AcademicYearCode":"2019","AcademicYearDescription":"2019/20 academic  year","ModuleInstanceDescription":"<p>\n\t<strong>Overview:</strong></p>\n<p>\n\tThis module is an advanced course in ship dynamics covering the analysis methods available for ship stability and trim, the response of ships and offshore structures to waves (seakeeping), describing waves as both regular and irregular processes and methods to analyse the structural dynamics of marine vehicles.</p>\n<p>\n\tThe aim of the module is to give students an advanced theoretical grounding in one of the fundamental analytical discipline fields of Naval Architecture and Ocean Engineering.</p>\n<p>\n\t<strong>Topics covered:</strong></p>\n<ul>\n\t<li>\n\t\tHydrostatics and Stability</li>\n\t<li>\n\t\tOcean Waves and Random Processes</li>\n\t<li>\n\t\tSeakeeping</li>\n\t<li>\n\t\tShip Vibrations (Theory)</li>\n\t<li>\n\t\tShip Vibrations (Practice)</li>\n</ul>\n<p>\n\t<strong>Learning outcomes:</strong></p>\n<p>\n\tUpon completion of this module students will be able to:</p>\n<p>\n\tHydrostatics &amp; Stability:</p>\n<ul>\n\t<li>\n\t\tCalculate hydrostatic data for any floating structure and predict the influence of geometric parameters on a vessel&rsquo;s stability characteristics.</li>\n\t<li>\n\t\tInterpret a vessel&rsquo;s response to any loading condition from lever and moment curves.</li>\n\t<li>\n\t\tCalculate and assess a vessel&rsquo;s damage stability response.</li>\n\t<li>\n\t\tUndertake an inclining experiment according to industry best practice.</li>\n</ul>\n<p>\n\tOcean Waves &amp; Random Processes:</p>\n<ul>\n\t<li>\n\t\tDescribe the fundamental principles of ocean wave theories and random processes relating to waves and vessel motions.</li>\n\t<li>\n\t\tCalculate the characteristics and behaviour of regular ocean waves and apply techniques to predict and characterise the ocean irregular wave environment.</li>\n\t<li>\n\t\tUse probabilistic techniques to determine the probability of occurrence of wave and ship motion events.</li>\n\t<li>\n\t\tDescribe the concepts and processes of seakeeping analysis in the design process, ship motion model experiments and ship hydroelasticity.</li>\n</ul>\n<p>\n\t&nbsp;Seakeeping:</p>\n<ul>\n\t<li>\n\t\tApply techniques to predict the roll, pitch and heave motion of a vessel travelling in regular waves and irregular waves and understand the physical mechanism of various design/operational options for motion control and reduction.</li>\n\t<li>\n\t\tUnderstand the concepts of dynamic stability, motion characters including linear response for resonance, parametric rolling, drift/sum frequency/difference frequency motions.</li>\n</ul>\n<p>\n\tShip Vibrations (Theory &amp; Practice):</p>\n<ul>\n\t<li>\n\t\tCalculate the dynamic response of vibrating single-degree-of-freedom (SDOF) systems and multi-degree-of-freedom (MDOF) systems.</li>\n\t<li>\n\t\tCalculate the natural frequency of continuous systems using Rayleigh&rsquo;s method.</li>\n\t<li>\n\t\tCalculate the natural frequencies and mode shapes of continuous systems using simple beam theory and calculate the forced vibration response of these systems.</li>\n\t<li>\n\t\tDescribe the limitations of vibration analysis based on simple beam theory. Describe higher order beam theory and when this is most applicable.</li>\n\t<li>\n\t\tDescribe the various forms of, issues with &amp; sources of ship vibrations, and implications for ship design.</li>\n\t<li>\n\t\tDescribe the sources and effects of mechanical system vibrations and outline limits/regulations/treatment methods for airborne noise.</li>\n\t<li>\n\t\tConduct a vibration assessment of shipborne structure.</li>\n</ul>\n<p>\n\t&nbsp;</p>\n","ModuleInstanceRestriction":"","ModuleInstanceSubjectCollection":{"ModuleInstanceSubject":["Marine Engineering","Mechanical Engineering","Naval Architecture"]},"ModuleDeliveryCollection":{"ModuleDelivery":[{"ModuleDeliveryIdentifier":"156F2C8673F711E89A86FAE8722E8321","LevelOfStudy":"Undergraduate","ModuleDeliveryPeriod":{"PeriodCode":"T1/2","PeriodTitle":"Terms 1 and 2"},"AcademicLevel":{"AcademicLevelCode":"L7","AcademicLevelTitle":"FHEQ Level 7"},"ModuleDeliveryType":"","ModeOfStudy":"Face-to-face","ModuleDeliveryTutor":{"PersonIdentifier":"GTHOM34","Name":"Giles Anthony Thomas","Email":""},"PreviousYearStudentCount":"5","NumberOfStudents":"5","ModuleDeliveryLocation":{"LocationIdentifier":"","LocationName":""},"ModuleDeliveryAssessment":{"AssessmentGroupCollection":{"@DefaultAssessmentGroup":"NULL","AssessmentGroup":[{"AssessmentGroupCode":"NULL","AssessmentGroupName":"","AssessmentComponentList":{"AssessmentComponent":[{"AssessmentComponentTitle":"Coursework two (1,800 words)","AssessmentComponentWeightPercentage":"35"},{"AssessmentComponentTitle":"Coursework three","AssessmentComponentWeightPercentage":"15"},{"AssessmentComponentTitle":"Coursework one (3,000 words)","AssessmentComponentWeightPercentage":"50"}]}},{"AssessmentGroupCode":"A","AssessmentGroupName":"","AssessmentComponentList":{"AssessmentComponent":[{"AssessmentComponentTitle":"Coursework three","AssessmentComponentWeightPercentage":"15"},{"AssessmentComponentTitle":"Coursework two (1,800 words)","AssessmentComponentWeightPercentage":"35"},{"AssessmentComponentTitle":"Coursework one (3,000 words)","AssessmentComponentWeightPercentage":"50"}]}}]}}},{"ModuleDeliveryIdentifier":"155948B273F711E89A86FAE8722E8321","LevelOfStudy":"Postgraduate","ModuleDeliveryPeriod":{"PeriodCode":"T1/2","PeriodTitle":"Terms 1 and 2"},"AcademicLevel":{"AcademicLevelCode":"L7","AcademicLevelTitle":"FHEQ Level 7"},"ModuleDeliveryType":"","ModeOfStudy":"Face-to-face","ModuleDeliveryTutor":{"PersonIdentifier":"GTHOM34","Name":"Giles Anthony Thomas","Email":""},"PreviousYearStudentCount":"15","NumberOfStudents":"15","ModuleDeliveryLocation":{"LocationIdentifier":"","LocationName":""},"ModuleDeliveryAssessment":{"AssessmentGroupCollection":{"@DefaultAssessmentGroup":"NULL","AssessmentGroup":[{"AssessmentGroupCode":"NULL","AssessmentGroupName":"","AssessmentComponentList":{"AssessmentComponent":[{"AssessmentComponentTitle":"Coursework two (1,800 words)","AssessmentComponentWeightPercentage":"35"},{"AssessmentComponentTitle":"Coursework three","AssessmentComponentWeightPercentage":"15"},{"AssessmentComponentTitle":"Coursework one (3,000 words)","AssessmentComponentWeightPercentage":"50"}]}},{"AssessmentGroupCode":"A","AssessmentGroupName":"","AssessmentComponentList":{"AssessmentComponent":[{"AssessmentComponentTitle":"Coursework three","AssessmentComponentWeightPercentage":"15"},{"AssessmentComponentTitle":"Coursework two (1,800 words)","AssessmentComponentWeightPercentage":"35"},{"AssessmentComponentTitle":"Coursework one (3,000 words)","AssessmentComponentWeightPercentage":"50"}]}}]}}}]}}}}}