{"Response":{"Module":{"ModuleCode":"MECH0067","ModuleIdentifier":"158481EE73F711E89A86FAE8722E8321","ModuleTitle":"Ship Structures","ModuleContact":{"Faculty":{"FacultyCode":"ENG","FacultyName":"Faculty of Engineering Sciences"},"Department":{"DepartmentCode":"MECHN_ENG","DepartmentName":"Mechanical Engineering"}},"ModuleValue":"30","ModuleStudyHours":"300","ModuleLearningHours":"100","ModuleSearchKeywords":"SHIP STRUCTURES, SUBSEA STRUCTURES, STRUCTURAL LOADING, STRUCTURAL SYNTHESIS, HULL GIRDER, GRILLAGE","Email":"mecheng.pg-queries@ucl.ac.uk","ModuleSuperGroup":"","CEFRLevel":"","ModuleInstance":{"AcademicYearCode":"2019","AcademicYearDescription":"2019/20 academic  year","ModuleInstanceDescription":"<p>\n\t<strong>Overview:</strong></p>\n<p>\n\tThis advanced module in surface ship and subsea structural design covers loading, structural synthesis techniques at hull girder and grillage levels, stress analysis and failure modes.</p>\n<p>\n\tThe aim of the module is to give students an advanced theoretical grounding in one of the fundamental analytical discipline fields of Naval Architecture and Ocean Engineering.</p>\n<p>\n\t<strong>Topics covered:</strong></p>\n<ul>\n\t<li>\n\t\tShip Structural Design</li>\n\t<li>\n\t\tFinite Element Analysis</li>\n\t<li>\n\t\tGrillage Synthesis</li>\n\t<li>\n\t\tSubsea Structural Design</li>\n</ul>\n<p>\n\t&nbsp;</p>\n","ModuleInstanceRestriction":"","ModuleInstanceSubjectCollection":{"ModuleInstanceSubject":"Ship design"},"ModuleDeliveryCollection":{"ModuleDelivery":{"ModuleDeliveryIdentifier":"15937F0A73F711E89A86FAE8722E8321","LevelOfStudy":"Postgraduate","ModuleDeliveryPeriod":{"PeriodCode":"T1/2","PeriodTitle":"Terms 1 and 2"},"AcademicLevel":{"AcademicLevelCode":"L7","AcademicLevelTitle":"FHEQ Level 7"},"ModuleDeliveryType":"","ModeOfStudy":"Face-to-face","ModuleDeliveryTutor":{"PersonIdentifier":"NICBR04","Name":"Nick Bradbeer","Email":""},"PreviousYearStudentCount":"15","NumberOfStudents":"15","ModuleDeliveryLocation":{"LocationIdentifier":"","LocationName":""},"ModuleDeliveryAssessment":{"AssessmentGroupCollection":{"@DefaultAssessmentGroup":"NULL","AssessmentGroup":[{"AssessmentGroupCode":"NULL","AssessmentGroupName":"","AssessmentComponentList":{"AssessmentComponent":[{"AssessmentComponentTitle":"Coursework two (1,800 words)","AssessmentComponentWeightPercentage":"35"},{"AssessmentComponentTitle":"Coursework three","AssessmentComponentWeightPercentage":"15"},{"AssessmentComponentTitle":"Coursework one (3,000 words)","AssessmentComponentWeightPercentage":"50"}]}},{"AssessmentGroupCode":"A","AssessmentGroupName":"","AssessmentComponentList":{"AssessmentComponent":[{"AssessmentComponentTitle":"Coursework three","AssessmentComponentWeightPercentage":"15"},{"AssessmentComponentTitle":"Coursework two (1,800 words)","AssessmentComponentWeightPercentage":"35"},{"AssessmentComponentTitle":"Coursework one (3,000 words)","AssessmentComponentWeightPercentage":"50"}]}}]}}}}}}}}