{"Response":{"Module":{"ModuleCode":"CELL0017","ModuleIdentifier":"15858E9873F411E89A86FAE8722E8321","ModuleTitle":"Interdisciplinary Cell Biology","ModuleContact":{"Faculty":{"FacultyCode":"LIF","FacultyName":"Faculty of Life Sciences"},"Department":{"DepartmentCode":"BIOSC_LIF","DepartmentName":"Division of Biosciences"}},"ModuleValue":"15","ModuleStudyHours":"150","ModuleLearningHours":"19","ModuleSearchKeywords":"INTERDISCIPLINARY, CELL, BIOLOGY, CELLULAR, MOLECULAR, BIOSCIENCES, SYNTHETIC BIOLOGY, MECANOBIOLOGY","Email":"julie.pitcher@ucl.ac.uk","ModuleSuperGroup":"","CEFRLevel":"","ModuleInstance":{"AcademicYearCode":"2019","AcademicYearDescription":"2019/20 academic  year","ModuleInstanceDescription":"<p>\n\tThe aim of CELL0017 is to introduce students - with a good grounding in cellular and molecular biology - to the power of cross-disciplinary research. The contribution of chemists, microbiologists, immunologists and physicists to solving cell biological problems will be discussed. The module will build on CELL009, CELL0010 and CELL0011 and supplement and reinforce CELL0016 Advanced Molecular Cell Biology and/or PHOL0008 Cell Signalling in Health and Disease. CELL0017 aims to appeal to students on strong interdisciplinary programmes such as Biomedical Sciences and Natural Sciences, who will be very well placed to appreciate and comprehend the broad remit.</p>\n<p>\n\tThe module is targeted at students on broad or interdisciplinary degree programmes with a wide scientific outlook. &nbsp;The intention is that learners should come to recognize the breadth of modern cell biological research. &nbsp;The module emphasises the relationship between the chemical scale and more complex levels of organisation in cells, and the balance of interactions required for cellular function.&nbsp; It explicitly recognises the different understandings of cell biology in different branches of biosciences, including virology and microbiology in health and disease.</p>\n<p>\n\tThe module will build on the foundation provided by CELL0009/CELL0010/CELL0011 Integrative Cell Biology. &nbsp;It will establish that there are different definitions of &quot;cell biology&quot; depending on the perspective and background of the investigator and the intentions of their research project.</p>\n<p>\n\tThrough consideration of evidence, students will appreciate that molecular and cellular biosciences exist in an environment of hypotheses and uncertainty despite empirical evidence. &nbsp;CELL0017 will provide training in the very broad subject area of molecular cell biology, and provide insight into the roles of different approaches in the field, and the study of different organisms. &nbsp;Training will develop intellectual, numerical, communication, information technology, teamwork, self-management and professional development skills. &nbsp;More specific skills will allow CELL0017 students to appreciate the relationship between genes and proteins, and to be able to analyse, synthesise and summarise information, describing this critically and in an integrative fashion using different lines of subject-specific evidence.</p>\n<p>\n\t&nbsp;</p>\n<p>\n\tStudents should acquire a good broad knowledge of the principles and practice of modern cell biology. They should be able to use this knowledge to enhance their understanding and appreciation of other aspects of molecular life sciences. &nbsp;Students should appreciate that cell biology is a highly interdisciplinary research activity that overlaps, and is inextricably linked with, work in a wide range of physical and biomedical sciences.</p>\n<p>\n\t<strong>Indicative lecture list (based on the timetable for 2018/19)</strong></p>\n<p>\n\tLecture 1: Module introduction and briefing</p>\n<p>\n\tLecture 2: Synthetic biology</p>\n<p>\n\tLecture 3: Origin of life (bacteria and archaea and (eukaryotes)</p>\n<p>\n\tLecture 4: Uncovering hidden information in databases</p>\n<p>\n\tLecture 5: Dementia and heart disease in yeast</p>\n<p>\n\tLecture 6: Model systems and disease state</p>\n<p>\n\tLecture 7: Scarring, fibrosis and mechanobiology 1</p>\n<p>\n\tLecture 8: Scarring, fibrosis and mechanobiology 2</p>\n<p>\n\t[Coursework 1: Invigilated Essay]</p>\n<p>\n\tLecture 9: &quot;What I find cool in Cell Biology&quot;</p>\n<p>\n\tLecture 10: High throughput screening to probe EGFR signalling</p>\n<p>\n\tLecture 11: Visualising immunity and pathogens</p>\n<p>\n\tLecture 12: From imaging to cell biology to patient care</p>\n<p>\n\tLecture 13: Using physics to study cell behaviour 1</p>\n<p>\n\tLecture 14: Using physics to study cell behaviour 2</p>\n<p>\n\tLecture 15: The control of tissue size and shape</p>\n<p>\n\tLecture 16: Modelling epithelia</p>\n<p>\n\tLecture 17: Review, close and feedback on Coursework 1.</p>\n","ModuleInstanceRestriction":"Available for students in Year 3.  The combined class size will be limited to 30 students and if oversubscribed, students may be selected based on their Year 2 marks in CELL0009/CELL0010/CELL0011. The module is intended for students on programmes with a broad scientific basis - for example those on BSc or MSci programmes in Biomedical Sciences, Human Sciences, Natural Sciences and the BASc.","ModuleInstanceSubjectCollection":{"ModuleInstanceSubject":["Microbiology","Molecular Biology","Synthetic Biology","Biology","Cell Biology"]},"ModuleDeliveryCollection":{"ModuleDelivery":{"ModuleDeliveryIdentifier":"15942CDC73F411E89A86FAE8722E8321","LevelOfStudy":"Undergraduate","ModuleDeliveryPeriod":{"PeriodCode":"T1","PeriodTitle":"Term 1"},"AcademicLevel":{"AcademicLevelCode":"L6","AcademicLevelTitle":"FHEQ Level 6"},"ModuleDeliveryType":"","ModeOfStudy":"Face-to-face","ModuleDeliveryTutor":{"PersonIdentifier":"JAPIT74","Name":"Julie Ann Pitcher","Email":""},"PreviousYearStudentCount":"25","NumberOfStudents":"25","ModuleDeliveryLocation":{"LocationIdentifier":"","LocationName":""},"ModuleDeliveryAssessment":{"AssessmentGroupCollection":{"@DefaultAssessmentGroup":"NULL","AssessmentGroup":[{"AssessmentGroupCode":"NULL","AssessmentGroupName":"","AssessmentComponentList":{"AssessmentComponent":[{"AssessmentComponentTitle":"Coursework two (1,800 words)","AssessmentComponentWeightPercentage":"35"},{"AssessmentComponentTitle":"Coursework three","AssessmentComponentWeightPercentage":"15"},{"AssessmentComponentTitle":"Coursework one (3,000 words)","AssessmentComponentWeightPercentage":"50"}]}},{"AssessmentGroupCode":"A","AssessmentGroupName":"","AssessmentComponentList":{"AssessmentComponent":[{"AssessmentComponentTitle":"Coursework three","AssessmentComponentWeightPercentage":"15"},{"AssessmentComponentTitle":"Coursework two (1,800 words)","AssessmentComponentWeightPercentage":"35"},{"AssessmentComponentTitle":"Coursework one (3,000 words)","AssessmentComponentWeightPercentage":"50"}]}}]}}}}}}}}