{"Response":{"Module":{"ModuleCode":"CELL0018","ModuleIdentifier":"15A79E6673F411E89A86FAE8722E8321","ModuleTitle":"Research Techniques in Cell Biology","ModuleContact":{"Faculty":{"FacultyCode":"LIF","FacultyName":"Faculty of Life Sciences"},"Department":{"DepartmentCode":"BIOSC_LIF","DepartmentName":"Division of Biosciences"}},"ModuleValue":"15","ModuleStudyHours":"150","ModuleLearningHours":"28","ModuleSearchKeywords":"CELL BIOLOGY, RESEARCH TECHNIQUES, RESEARCH SEMINARS, TUTORIALS","Email":"julie.pitcher@ucl.ac.uk","ModuleSuperGroup":"","CEFRLevel":"","ModuleInstance":{"AcademicYearCode":"2019","AcademicYearDescription":"2019/20 academic  year","ModuleInstanceDescription":"<p>\n\t&lsquo;Research Techniques in Cell Biology&rsquo; is a mandatory 15-credit module for MSci Cell Biology students (in Year 4).&nbsp; The purpose of the module is to supply students with skills required for the transition from an undergraduate to a postgraduate research environment. In particular the module aims to expose students to a wide range of current research questions in cell biology via seminars from internal (UCL) and external speakers, and to cutting edge techniques in cell biology via a tutorial series and skills exchange workshops. The module is assessed by two pieces of coursework (see Assessment Patterns) and has no final exam.</p>\n<p>\n\tStudents attend one of either the weekly internal seminars that take place in CDB OR in the LMCB. &nbsp;In addition, attendance at external cell biology seminars in CDB and the LMCB is compulsory. &nbsp;A tutorial series on cutting-edge techniques in cell biology will be coupled with lab visits to explore the technology in more detail. &nbsp;Assessment of student performance is via a 1500-word &lsquo;News and Views&rsquo; type report on the content of one of the external seminars and via a 2000-word review of a cell biological technique and its contribution/potential contribution to the field. &nbsp;In addition, the students attend the Skills Exchange Workshop in the LMCB, a post-doc/PhD student led workshop discussing technical issues with new techniques being used in the Division.</p>\n<p>\n\tThe module aims to expose students to primary research in cell biology and to introduce them to cutting-edge techniques in this research field, both within UCL and in the wider scientific community. &nbsp;It is anticipated that this module will play an important role in helping students to decide which areas of science to pursue in their PhDs and beyond.</p>\n<p>\n\tStudents will be given the opportunity to improve their knowledge/understanding of the following areas:</p>\n<p>\n\t1) How research is performed and presented at the highest level;</p>\n<p>\n\t2) How to assess critically the quality of written or orally presented experimental research;</p>\n<p>\n\t3) Novel techniques in cell biology and their potential for the future;</p>\n<p>\n\t4) How to write at a level suitable for publication in a scientific journal;</p>\n<p>\n\t5) Effective use of ICT skills.</p>\n<p>\n\tThe module is compulsory for and restricted to Year 4 students on the MSci Cell Biology.</p>\n<p>\n\t<strong>Indicative tutorial list </strong>based on module content in 2018/19:</p>\n<ul>\n\t<li>\n\t\tIntroduction to CELL0018</li>\n\t<li>\n\t\tHigh Throughput Cell Biology</li>\n\t<li>\n\t\tTour of High Throughput Cell Biology</li>\n\t<li>\n\t\tBioinformatics</li>\n\t<li>\n\t\tSuper Resolution Microscopy</li>\n\t<li>\n\t\tIn vivo Microscopy and Modelling</li>\n\t<li>\n\t\tElectron Microscopy.</li>\n</ul>\n","ModuleInstanceRestriction":"A core (compulsory) module for students in Year 4 of the MSci in Cell Biology.  It is capped at 20 students.  There are no specific module prerequisites.   It is not usually available (either as an optional or elective module) to other students.","ModuleInstanceSubjectCollection":{"ModuleInstanceSubject":"Cell Biology"},"ModuleDeliveryCollection":{"ModuleDelivery":[{"ModuleDeliveryIdentifier":"15CA482673F411E89A86FAE8722E8321","LevelOfStudy":"Undergraduate","ModuleDeliveryPeriod":{"PeriodCode":"T1/2","PeriodTitle":"Terms 1 and 2"},"AcademicLevel":{"AcademicLevelCode":"L7","AcademicLevelTitle":"FHEQ Level 7"},"ModuleDeliveryType":"","ModeOfStudy":"Face-to-face","ModuleDeliveryTutor":{"PersonIdentifier":"JAPIT74","Name":"Julie Ann Pitcher","Email":""},"PreviousYearStudentCount":"16","NumberOfStudents":"16","ModuleDeliveryLocation":{"LocationIdentifier":"","LocationName":""},"ModuleDeliveryAssessment":{"AssessmentGroupCollection":{"@DefaultAssessmentGroup":"NULL","AssessmentGroup":[{"AssessmentGroupCode":"NULL","AssessmentGroupName":"","AssessmentComponentList":{"AssessmentComponent":[{"AssessmentComponentTitle":"Coursework two (1,800 words)","AssessmentComponentWeightPercentage":"35"},{"AssessmentComponentTitle":"Coursework three","AssessmentComponentWeightPercentage":"15"},{"AssessmentComponentTitle":"Coursework one (3,000 words)","AssessmentComponentWeightPercentage":"50"}]}},{"AssessmentGroupCode":"A","AssessmentGroupName":"","AssessmentComponentList":{"AssessmentComponent":[{"AssessmentComponentTitle":"Coursework three","AssessmentComponentWeightPercentage":"15"},{"AssessmentComponentTitle":"Coursework two (1,800 words)","AssessmentComponentWeightPercentage":"35"},{"AssessmentComponentTitle":"Coursework one (3,000 words)","AssessmentComponentWeightPercentage":"50"}]}}]}}},{"ModuleDeliveryIdentifier":"15B5732473F411E89A86FAE8722E8321","LevelOfStudy":"Postgraduate","ModuleDeliveryPeriod":{"PeriodCode":"T1/2","PeriodTitle":"Terms 1 and 2"},"AcademicLevel":{"AcademicLevelCode":"L7","AcademicLevelTitle":"FHEQ Level 7"},"ModuleDeliveryType":"","ModeOfStudy":"Face-to-face","ModuleDeliveryTutor":{"PersonIdentifier":"JAPIT74","Name":"Julie Ann Pitcher","Email":""},"PreviousYearStudentCount":"1","NumberOfStudents":"1","ModuleDeliveryLocation":{"LocationIdentifier":"","LocationName":""},"ModuleDeliveryAssessment":{"AssessmentGroupCollection":{"@DefaultAssessmentGroup":"NULL","AssessmentGroup":[{"AssessmentGroupCode":"NULL","AssessmentGroupName":"","AssessmentComponentList":{"AssessmentComponent":[{"AssessmentComponentTitle":"Coursework two (1,800 words)","AssessmentComponentWeightPercentage":"35"},{"AssessmentComponentTitle":"Coursework three","AssessmentComponentWeightPercentage":"15"},{"AssessmentComponentTitle":"Coursework one (3,000 words)","AssessmentComponentWeightPercentage":"50"}]}},{"AssessmentGroupCode":"A","AssessmentGroupName":"","AssessmentComponentList":{"AssessmentComponent":[{"AssessmentComponentTitle":"Coursework three","AssessmentComponentWeightPercentage":"15"},{"AssessmentComponentTitle":"Coursework two (1,800 words)","AssessmentComponentWeightPercentage":"35"},{"AssessmentComponentTitle":"Coursework one (3,000 words)","AssessmentComponentWeightPercentage":"50"}]}}]}}}]}}}}}