{"Response":{"Module":{"ModuleCode":"MECH0068","ModuleIdentifier":"15A7651073F711E89A86FAE8722E8321","ModuleTitle":"Ship Hydrodynamics","ModuleContact":{"Faculty":{"FacultyCode":"ENG","FacultyName":"Faculty of Engineering Sciences"},"Department":{"DepartmentCode":"MECHN_ENG","DepartmentName":"Mechanical Engineering"}},"ModuleValue":"30","ModuleStudyHours":"300","ModuleLearningHours":"80","ModuleSearchKeywords":"RESISTANCE, HULL PROPELLER INTERACTION, PROPELLER DESIGN, DIRECTIONAL STABILITY, MANOEUVRING","Email":"mecheng.pg-queries@ucl.ac.uk","ModuleSuperGroup":"","CEFRLevel":"","ModuleInstance":{"AcademicYearCode":"2019","AcademicYearDescription":"2019/20 academic  year","ModuleInstanceDescription":"<p>\n\t<strong>Overview:</strong></p>\n<p>\n\tThis advanced module in ship hydrodynamics covers the analysis methods available for estimating ship resistance, hull/propeller interaction effects, and the design of propellers together with methods (both theoretical and empirical) for assessing the directional stability and manoeuvrability of ships.</p>\n<p>\n\t<strong>Topics covered:</strong></p>\n<p>\n\tComputational Fluid Dynamics</p>\n<ul>\n\t<li>\n\t\tNature of flow modelling in the marine environment</li>\n\t<li>\n\t\tPotential flow methods</li>\n\t<li>\n\t\tRepresentation of bodies &ndash; the Surface Panel method</li>\n\t<li>\n\t\tRepresentation of free surface</li>\n\t<li>\n\t\tNavier Stokes equations and their significance</li>\n\t<li>\n\t\tComputer solution techniques</li>\n\t<li>\n\t\tCFD visualisation and validation</li>\n\t<li>\n\t\tCommon applications</li>\n</ul>\n<p>\n\tResistance and Propulsion</p>\n<ul>\n\t<li>\n\t\tPhysics of flow around ship</li>\n\t<li>\n\t\tShip resistance and model testing</li>\n\t<li>\n\t\tResistance prediction from models</li>\n\t<li>\n\t\tResistance prediction without models</li>\n\t<li>\n\t\tAppendage resistance&nbsp;and resistance in restricted&nbsp;waters</li>\n\t<li>\n\t\tPropellor geometry and theories</li>\n\t<li>\n\t\tPropellor characteristics and model testing</li>\n\t<li>\n\t\tHull-propellor interaction</li>\n\t<li>\n\t\tPropellor design and powering prediction</li>\n\t<li>\n\t\tCavitation</li>\n\t<li>\n\t\tEnergy saving devices</li>\n</ul>\n<p>\n\tManoeuvring</p>\n<ul>\n\t<li>\n\t\tGeneral equations of motion</li>\n\t<li>\n\t\tLinearization for analytical treatment</li>\n\t<li>\n\t\tUsing the linearized equations</li>\n\t<li>\n\t\tObtaining hydrodynamic terms for equations</li>\n\t<li>\n\t\tManoeuvring trials</li>\n\t<li>\n\t\tNumerical simulation</li>\n</ul>\n<p>\n\t<strong>Learning outcomes:</strong></p>\n<p>\n\tThe aim of the module is to give students an advanced theoretical grounding in one of the fundamental analytical discipline fields of Naval Architecture and Ocean Engineering.</p>\n<p>\n\t&nbsp;</p>\n","ModuleInstanceRestriction":"","ModuleInstanceSubjectCollection":{"ModuleInstanceSubject":["Marine Engineering","Naval Architecture"]},"ModuleDeliveryCollection":{"ModuleDelivery":[{"ModuleDeliveryIdentifier":"15CCEA7473F711E89A86FAE8722E8321","LevelOfStudy":"Undergraduate","ModuleDeliveryPeriod":{"PeriodCode":"T1/2","PeriodTitle":"Terms 1 and 2"},"AcademicLevel":{"AcademicLevelCode":"L7","AcademicLevelTitle":"FHEQ Level 7"},"ModuleDeliveryType":"","ModeOfStudy":"Face-to-face","ModuleDeliveryTutor":{"PersonIdentifier":"EMUKP74","Name":"Ema Muk-Pavic","Email":""},"PreviousYearStudentCount":"5","NumberOfStudents":"5","ModuleDeliveryLocation":{"LocationIdentifier":"","LocationName":""},"ModuleDeliveryAssessment":{"AssessmentGroupCollection":{"@DefaultAssessmentGroup":"NULL","AssessmentGroup":[{"AssessmentGroupCode":"NULL","AssessmentGroupName":"","AssessmentComponentList":{"AssessmentComponent":[{"AssessmentComponentTitle":"Coursework two (1,800 words)","AssessmentComponentWeightPercentage":"35"},{"AssessmentComponentTitle":"Coursework three","AssessmentComponentWeightPercentage":"15"},{"AssessmentComponentTitle":"Coursework one (3,000 words)","AssessmentComponentWeightPercentage":"50"}]}},{"AssessmentGroupCode":"A","AssessmentGroupName":"","AssessmentComponentList":{"AssessmentComponent":[{"AssessmentComponentTitle":"Coursework three","AssessmentComponentWeightPercentage":"15"},{"AssessmentComponentTitle":"Coursework two (1,800 words)","AssessmentComponentWeightPercentage":"35"},{"AssessmentComponentTitle":"Coursework one (3,000 words)","AssessmentComponentWeightPercentage":"50"}]}}]}}},{"ModuleDeliveryIdentifier":"15B64D3273F711E89A86FAE8722E8321","LevelOfStudy":"Postgraduate","ModuleDeliveryPeriod":{"PeriodCode":"T1/2","PeriodTitle":"Terms 1 and 2"},"AcademicLevel":{"AcademicLevelCode":"L7","AcademicLevelTitle":"FHEQ Level 7"},"ModuleDeliveryType":"","ModeOfStudy":"Face-to-face","ModuleDeliveryTutor":{"PersonIdentifier":"EMUKP74","Name":"Ema Muk-Pavic","Email":""},"PreviousYearStudentCount":"15","NumberOfStudents":"15","ModuleDeliveryLocation":{"LocationIdentifier":"","LocationName":""},"ModuleDeliveryAssessment":{"AssessmentGroupCollection":{"@DefaultAssessmentGroup":"NULL","AssessmentGroup":[{"AssessmentGroupCode":"NULL","AssessmentGroupName":"","AssessmentComponentList":{"AssessmentComponent":[{"AssessmentComponentTitle":"Coursework two (1,800 words)","AssessmentComponentWeightPercentage":"35"},{"AssessmentComponentTitle":"Coursework three","AssessmentComponentWeightPercentage":"15"},{"AssessmentComponentTitle":"Coursework one (3,000 words)","AssessmentComponentWeightPercentage":"50"}]}},{"AssessmentGroupCode":"A","AssessmentGroupName":"","AssessmentComponentList":{"AssessmentComponent":[{"AssessmentComponentTitle":"Coursework three","AssessmentComponentWeightPercentage":"15"},{"AssessmentComponentTitle":"Coursework two (1,800 words)","AssessmentComponentWeightPercentage":"35"},{"AssessmentComponentTitle":"Coursework one (3,000 words)","AssessmentComponentWeightPercentage":"50"}]}}]}}}]}}}}}