{"Response":{"Module":{"ModuleCode":"CELL0019","ModuleIdentifier":"15DF5FB873F411E89A86FAE8722E8321","ModuleTitle":"MSci in Cell Biology - Extended Research Project","ModuleContact":{"Faculty":{"FacultyCode":"LIF","FacultyName":"Faculty of Life Sciences"},"Department":{"DepartmentCode":"BIOSC_LIF","DepartmentName":"Division of Biosciences"}},"ModuleValue":"90","ModuleStudyHours":"900","ModuleLearningHours":"0","ModuleSearchKeywords":"CELL BIOLOGY, DEVELOPMENTAL BIOLOGY, LABORATORY PROJECT","Email":"julie.pitcher@ucl.ac.uk; l.dale@ucl.ac.uk","ModuleSuperGroup":"","CEFRLevel":"","ModuleInstance":{"AcademicYearCode":"2019","AcademicYearDescription":"2019/20 academic  year","ModuleInstanceDescription":"<p>\n\tThe 30-credit module comprises an extended research project for 4<sup>th</sup> year MSci Cell Biology students and is designed to give students a research experience similar to that of a 1<sup>st</sup> year PhD student. &nbsp;It has two streams &ndash; a Developmental and a Molecular Cell Biology stream. &nbsp;Research projects are offered by the research department Cell and Developmental Biology CDB (within the Division of Biosciences) and the Laboratory for Molecular Cell Biology (LMCB). &nbsp;Under supervision, students carry out original research that is assessed via a short project proposal (2,000 words), a short presentation at a lab meeting, a conference presentation and a write-up in the form of a scientific paper (5,000 words).</p>\n<p>\n\tThis module represents a major component of the MSci in Cell Biology. &nbsp;The provision of two experienced tutors &ndash; one for those students undertaking developmental cell biology projects in CDB and for one for those students undertaking molecular cell biology projects within the MRC LMCB ensures a cohesive but specialized approach to placing students in the appropriate research laboratories. &nbsp;Delivery of the project will be through experimental laboratory work and discussions with the supervisor and members of the host laboratory. &nbsp;Wherever possible the 3<sup>rd</sup> library project will have been in same laboratory that the student undertakes their 30-credit research project. &nbsp;Thus students will be familiar with the general scientific area, as well as the members of staff, of the host laboratory before starting their extended research project. &nbsp;The projects are often collaborative, with students having two supervisors.&nbsp; The module aims to give 4<sup>th</sup> year students a realistic experience of research science and to equip them with skills appropriate to obtaining a PhD place.</p>\n<p>\n\tStudents will be given the opportunity to learn how to:</p>\n<p>\n\t1) Design experiments to test specific hypotheses;</p>\n<p>\n\t2) Analyse experimental results using the appropriate statistical techniques;</p>\n<p>\n\t3) Keep effective experimental records;</p>\n<p>\n\t4) Troubleshoot experiments when experiencing technical difficulties;</p>\n<p>\n\t5) Present their research orally to other lab members in lab meetings, and to the wider science community at a student conference;</p>\n<p>\n\t6) Write at a level suitable for publication in a scientific journal.</p>\n","ModuleInstanceRestriction":"This 30-credit research project module is available exclusively to students in Year 4 of the MSci in Cell Biology.","ModuleInstanceSubjectCollection":{"ModuleInstanceSubject":["Developmental Biology","Molecular Biology","Biology","Cell Biology"]},"ModuleDeliveryCollection":{"ModuleDelivery":{"ModuleDeliveryIdentifier":"15ED972C73F411E89A86FAE8722E8321","LevelOfStudy":"Undergraduate","ModuleDeliveryPeriod":{"PeriodCode":"T1/2","PeriodTitle":"Terms 1 and 2"},"AcademicLevel":{"AcademicLevelCode":"L7","AcademicLevelTitle":"FHEQ Level 7"},"ModuleDeliveryType":"","ModeOfStudy":"Face-to-face","ModuleDeliveryTutor":{"PersonIdentifier":"JAPIT74","Name":"Julie Ann Pitcher","Email":""},"PreviousYearStudentCount":"7","NumberOfStudents":"7","ModuleDeliveryLocation":{"LocationIdentifier":"","LocationName":""},"ModuleDeliveryAssessment":{"AssessmentGroupCollection":{"@DefaultAssessmentGroup":"NULL","AssessmentGroup":[{"AssessmentGroupCode":"NULL","AssessmentGroupName":"","AssessmentComponentList":{"AssessmentComponent":[{"AssessmentComponentTitle":"Coursework two (1,800 words)","AssessmentComponentWeightPercentage":"35"},{"AssessmentComponentTitle":"Coursework three","AssessmentComponentWeightPercentage":"15"},{"AssessmentComponentTitle":"Coursework one (3,000 words)","AssessmentComponentWeightPercentage":"50"}]}},{"AssessmentGroupCode":"A","AssessmentGroupName":"","AssessmentComponentList":{"AssessmentComponent":[{"AssessmentComponentTitle":"Coursework three","AssessmentComponentWeightPercentage":"15"},{"AssessmentComponentTitle":"Coursework two (1,800 words)","AssessmentComponentWeightPercentage":"35"},{"AssessmentComponentTitle":"Coursework one (3,000 words)","AssessmentComponentWeightPercentage":"50"}]}}]}}}}}}}}