{"Response":{"Module":{"ModuleCode":"MECH0069","ModuleIdentifier":"15E2D75873F711E89A86FAE8722E8321","ModuleTitle":"Ship Design Exercise for Naval Architects","ModuleContact":{"Faculty":{"FacultyCode":"ENG","FacultyName":"Faculty of Engineering Sciences"},"Department":{"DepartmentCode":"MECHN_ENG","DepartmentName":"Mechanical Engineering"}},"ModuleValue":"45","ModuleStudyHours":"450","ModuleLearningHours":"180","ModuleSearchKeywords":"SHIP DESIGN, GROUP PROJECT","Email":"mecheng.pg-queries@ucl.ac.uk","ModuleSuperGroup":"","CEFRLevel":"","ModuleInstance":{"AcademicYearCode":"2019","AcademicYearDescription":"2019/20 academic  year","ModuleInstanceDescription":"<p>\n\t<strong>Overview:</strong></p>\n<p>\n\tThis module comprises an interdisciplinary Group Design Project supported by a series of lectures/seminars on Project Management, Ship Design, and Naval Architecture. The Design Project is undertaken in small groups of students combining students from the MSc Naval Architecture (MECH0069) and students from the MSc Marine Engineering (MECH0084).</p>\n<p>\n\tStudents design ships from a customer&rsquo;s outline requirements; the ships range from frigates and escort carriers to diving support vessels and cruise ships. Advanced marine vehicles are designed as well as monohulls. The exercise is supervised by the Professor of Naval Architecture and other staff members&nbsp;with particular experience of ship design practice. The design work includes use of a suite of preliminary design computer programs together with a computer aided design systems for ships (PARAMARINE) for the more detailed design work.</p>\n<p>\n\tStudents are issued with outline requirements for the Ship Design Exercise during January. This enables them to start the ship design whilst finishing the formal lecture modules and preparing for their written exams. The students start work full time on their ship design once their written exams are finished towards the end of March. The design exercise then runs until the middle of June.</p>\n<p>\n\tDesign lectures, which support the Ship Design Exercise, are given from the start of the MSc programme in October and run right through to the completion of the exercise in June. These supporting lectures include those from visiting lecturers in the ship design community, as well as attendance at IMarEST Technical Meetings and Symposia.</p>\n<p>\n\t&nbsp;</p>\n","ModuleInstanceRestriction":"This module is normally only taken by students enrolled on the MSc Naval Architecture. However, students with a suitable background will be considered for CPD at the MSc Naval Architecture Programme Director¿s discretion. Candidates taking the module as CPD must have prerequisite knowledge at MSc level in:\n¿\tShip Structures\n¿\tShip Dynamics\n¿\tShip Hydrodynamics\n","ModuleInstanceSubjectCollection":{"ModuleInstanceSubject":["Naval Architecture","Ship design"]},"ModuleDeliveryCollection":{"ModuleDelivery":{"ModuleDeliveryIdentifier":"15F2A16073F711E89A86FAE8722E8321","LevelOfStudy":"Postgraduate","ModuleDeliveryPeriod":{"PeriodCode":"T1/2","PeriodTitle":"Terms 1 and 2"},"AcademicLevel":{"AcademicLevelCode":"L7","AcademicLevelTitle":"FHEQ Level 7"},"ModuleDeliveryType":"","ModeOfStudy":"Face-to-face","ModuleDeliveryTutor":{"PersonIdentifier":"NICBR04","Name":"Nick Bradbeer","Email":""},"PreviousYearStudentCount":"15","NumberOfStudents":"15","ModuleDeliveryLocation":{"LocationIdentifier":"","LocationName":""},"ModuleDeliveryAssessment":{"AssessmentGroupCollection":{"@DefaultAssessmentGroup":"NULL","AssessmentGroup":[{"AssessmentGroupCode":"NULL","AssessmentGroupName":"","AssessmentComponentList":{"AssessmentComponent":[{"AssessmentComponentTitle":"Coursework two (1,800 words)","AssessmentComponentWeightPercentage":"35"},{"AssessmentComponentTitle":"Coursework three","AssessmentComponentWeightPercentage":"15"},{"AssessmentComponentTitle":"Coursework one (3,000 words)","AssessmentComponentWeightPercentage":"50"}]}},{"AssessmentGroupCode":"A","AssessmentGroupName":"","AssessmentComponentList":{"AssessmentComponent":[{"AssessmentComponentTitle":"Coursework three","AssessmentComponentWeightPercentage":"15"},{"AssessmentComponentTitle":"Coursework two (1,800 words)","AssessmentComponentWeightPercentage":"35"},{"AssessmentComponentTitle":"Coursework one (3,000 words)","AssessmentComponentWeightPercentage":"50"}]}}]}}}}}}}}