{"Response":{"Module":{"ModuleCode":"OPHT0036","ModuleIdentifier":"15E3AEDBABD246988758A016909AE66B","ModuleTitle":"Glaucoma","ModuleContact":{"Faculty":{"FacultyCode":"BRN","FacultyName":"Faculty of Brain Sciences"},"Department":{"DepartmentCode":"OPHTH_BRN","DepartmentName":"Institute of Ophthalmology"}},"ModuleValue":"15","ModuleStudyHours":"150","ModuleLearningHours":"0","ModuleSearchKeywords":"GLAUCOMA","Email":"msc.ioo@ucl.ac.uk","ModuleSuperGroup":"","CEFRLevel":"","ModuleInstance":{"AcademicYearCode":"2019","AcademicYearDescription":"2019/20 academic  year","ModuleInstanceDescription":"<p>\n\tThis module is concerned with the aetiological mechanisms of raised intraocular pressure and glaucomatous optic neuropathy and the different tools and techniques that can be used in the diagnosis and monitoring of these conditions. The module covers the practical methods and current evidence base supporting established and evolving treatments, medical, laser and surgical. Primary and secondary disease will be discussed, and the module will cover more common adult diseases as well as more specialized aspects of the diagnosis and management of the disease in the paediatric setting. The epidemiology of the disease will be discussed to put the risks of the disease into context along with the risks of the various management options. This module offers you focused engagement with current clinical and research advancements in this area and provides you with the opportunity to develop your subspecialty knowledge and understanding of glaucoma, and an in depth theoretical and contextual knowledge of the variants and current practice in therapeutic management approaches and processes for glaucoma.</p>\n<p>\n\t&nbsp;</p>\n","ModuleInstanceRestriction":"","ModuleInstanceSubjectCollection":"","ModuleDeliveryCollection":{"ModuleDelivery":{"ModuleDeliveryIdentifier":"94836E0BDC364ACFA43C2083C76072E6","LevelOfStudy":"Postgraduate","ModuleDeliveryPeriod":{"PeriodCode":"T2","PeriodTitle":"Term 2"},"AcademicLevel":{"AcademicLevelCode":"L7","AcademicLevelTitle":"FHEQ Level 7"},"ModuleDeliveryType":"","ModeOfStudy":"Face-to-face","ModuleDeliveryTutor":{"PersonIdentifier":"","Name":"","Email":""},"PreviousYearStudentCount":"","NumberOfStudents":"","ModuleDeliveryLocation":{"LocationIdentifier":"","LocationName":""},"ModuleDeliveryAssessment":{"AssessmentGroupCollection":{"@DefaultAssessmentGroup":"NULL","AssessmentGroup":[{"AssessmentGroupCode":"NULL","AssessmentGroupName":"","AssessmentComponentList":{"AssessmentComponent":[{"AssessmentComponentTitle":"Coursework two (1,800 words)","AssessmentComponentWeightPercentage":"35"},{"AssessmentComponentTitle":"Coursework three","AssessmentComponentWeightPercentage":"15"},{"AssessmentComponentTitle":"Coursework one (3,000 words)","AssessmentComponentWeightPercentage":"50"}]}},{"AssessmentGroupCode":"A","AssessmentGroupName":"","AssessmentComponentList":{"AssessmentComponent":[{"AssessmentComponentTitle":"Coursework three","AssessmentComponentWeightPercentage":"15"},{"AssessmentComponentTitle":"Coursework two (1,800 words)","AssessmentComponentWeightPercentage":"35"},{"AssessmentComponentTitle":"Coursework one (3,000 words)","AssessmentComponentWeightPercentage":"50"}]}}]}}}}}}}}